Date,SP500,MSCI_EM,Russell_2000,MSCI_EAFE,US_10Y,US_2Y,TIP,HighYield_ETF,BBB_Corp,DXY,EUR_USD,JPY_USD,Oil_WTI,Gold,Copper,CRB_Index,VIX,MOVE
2000-01-07,7.460253715515137,21.58867835998535,1441.469970703125,488.30999755859375,6.257460203170785,100.80000305175781,32.45758819580078,38.200191497802734,51.01698303222656,5.21999979019165,32.04999923706055,1.2186946868896484,277.0,0.8889999985694885,105.33000183105469,18.3843994140625,132.35000610351562,21.719999313354492
2000-01-14,7.460253715515137,21.58867835998535,1465.1500244140625,507.55999755859375,6.257460203170785,101.72000122070312,32.45758819580078,38.200191497802734,51.01698303222656,5.25,32.04999923706055,1.2186946868896484,277.0,0.8889999985694885,105.87999725341797,18.3843994140625,132.35000610351562,19.65999984741211
2000-01-21,7.460253715515137,21.58867835998535,1441.3599853515625,533.9400024414062,6.257460203170785,101.76000213623047,32.45758819580078,38.200191497802734,51.01698303222656,5.300000190734863,32.04999923706055,1.2186946868896484,277.0,0.8889999985694885,104.72000122070312,18.3843994140625,132.35000610351562,20.81999969482422
2000-01-28,7.460253715515137,21.58867835998535,1360.1600341796875,504.6199951171875,6.257460203170785,104.4800033569336,32.45758819580078,38.200191497802734,51.01698303222656,5.46999979019165,32.04999923706055,1.2186946868896484,277.0,0.8889999985694885,107.05999755859375,18.3843994140625,132.35000610351562,26.139999389648438
2000-02-04,7.460253715515137,21.58867835998535,1424.3699951171875,525.52001953125,6.257460203170785,104.29000091552734,32.45758819580078,38.200191497802734,51.01698303222656,5.489999771118164,32.04999923706055,1.2186946868896484,277.0,0.8889999985694885,107.18000030517578,18.3843994140625,132.35000610351562,21.540000915527344
2000-02-11,7.460253715515137,21.58867835998535,1387.1199951171875,537.0999755859375,6.257460203170785,104.19000244140625,32.45758819580078,38.200191497802734,51.01698303222656,5.480000019073486,32.04999923706055,1.2186946868896484,277.0,0.8889999985694885,108.80000305175781,18.3843994140625,132.35000610351562,24.420000076293945
2000-02-18,7.460253715515137,21.58867835998535,1346.0899658203125,545.6799926757812,6.257460203170785,104.62999725341797,32.45758819580078,38.200191497802734,51.01698303222656,5.570000171661377,32.04999923706055,1.2186946868896484,277.0,0.8889999985694885,110.8499984741211,18.3843994140625,132.35000610351562,26.0
2000-02-25,7.460253715515137,21.58867835998535,1333.3599853515625,556.739990234375,6.257460203170785,105.26000213623047,32.45758819580078,38.200191497802734,51.01698303222656,5.619999885559082,32.04999923706055,1.2186946868896484,277.0,0.8889999985694885,110.1500015258789,18.3843994140625,132.35000610351562,25.200000762939453
2000-03-03,7.460253715515137,21.58867835998535,1409.1700439453125,597.8800048828125,6.257460203170785,106.0,32.45758819580078,38.200191497802734,51.01698303222656,5.630000114440918,32.04999923706055,1.2186946868896484,277.0,0.8889999985694885,107.68000030517578,18.3843994140625,132.35000610351562,19.209999084472656
2000-03-10,7.460253715515137,21.58867835998535,1395.0699462890625,603.8099975585938,6.257460203170785,105.70999908447266,32.45758819580078,38.200191497802734,51.01698303222656,5.679999828338623,32.04999923706055,1.2186946868896484,277.0,0.8889999985694885,106.22000122070312,18.3843994140625,132.35000610351562,21.239999771118164
2000-03-17,7.460253715515137,21.58867835998535,1464.469970703125,574.77001953125,6.188000202178955,105.19999694824219,32.45758819580078,38.200191497802734,51.01698303222656,5.699999809265137,32.04999923706055,1.2186946868896484,277.0,0.8889999985694885,106.66000366210938,18.3843994140625,132.35000610351562,22.3700008392334
2000-03-24,7.460253715515137,21.58867835998535,1527.4599609375,574.010009765625,6.173999786376953,104.7699966430664,32.45758819580078,38.200191497802734,51.01698303222656,5.71999979019165,32.04999923706055,1.2186946868896484,277.0,0.8889999985694885,106.98999786376953,18.3843994140625,132.35000610351562,23.309999465942383
2000-03-31,7.460253715515137,21.58867835998535,1498.5799560546875,539.0900268554688,6.0229997634887695,105.44000244140625,32.45758819580078,38.200191497802734,51.01698303222656,5.71999979019165,32.04999923706055,1.2186946868896484,277.0,0.8889999985694885,102.95999908447266,18.3843994140625,132.35000610351562,24.110000610351562
2000-04-07,7.460253715515137,21.58867835998535,1516.3499755859375,542.989990234375,5.848999977111816,105.97000122070312,32.45758819580078,38.200191497802734,51.01698303222656,5.710000038146973,32.04999923706055,1.2186946868896484,277.0,0.8889999985694885,105.44999694824219,18.3843994140625,132.35000610351562,24.389999389648438
2000-04-14,7.460253715515137,21.58867835998535,1356.56005859375,453.7200012207031,5.885000228881836,105.75,32.45758819580078,38.200191497802734,51.01698303222656,5.639999866485596,32.04999923706055,1.2186946868896484,277.0,0.8889999985694885,104.76000213623047,18.3843994140625,132.35000610351562,33.4900016784668
2000-04-21,7.460253715515137,21.58867835998535,1434.5400390625,481.8399963378906,5.98799991607666,107.44999694824219,32.45758819580078,38.200191497802734,51.01698303222656,5.619999885559082,32.04999923706055,1.2186946868896484,277.0,0.8889999985694885,105.80000305175781,18.3843994140625,132.35000610351562,25.850000381469727
2000-04-28,7.460253715515137,21.58867835998535,1452.4300537109375,506.25,6.214000225067139,110.13999938964844,32.45758819580078,38.200191497802734,51.01698303222656,5.650000095367432,32.04999923706055,1.2186946868896484,277.0,0.8889999985694885,108.1500015258789,18.3843994140625,132.35000610351562,26.200000762939453
2000-05-05,7.460253715515137,21.58867835998535,1432.6300048828125,512.8400268554688,6.257460203170785,111.30999755859375,32.45758819580078,38.200191497802734,51.01698303222656,5.789999961853027,32.04999923706055,1.2186946868896484,277.0,0.8889999985694885,108.58000183105469,18.3843994140625,132.35000610351562,27.530000686645508
2000-05-12,7.460253715515137,21.58867835998535,1420.9599609375,490.94000244140625,6.257460203170785,109.9000015258789,32.45758819580078,38.200191497802734,51.01698303222656,5.960000038146973,32.04999923706055,1.2186946868896484,277.0,0.8889999985694885,108.31999969482422,18.3843994140625,132.35000610351562,26.049999237060547
2000-05-19,7.460253715515137,21.58867835998535,1406.949951171875,479.70001220703125,6.257460203170785,111.47000122070312,32.45758819580078,38.200191497802734,51.01698303222656,5.699999809265137,32.04999923706055,1.2186946868896484,277.0,0.8889999985694885,106.91000366210938,18.3843994140625,132.35000610351562,25.440000534057617
2000-05-26,7.460253715515137,21.58867835998535,1378.02001953125,457.3699951171875,6.257460203170785,109.12000274658203,32.45758819580078,38.200191497802734,51.01698303222656,5.650000095367432,32.04999923706055,1.2186946868896484,277.0,0.8889999985694885,107.11000061035156,18.3843994140625,132.35000610351562,24.469999313354492
2000-06-02,7.460253715515137,21.58867835998535,1477.260009765625,513.030029296875,6.1479997634887695,108.12000274658203,32.45758819580078,38.200191497802734,51.01698303222656,5.699999809265137,32.04999923706055,1.2186946868896484,277.0,0.8889999985694885,107.94999694824219,18.3843994140625,132.35000610351562,21.479999542236328
2000-06-09,7.460253715515137,21.58867835998535,1456.949951171875,523.0599975585938,6.11299991607666,106.98999786376953,32.45758819580078,38.200191497802734,51.01698303222656,5.75,32.04999923706055,1.2186946868896484,277.0,0.8889999985694885,106.8499984741211,18.3843994140625,132.35000610351562,22.139999389648438
2000-06-16,7.460253715515137,21.58867835998535,1464.4599609375,513.739990234375,5.968999862670898,105.95999908447266,32.45758819580078,38.200191497802734,51.01698303222656,5.639999866485596,32.04999923706055,1.2186946868896484,277.0,0.8889999985694885,106.3499984741211,18.3843994140625,132.35000610351562,20.5
2000-06-23,7.460253715515137,21.58867835998535,1441.47998046875,510.4100036621094,6.177000045776367,108.01000213623047,32.45758819580078,38.200191497802734,51.01698303222656,5.690000057220459,32.04999923706055,1.2186946868896484,277.0,0.8889999985694885,104.61000061035156,18.3843994140625,132.35000610351562,22.34000015258789
2000-06-30,7.460253715515137,21.58867835998535,1454.5999755859375,517.22998046875,6.01800012588501,106.83999633789062,32.45758819580078,38.200191497802734,51.01698303222656,5.699999809265137,32.04999923706055,1.2186946868896484,277.0,0.8889999985694885,106.01000213623047,18.3843994140625,132.35000610351562,19.540000915527344
2000-07-07,7.460253715515137,21.58867835998535,1478.9000244140625,528.219970703125,5.997000217437744,107.6500015258789,32.45758819580078,38.200191497802734,51.01698303222656,5.849999904632568,32.04999923706055,1.2186946868896484,277.0,0.8889999985694885,107.87999725341797,18.3843994140625,132.35000610351562,19.219999313354492
2000-07-14,7.460253715515137,21.58867835998535,1509.97998046875,542.6300048828125,6.093999862670898,108.44999694824219,32.45758819580078,38.200191497802734,51.01698303222656,5.96999979019165,32.04999923706055,1.2186946868896484,277.0,0.8889999985694885,107.80999755859375,18.3843994140625,132.35000610351562,19.31999969482422
2000-07-21,7.460253715515137,21.58867835998535,1480.18994140625,522.7000122070312,6.0,108.41999816894531,32.45758819580078,38.200191497802734,51.01698303222656,5.940000057220459,32.04999923706055,1.2186946868896484,277.0,0.8889999985694885,108.97000122070312,18.3843994140625,132.35000610351562,18.940000534057617
2000-07-28,7.460253715515137,21.58867835998535,1419.8900146484375,490.2200012207031,6.025000095367432,109.73999786376953,32.45758819580078,38.200191497802734,51.01698303222656,6.0,32.04999923706055,1.2186946868896484,277.0,0.8889999985694885,109.62999725341797,18.3843994140625,132.35000610351562,20.84000015258789
2000-08-04,7.460253715515137,21.58867835998535,1462.9300537109375,503.6300048828125,5.901000022888184,110.8499984741211,32.45758819580078,38.200191497802734,51.01698303222656,6.012300086021426,32.04999923706055,1.2186946868896484,277.0,0.8889999985694885,108.58000183105469,18.3843994140625,132.35000610351562,18.6200008392334
2000-08-11,7.460253715515137,21.58867835998535,1471.8399658203125,510.2699890136719,5.7870001792907715,111.20999908447266,32.45758819580078,38.200191497802734,51.01698303222656,6.012300086021426,32.04999923706055,1.2186946868896484,277.0,0.8889999985694885,108.45999908447266,18.3843994140625,132.35000610351562,18.549999237060547
2000-08-18,7.460253715515137,21.58867835998535,1491.719970703125,515.510009765625,5.765999794006348,111.01000213623047,32.45758819580078,38.200191497802734,51.01698303222656,6.012300086021426,32.04999923706055,1.2186946868896484,277.0,0.8889999985694885,108.2699966430664,18.3843994140625,132.35000610351562,17.049999237060547
2000-08-25,7.460253715515137,21.58867835998535,1506.449951171875,525.1099853515625,5.7210001945495605,111.3499984741211,32.45758819580078,38.200191497802734,51.01698303222656,6.012300086021426,32.04999923706055,1.2186946868896484,277.0,0.8889999985694885,106.80000305175781,18.3843994140625,132.35000610351562,16.530000686645508
2000-09-01,7.460253715515137,21.58867835998535,1520.77001953125,541.9099731445312,5.675000190734863,111.41999816894531,32.45758819580078,38.200191497802734,51.01698303222656,6.012300086021426,33.380001068115234,1.2186946868896484,277.0,0.8889999985694885,105.94999694824219,18.3843994140625,132.35000610351562,17.530000686645508
2000-09-08,7.460253715515137,21.58867835998535,1494.5,535.7000122070312,5.723999977111816,114.33999633789062,32.45758819580078,38.200191497802734,51.01698303222656,5.960000038146973,33.70000076293945,1.2186946868896484,273.29998779296875,0.9120000004768372,106.11000061035156,18.3843994140625,132.35000610351562,18.459999084472656
2000-09-15,7.460253715515137,21.58867835998535,1465.81005859375,530.8800048828125,5.833000183105469,115.94000244140625,32.45758819580078,38.200191497802734,51.01698303222656,5.960000038146973,35.849998474121094,1.2186946868896484,272.29998779296875,0.9200000166893005,107.26000213623047,18.3843994140625,132.35000610351562,18.520000457763672
2000-09-22,7.460253715515137,21.58867835998535,1448.719970703125,518.8200073242188,5.828999996185303,113.55999755859375,32.45758819580078,38.200191497802734,51.01698303222656,5.96999979019165,32.650001525878906,1.2186946868896484,271.79998779296875,0.9194999933242798,108.0,18.3843994140625,132.35000610351562,20.739999771118164
2000-09-29,7.460253715515137,21.58867835998535,1436.510009765625,521.3699951171875,5.7779998779296875,113.25,32.45758819580078,38.200191497802734,51.01698303222656,6.012300086021426,30.860000610351562,1.2186946868896484,273.6000061035156,0.9154999852180481,108.12999725341797,18.3843994140625,132.35000610351562,20.56999969482422
2000-10-06,7.460253715515137,21.58867835998535,1408.989990234375,491.0199890136719,5.815999984741211,114.8499984741211,32.45758819580078,38.200191497802734,51.01698303222656,6.012300086021426,30.850000381469727,1.2186946868896484,269.29998779296875,0.9045000076293945,108.7300033569336,18.3843994140625,132.35000610351562,22.709999084472656
2000-10-13,7.460253715515137,21.58867835998535,1374.1700439453125,480.3900146484375,5.715000152587891,115.86000061035156,32.45758819580078,38.200191497802734,51.01698303222656,6.0,35.04999923706055,1.2186946868896484,272.3999938964844,0.8895000219345093,107.69999694824219,18.3843994140625,132.35000610351562,27.600000381469727
2000-10-20,7.460253715515137,21.58867835998535,1396.9300537109375,487.45001220703125,5.636000156402588,117.16000366210938,32.45758819580078,38.200191497802734,51.01698303222656,6.012300086021426,34.29999923706055,1.2186946868896484,271.20001220703125,0.8600000143051147,108.83000183105469,18.3843994140625,132.35000610351562,24.239999771118164
2000-10-27,7.460253715515137,21.58867835998535,1379.5799560546875,479.8500061035156,5.710999965667725,117.38999938964844,32.45758819580078,38.200191497802734,51.01698303222656,6.012300086021426,32.70000076293945,1.2186946868896484,264.4589974975586,0.8414999842643738,108.52999877929688,18.3843994140625,132.35000610351562,26.469999313354492
2000-11-03,7.460253715515137,21.58867835998535,1426.68994140625,507.75,5.803999900817871,114.97000122070312,32.45758819580078,38.200191497802734,51.01698303222656,6.012300086021426,32.599998474121094,1.2186946868896484,264.6000061035156,0.8360000252723694,106.94999694824219,18.3843994140625,132.35000610351562,23.670000076293945
2000-11-10,7.460253715515137,21.58867835998535,1365.97998046875,480.8999938964844,5.795000076293945,115.79000091552734,32.45758819580078,38.200191497802734,51.01698303222656,6.012300086021426,34.09000015258789,1.2186946868896484,264.5,0.8364999890327454,107.83000183105469,18.3843994140625,132.35000610351562,28.530000686645508
2000-11-17,7.460253715515137,21.58867835998535,1367.719970703125,482.6099853515625,5.693999767303467,117.30999755859375,32.45758819580078,38.200191497802734,51.01698303222656,6.012300086021426,35.599998474121094,1.2186946868896484,265.70001220703125,0.8220000267028809,108.77999877929688,18.3843994140625,132.35000610351562,24.809999465942383
2000-11-24,7.460253715515137,21.58867835998535,1341.77001953125,471.8699951171875,5.622000217437744,118.36790191650393,32.45758819580078,38.200191497802734,51.01698303222656,6.012300086021426,35.400001525878906,1.2186946868896484,266.29998779296875,0.8195000290870667,111.2300033569336,18.3843994140625,132.35000610351562,26.0
2000-12-01,7.460253715515137,21.58867835998535,1315.22998046875,456.8399963378906,5.513000011444092,114.7300033569336,32.45758819580078,38.200191497802734,51.01698303222656,6.012300086021426,32.04999923706055,1.2186946868896484,268.70001220703125,0.859499990940094,111.19000244140625,18.3843994140625,132.35000610351562,27.479999542236328
2000-12-08,7.460253715515137,21.58867835998535,1369.8900146484375,479.07000732421875,5.343999862670898,114.05000305175781,32.45758819580078,38.200191497802734,51.01698303222656,5.900000095367432,28.5,1.2186946868896484,272.20001220703125,0.887499988079071,110.9000015258789,18.3843994140625,132.35000610351562,22.40999984741211
2000-12-15,7.460253715515137,21.58867835998535,1312.1500244140625,458.0299987792969,5.176000118255615,112.9000015258789,32.45758819580078,38.200191497802734,51.01698303222656,5.829999923706055,28.850000381469727,1.2186946868896484,270.3999938964844,0.8725000023841858,112.41999816894531,18.3843994140625,132.35000610351562,26.549999237060547
2000-12-22,7.460253715515137,21.58867835998535,1305.949951171875,462.989990234375,5.001999855041504,110.81999969482422,32.45758819580078,38.200191497802734,51.01698303222656,5.119999885559082,26.18000030517578,1.2186946868896484,273.70001220703125,0.8600000143051147,112.80000305175781,18.3843994140625,132.35000610351562,27.549999237060547
2000-12-29,7.460253715515137,21.58867835998535,1320.280029296875,483.5299987792969,5.110000133514404,109.55999755859375,32.45758819580078,38.200191497802734,51.01698303222656,5.730000019073486,26.799999237060547,1.2186946868896484,272.0,0.8464999794960022,114.37999725341797,18.3843994140625,132.35000610351562,26.850000381469727
2001-01-05,7.460253715515137,21.58867835998535,1298.3499755859375,463.1400146484375,4.947999954223633,108.41999816894531,32.45758819580078,38.200191497802734,51.01698303222656,4.96999979019165,28.0,1.2186946868896484,268.0,0.8320000171661377,116.44999694824219,18.3843994140625,132.35000610351562,28.670000076293945
2001-01-12,7.460253715515137,21.58867835998535,1318.550048828125,485.75,5.230000019073486,109.36000061035156,32.45758819580078,38.200191497802734,51.01698303222656,5.130000114440918,30.049999237060547,1.2186946868896484,264.4589974975586,0.8445000052452087,118.47000122070312,18.3843994140625,132.35000610351562,24.559999465942383
2001-01-19,7.460253715515137,21.58867835998535,1342.5400390625,488.0899963378906,5.173999786376953,110.66000366210938,32.45758819580078,38.200191497802734,51.01698303222656,5.090000152587891,32.099998474121094,1.2186946868896484,264.4589974975586,0.8529999852180481,117.12999725341797,18.3843994140625,132.35000610351562,23.239999771118164
2001-01-26,7.460253715515137,21.58867835998535,1354.949951171875,498.67999267578125,5.252999782562256,111.45999908447266,32.45758819580078,38.200191497802734,51.01698303222656,5.03000020980835,29.780000686645508,1.2186946868896484,264.4589974975586,0.8389999866485596,117.31999969482422,18.3843994140625,132.35000610351562,22.56999969482422
2001-02-02,7.460253715515137,21.58867835998535,1349.469970703125,501.5,5.138000011444092,110.31999969482422,32.45758819580078,38.200191497802734,51.01698303222656,4.920000076293945,31.25,1.2186946868896484,267.1000061035156,0.843999981880188,115.62999725341797,18.3843994140625,132.35000610351562,21.950000762939453
2001-02-09,7.460253715515137,21.58867835998535,1314.760009765625,497.04998779296875,5.015999794006348,111.5199966430664,32.45758819580078,38.200191497802734,51.01698303222656,4.909999847412109,31.049999237060547,1.2186946868896484,264.4589974975586,0.8199999928474426,117.5,18.3843994140625,132.35000610351562,22.030000686645508
2001-02-16,7.460253715515137,21.58867835998535,1301.530029296875,499.2799987792969,5.0929999351501465,112.26000213623047,32.45758819580078,38.200191497802734,51.01698303222656,4.880000114440918,29.15999984741211,1.2186946868896484,264.4589974975586,0.824999988079071,115.72000122070312,18.3843994140625,132.35000610351562,22.1200008392334
2001-02-23,7.460253715515137,21.58867835998535,1245.8599853515625,477.45001220703125,5.079999923706055,112.02999877929688,32.45758819580078,38.200191497802734,51.01698303222656,4.75,29.0,1.2186946868896484,264.4589974975586,0.7954999804496765,115.75,18.3843994140625,132.35000610351562,27.209999084472656
2001-03-02,7.460253715515137,21.58867835998535,1234.1800537109375,476.8800048828125,4.942999839782715,111.16999816894531,32.45758819580078,38.200191497802734,51.01698303222656,4.710000038146973,27.84000015258789,1.2186946868896484,264.4589974975586,0.8245000243186951,119.05000305175781,18.3843994140625,132.35000610351562,27.43000030517578
2001-03-09,7.460253715515137,21.58867835998535,1233.4200439453125,473.6499938964844,4.931000232696533,111.44000244140625,32.45758819580078,38.200191497802734,51.01698303222656,4.599999904632568,27.799999237060547,1.2186946868896484,270.79998779296875,0.8259999752044678,119.54000091552734,18.3843994140625,132.35000610351562,25.6200008392334
2001-03-16,7.460253715515137,21.58867835998535,1150.530029296875,441.79998779296875,4.751999855041504,115.31999969482422,32.45758819580078,38.200191497802734,51.01698303222656,4.409999847412109,26.700000762939453,1.2186946868896484,264.4589974975586,0.7835000157356262,122.91999816894531,18.3843994140625,132.35000610351562,29.90999984741211
2001-03-23,7.460253715515137,21.58867835998535,1139.8299560546875,443.2699890136719,4.798999786376953,115.94000244140625,32.45758819580078,38.200191497802734,51.01698303222656,4.170000076293945,27.299999237060547,1.2186946868896484,264.4589974975586,0.7804999947547913,122.83000183105469,18.3843994140625,132.35000610351562,30.450000762939453
2001-03-30,7.460253715515137,21.58867835998535,1160.3299560546875,450.5299987792969,4.914999961853027,117.37000274658203,32.45758819580078,38.200191497802734,51.01698303222656,4.179999828338623,26.399999618530273,1.2186946868896484,264.4589974975586,0.7584999799728394,126.2300033569336,18.3843994140625,132.35000610351562,28.639999389648438
2001-04-06,7.460253715515137,21.58867835998535,1128.4300537109375,434.6600036621094,4.874000072479248,114.75,32.45758819580078,38.200191497802734,51.01698303222656,3.8399999141693115,27.059999465942383,1.2186946868896484,264.4589974975586,0.7459999918937683,123.7300033569336,18.3843994140625,132.35000610351562,31.690000534057617
2001-04-13,7.460253715515137,21.58867835998535,1183.5,455.0199890136719,5.145999908447266,115.54000091552734,32.45758819580078,38.200191497802734,51.01698303222656,3.9000000953674316,28.25,1.2186946868896484,264.4589974975586,0.7639999985694885,123.5,18.3843994140625,132.35000610351562,26.1200008392334
2001-04-20,7.460253715515137,21.58867835998535,1242.97998046875,466.7099914550781,5.263000011444092,114.31999969482422,32.45758819580078,38.200191497802734,51.01698303222656,3.6700000762939453,27.280000686645508,1.2186946868896484,264.79998779296875,0.7735000252723694,122.33000183105469,18.3843994140625,132.35000610351562,25.3799991607666
2001-04-27,7.460253715515137,21.58867835998535,1253.050048828125,483.9700012207031,5.313000202178955,115.62000274658203,32.45758819580078,38.200191497802734,51.01698303222656,3.740000009536743,28.270000457763672,1.2186946868896484,264.4589974975586,0.7590000033378601,124.0199966430664,18.3843994140625,132.35000610351562,24.020000457763672
2001-05-04,7.460253715515137,21.58867835998535,1266.6099853515625,492.8900146484375,5.184000015258789,114.93000030517578,32.45758819580078,38.200191497802734,51.01698303222656,3.640000104904175,28.360000610351562,1.2186946868896484,266.1000061035156,0.7749999761581421,121.27999877929688,18.3843994140625,132.35000610351562,23.90999984741211
2001-05-11,7.460253715515137,21.58867835998535,1245.6700439453125,487.3599853515625,5.484000205993652,116.83999633789062,32.45758819580078,38.200191497802734,51.01698303222656,3.680000066757202,28.549999237060547,1.2186946868896484,267.8999938964844,0.7555000185966492,122.37000274658203,18.3843994140625,132.35000610351562,23.540000915527344
2001-05-18,7.460253715515137,21.58867835998535,1291.9599609375,506.2799987792969,5.390999794006348,116.41000366210938,32.45758819580078,38.200191497802734,51.01698303222656,3.509999990463257,29.90999984741211,1.2186946868896484,287.3999938964844,0.7804999947547913,123.51000213623047,18.3843994140625,132.35000610351562,21.229999542236328
2001-05-25,7.460253715515137,21.58867835998535,1277.8900146484375,508.6199951171875,5.485000133514404,118.18000030517578,32.45758819580078,38.200191497802734,51.01698303222656,3.569999933242798,28.3799991607666,1.2186946868896484,277.8999938964844,0.7860000133514404,120.58999633789062,18.3843994140625,132.35000610351562,20.600000381469727
2001-06-01,7.460253715515137,21.58867835998535,1260.6700439453125,501.7200012207031,5.354000091552734,118.36790191650393,32.45758819580078,38.200191497802734,51.01698303222656,3.5399999618530273,27.93000030517578,1.2186946868896484,266.3999938964844,0.7475000023841858,119.20999908447266,18.3843994140625,132.35000610351562,21.59000015258789
2001-06-08,7.460253715515137,21.58867835998535,1264.9599609375,511.6400146484375,5.333000183105469,118.36790191650393,32.45758819580078,38.200191497802734,51.01698303222656,3.5299999713897705,28.399999618530273,1.2186946868896484,273.3999938964844,0.7275000214576721,120.8499984741211,18.3843994140625,132.35000610351562,19.920000076293945
2001-06-15,7.460253715515137,21.58867835998535,1214.3599853515625,495.1300048828125,5.228000164031982,118.29000091552734,32.45758819580078,38.200191497802734,51.01698303222656,3.430000066757202,28.510000228881836,1.2186946868896484,271.20001220703125,0.7164999842643738,122.87000274658203,18.3843994140625,132.35000610351562,22.809999465942383
2001-06-22,7.460253715515137,21.58867835998535,1225.3499755859375,488.6499938964844,5.124000072479248,118.36790191650393,32.45758819580078,38.200191497802734,51.01698303222656,3.359999895095825,26.829999923706055,1.2186946868896484,272.29998779296875,0.7129999995231628,124.45999908447266,18.3843994140625,132.35000610351562,20.020000457763672
2001-06-29,7.460253715515137,21.58867835998535,1224.3800048828125,512.6400146484375,5.389999866485596,118.36790191650393,32.45758819580078,38.200191497802734,51.01698303222656,3.559999942779541,26.25,1.2186946868896484,270.6000061035156,0.7045000195503235,124.5,18.3843994140625,132.35000610351562,19.059999465942383
2001-07-06,7.460253715515137,21.58867835998535,1190.5899658203125,483.260009765625,5.374000072479248,118.36790191650393,32.45758819580078,38.200191497802734,51.01698303222656,3.5199999809265137,28.209999084472656,1.2186946868896484,265.8999938964844,0.703499972820282,125.81999969482422,18.3843994140625,132.35000610351562,21.6299991607666
2001-07-13,7.460253715515137,21.58867835998535,1215.6800537109375,490.7099914550781,5.234000205993652,118.36790191650393,32.45758819580078,38.200191497802734,51.01698303222656,3.5199999809265137,26.59000015258789,1.2186946868896484,267.1000061035156,0.699999988079071,124.86000061035156,18.3843994140625,132.35000610351562,21.139999389648438
2001-07-20,7.460253715515137,21.58867835998535,1210.8499755859375,487.92999267578125,5.111999988555908,117.20999908447266,32.45758819580078,38.200191497802734,51.01698303222656,3.440000057220459,25.59000015258789,1.2186946868896484,269.8999938964844,0.6940000057220459,122.86000061035156,18.3843994140625,132.35000610351562,22.34000015258789
2001-07-27,7.460253715515137,21.58867835998535,1205.8199462890625,485.010009765625,5.0960001945495605,116.94000244140625,32.45758819580078,38.200191497802734,51.01698303222656,3.4600000381469727,27.020000457763672,1.2186946868896484,267.3999938964844,0.6740000247955322,123.45999908447266,18.3843994140625,132.35000610351562,22.0
2001-08-03,7.460253715515137,21.58867835998535,1214.3499755859375,487.1499938964844,5.158999919891357,116.13999938964844,32.45758819580078,38.200191497802734,51.01698303222656,3.430000066757202,27.6200008392334,1.2186946868896484,267.8999938964844,0.6729999780654907,123.5999984741211,18.3843994140625,132.35000610351562,19.889999389648438
2001-08-10,7.460253715515137,21.58867835998535,1190.1600341796875,475.5199890136719,5.015999794006348,115.29000091552734,32.45758819580078,38.200191497802734,51.01698303222656,3.3499999046325684,28.049999237060547,1.2186946868896484,273.8999938964844,0.6705900090932846,121.94999694824219,18.3843994140625,132.35000610351562,20.549999237060547
2001-08-17,7.460253715515137,21.58867835998535,1161.969970703125,475.6499938964844,4.841000080108643,112.98999786376953,32.45758819580078,38.200191497802734,51.01698303222656,3.2899999618530273,26.6299991607666,1.2186946868896484,279.29998779296875,0.6840000152587891,120.19000244140625,18.3843994140625,132.35000610351562,23.84000015258789
2001-08-24,7.460253715515137,21.58867835998535,1184.9300537109375,480.80999755859375,4.9120001792907715,113.33000183105469,32.45758819580078,38.200191497802734,51.01698303222656,3.3299999237060547,26.899999618530273,1.2186946868896484,272.5,0.6819999814033508,119.9800033569336,18.3843994140625,132.35000610351562,19.709999084472656
2001-08-31,7.460253715515137,21.58867835998535,1133.5799560546875,468.55999755859375,4.815999984741211,113.41999816894531,32.45758819580078,38.200191497802734,51.01698303222656,3.2799999713897705,27.200000762939453,1.2186946868896484,274.3999938964844,0.6784999966621399,118.75,18.3843994140625,132.35000610351562,24.920000076293945
2001-09-07,7.460253715515137,20.370586395263672,1085.780029296875,445.19000244140625,4.796000003814697,114.05000305175781,32.45758819580078,38.200191497802734,51.01698303222656,3.180000066757202,28.030000686645508,1.2186946868896484,273.1000061035156,0.6705900090932846,120.0,18.3843994140625,132.35000610351562,30.989999771118164
2001-09-14,7.460253715515137,20.13734245300293,1092.5400390625,440.7300109863281,4.835000038146973,114.56999969482422,32.45758819580078,38.200191497802734,51.01698303222656,3.180000066757202,29.530000686645508,1.2186946868896484,290.20001220703125,0.6705900090932846,117.31999969482422,18.3843994140625,132.35000610351562,31.84000015258789
2001-09-21,7.460253715515137,17.709796905517578,965.7999877929688,378.8900146484375,4.689000129699707,113.04000091552734,32.45758819580078,38.200191497802734,51.01698303222656,2.200000047683716,25.969999313354492,1.2186946868896484,291.8999938964844,0.6705900090932846,116.58999633789062,18.3843994140625,132.35000610351562,42.65999984741211
2001-09-28,7.460253715515137,19.511882781982422,1040.93994140625,404.8699951171875,4.574999809265137,113.4800033569336,32.45758819580078,38.200191497802734,51.01698303222656,2.299999952316284,23.43000030517578,1.2186946868896484,292.3999938964844,0.6705900090932846,119.4800033569336,18.3843994140625,132.35000610351562,31.93000030517578
2001-10-05,7.460253715515137,19.914514541625977,1071.3800048828125,414.9700012207031,4.504000186920166,112.91000366210938,32.45758819580078,38.200191497802734,51.01698303222656,2.1500000953674316,22.389999389648438,1.2186946868896484,291.3999938964844,0.6705900090932846,120.47000122070312,18.3843994140625,132.35000610351562,33.38999938964844
2001-10-12,7.460253715515137,20.253658294677734,1091.6500244140625,428.5899963378906,4.658999919891357,113.88999938964844,32.45758819580078,38.200191497802734,51.01698303222656,2.190000057220459,22.5,1.2186946868896484,284.8999938964844,0.6705900090932846,121.22000122070312,18.3843994140625,132.35000610351562,35.27000045776367
2001-10-19,7.460253715515137,19.864328384399414,1073.47998046875,425.70001220703125,4.599999904632568,114.86000061035156,32.45758819580078,38.200191497802734,51.01698303222656,2.1500000953674316,21.829999923706055,1.2186946868896484,280.1000061035156,0.6705900090932846,121.16999816894531,18.3843994140625,132.35000610351562,34.11000061035156
2001-10-26,7.460253715515137,20.46649169921875,1104.6099853515625,438.6499938964844,4.520999908447266,115.6500015258789,32.45758819580078,38.200191497802734,51.01698303222656,2.0999999046325684,22.049999237060547,1.2186946868896484,277.8999938964844,0.6705900090932846,122.6500015258789,18.3843994140625,132.35000610351562,28.420000076293945
2001-11-02,7.460253715515137,20.284809112548828,1087.199951171875,433.07000732421875,4.3460001945495605,114.54000091552734,32.45758819580078,38.200191497802734,51.01698303222656,1.9500000476837158,20.33849977493286,1.2186946868896484,279.79998779296875,0.6705900090932846,121.62000274658203,18.3843994140625,132.35000610351562,30.709999084472656
2001-11-09,7.460253715515137,20.62567901611328,1120.31005859375,438.1000061035156,4.307000160217285,115.08999633789062,32.45758819580078,38.200191497802734,51.01698303222656,1.7999999523162842,22.219999313354492,1.2186946868896484,277.3999938964844,0.6705900090932846,120.22000122070312,18.3843994140625,132.35000610351562,27.440000534057617
2001-11-16,7.460253715515137,20.760648727416992,1138.6500244140625,451.30999755859375,4.885000228881836,116.41000366210938,32.45758819580078,38.200191497802734,51.01698303222656,1.8899999856948853,20.33849977493286,1.2186946868896484,274.70001220703125,0.6800000071525574,122.87000274658203,18.3843994140625,132.35000610351562,25.06999969482422
2001-11-23,7.460253715515137,20.73295783996582,1150.3399658203125,458.4200134277344,4.991000175476074,117.33000183105469,32.45758819580078,38.200191497802734,51.01698303222656,1.9299999475479126,20.33849977493286,1.2186946868896484,272.8999938964844,0.6754999756813049,124.27999877929688,18.3843994140625,132.35000610351562,23.25
2001-11-30,7.460253715515137,20.532241821289062,1139.449951171875,460.7799987792969,4.74399995803833,116.12999725341797,32.45758819580078,38.200191497802734,51.01698303222656,1.7300000190734863,20.33849977493286,1.2186946868896484,273.8999938964844,0.722000002861023,123.44999694824219,18.3843994140625,132.35000610351562,23.84000015258789
2001-12-07,7.460253715515137,20.888694763183594,1158.31005859375,481.2099914550781,5.1479997634887695,116.1500015258789,32.45758819580078,38.200191497802734,51.01698303222656,1.649999976158142,20.33849977493286,1.2186946868896484,273.8999938964844,0.6765000224113464,125.48999786376953,18.3843994140625,132.35000610351562,23.489999771118164
2001-12-14,7.460253715515137,20.241544723510742,1123.0899658203125,471.2900085449219,5.160999774932861,114.93000030517578,32.45758819580078,38.200191497802734,51.01698303222656,1.6799999475479126,20.33849977493286,1.2186946868896484,278.0,0.6710000038146973,127.37000274658203,18.3843994140625,132.35000610351562,24.6299991607666
2001-12-21,7.460253715515137,20.326332092285156,1144.8900146484375,484.0199890136719,5.078000068664551,116.9800033569336,32.45758819580078,38.200191497802734,51.01698303222656,1.659999966621399,20.33849977493286,1.2186946868896484,278.0,0.6765000224113464,129.5,18.3843994140625,132.35000610351562,22.5
2001-12-28,7.460253715515137,20.664331436157227,1161.02001953125,493.6199951171875,5.10699987411499,117.26000213623047,32.45758819580078,38.200191497802734,51.01698303222656,1.6799999475479126,20.40999984741211,1.2186946868896484,276.5,0.6710000038146973,131.0500030517578,18.3843994140625,132.35000610351562,21.399999618530273
2002-01-04,7.460253715515137,21.097219467163086,1172.510009765625,499.29998779296875,5.140999794006348,116.33000183105469,32.45758819580078,38.200191497802734,51.01698303222656,1.6799999475479126,21.6200008392334,1.2186946868896484,278.8999938964844,0.6705900090932846,131.02000427246094,18.3843994140625,132.35000610351562,20.450000762939453
2002-01-11,7.460253715515137,20.29550552368164,1145.5999755859375,489.94000244140625,4.859000205993652,116.63999938964844,32.45758819580078,38.200191497802734,51.01698303222656,1.590000033378601,20.33849977493286,1.2186946868896484,287.3999938964844,0.7039999961853027,132.14999389648438,18.3843994140625,132.35000610351562,22.600000381469727
2002-01-18,7.460253715515137,19.999420166015625,1127.5799560546875,474.3699951171875,4.888000011444092,117.51000213623047,32.45758819580078,38.200191497802734,51.01698303222656,1.5800000429153442,20.33849977493286,1.2186946868896484,283.1000061035156,0.6945000290870667,132.6199951171875,18.3843994140625,132.35000610351562,22.520000457763672
2002-01-25,7.460253715515137,19.6409854888916,1133.280029296875,479.3500061035156,5.071000099182129,118.36790191650393,32.45758819580078,38.200191497802734,51.01698303222656,1.6799999475479126,20.33849977493286,1.2186946868896484,278.79998779296875,0.7085000276565552,134.5500030517578,18.3843994140625,132.35000610351562,21.010000228881836
2002-02-01,7.460253715515137,19.41934585571289,1122.199951171875,480.0400085449219,4.979000091552734,118.36790191650393,32.45758819580078,38.200191497802734,51.01698303222656,1.7100000381469727,20.399999618530273,1.2186946868896484,286.0,0.7335000038146973,133.10000610351562,18.3843994140625,132.35000610351562,21.1200008392334
2002-02-08,7.460253715515137,19.313716888427734,1096.219970703125,466.6700134277344,4.879000186920166,118.36790191650393,32.45758819580078,38.200191497802734,51.01698303222656,1.6699999570846558,20.33849977493286,1.2186946868896484,303.5,0.7315000295639038,134.6699981689453,18.3843994140625,132.35000610351562,23.260000228881836
2002-02-15,7.460253715515137,19.601154327392578,1104.1800537109375,469.25,4.86299991607666,118.36790191650393,32.45758819580078,38.200191497802734,51.01698303222656,1.7000000476837158,21.5,1.2186946868896484,298.3999938964844,0.7325000166893005,132.58999633789062,18.3843994140625,132.35000610351562,22.3700008392334
2002-02-22,7.460253715515137,19.27909278869629,1089.8399658203125,465.07000732421875,4.827000141143799,118.36790191650393,32.45758819580078,38.200191497802734,51.01698303222656,1.7200000286102295,21.079999923706055,1.2186946868896484,293.20001220703125,0.6990000009536743,134.11000061035156,18.3843994140625,132.35000610351562,22.860000610351562
2002-03-01,7.460253715515137,20.06867027282715,1131.780029296875,478.3399963378906,4.9710001945495605,118.36790191650393,32.45758819580078,38.200191497802734,51.01698303222656,1.75,22.360000610351562,1.2186946868896484,298.0,0.7264999747276306,133.32000732421875,18.3843994140625,132.35000610351562,19.959999084472656
2002-03-08,7.460253715515137,21.092018127441406,1164.31005859375,499.8500061035156,5.315999984741211,117.98999786376953,32.45758819580078,38.200191497802734,51.01698303222656,1.7699999809265137,23.850000381469727,1.2186946868896484,290.1000061035156,0.746999979019165,128.6199951171875,18.3843994140625,132.35000610351562,19.270000457763672
2002-03-15,7.460253715515137,21.09375762939453,1166.1600341796875,499.1199951171875,5.36299991607666,117.22000122070312,32.45758819580078,38.200191497802734,51.01698303222656,1.8200000524520874,24.479999542236328,1.2186946868896484,289.8999938964844,0.7459999918937683,129.00999450683594,18.3843994140625,132.35000610351562,18.420000076293945
2002-03-22,7.460253715515137,20.771682739257812,1148.699951171875,502.3900146484375,5.388999938964844,118.05000305175781,32.45758819580078,38.200191497802734,51.01698303222656,1.7999999523162842,25.260000228881836,1.2186946868896484,297.29998779296875,0.7450000047683716,132.89999389648438,18.3843994140625,132.35000610351562,17.770000457763672
2002-03-29,7.460253715515137,20.795921325683594,1147.3900146484375,506.4599914550781,5.406000137329102,118.36790191650393,32.45758819580078,38.200191497802734,51.01698303222656,1.7400000095367432,26.229999542236328,1.2186946868896484,302.6000061035156,0.7605000138282776,132.6999969482422,18.3843994140625,132.35000610351562,17.399999618530273
2002-04-05,7.460253715515137,20.80458641052246,1122.72998046875,497.760009765625,5.210000038146973,117.69000244140625,32.45758819580078,38.200191497802734,51.01698303222656,1.7200000286102295,26.219999313354492,1.2186946868896484,300.1000061035156,0.7210000157356262,131.5500030517578,18.3843994140625,132.35000610351562,19.1299991607666
2002-04-12,7.460253715515137,20.546586990356445,1111.010009765625,515.4600219726562,5.156000137329102,117.73999786376953,32.45758819580078,38.200191497802734,51.01698303222656,1.6699999570846558,23.450000762939453,1.2186946868896484,302.1000061035156,0.7149999737739563,131.9199981689453,18.3843994140625,132.35000610351562,19.420000076293945
2002-04-19,7.460253715515137,21.259984970092773,1125.1700439453125,517.4000244140625,5.190000057220459,116.29000091552734,32.45758819580078,38.200191497802734,51.01698303222656,1.7000000476837158,26.399999618530273,1.2186946868896484,302.29998779296875,0.7315000295639038,130.30999755859375,18.3843994140625,132.35000610351562,18.299999237060547
2002-04-26,7.460253715515137,20.955230712890625,1076.3199462890625,501.5,5.058000087738037,115.04000091552734,32.45758819580078,38.200191497802734,51.01698303222656,1.7000000476837158,27.149999618530273,1.2186946868896484,311.6000061035156,0.7350000143051147,127.81999969482422,18.3843994140625,132.35000610351562,22.139999389648438
2002-05-03,7.460253715515137,21.310203552246094,1073.4300537109375,512.3200073242188,5.061999797821045,113.58999633789062,32.45758819580078,38.200191497802734,51.01698303222656,1.7200000286102295,26.719999313354492,1.2186946868896484,312.20001220703125,0.718999981880188,126.9000015258789,18.3843994140625,132.35000610351562,20.190000534057617
2002-05-10,7.460253715515137,20.993324279785156,1054.989990234375,492.7300109863281,5.126999855041504,113.94999694824219,32.45758819580078,38.200191497802734,51.01698303222656,1.7300000190734863,27.8799991607666,1.2186946868896484,311.0,0.7329999804496765,127.56999969482422,18.3843994140625,132.35000610351562,22.40999984741211
2002-05-17,7.460253715515137,21.720579147338867,1106.5899658203125,508.94000244140625,5.241000175476074,113.0,32.45758819580078,38.200191497802734,51.01698303222656,1.7200000286102295,28.200000762939453,1.2186946868896484,310.6000061035156,0.7239999771118164,125.93000030517578,18.3843994140625,132.35000610351562,17.700000762939453
2002-05-24,7.460253715515137,21.497207641601562,1083.8199462890625,493.6400146484375,5.138000011444092,112.80000305175781,32.45758819580078,38.200191497802734,51.01698303222656,1.7070000171661377,25.8799991607666,1.2186946868896484,320.3999938964844,0.7350000143051147,124.69999694824219,18.3843994140625,132.35000610351562,18.899999618530273
2002-05-31,7.460253715515137,21.225351333618164,1067.1400146484375,487.4700012207031,5.043000221252441,111.80999755859375,32.45758819580078,38.200191497802734,51.01698303222656,1.7050000429153442,25.350000381469727,1.2186946868896484,326.5,0.7615000009536743,124.05999755859375,18.3843994140625,132.35000610351562,19.979999542236328
2002-06-07,7.460253715515137,20.64874839782715,1027.530029296875,470.510009765625,5.061999797821045,110.98999786376953,32.45758819580078,38.200191497802734,51.01698303222656,1.7070000171661377,24.729999542236328,1.2186946868896484,324.6000061035156,0.7774999737739563,124.30999755859375,18.3843994140625,132.35000610351562,23.510000228881836
2002-06-14,7.460253715515137,19.9232234954834,1007.27001953125,459.07000732421875,4.806000232696533,110.76000213623047,32.45758819580078,38.200191497802734,51.01698303222656,1.6749999523162842,25.8700008392334,1.2186946868896484,319.1000061035156,0.7634999752044678,124.12999725341797,18.3843994140625,132.35000610351562,25.959999084472656
2002-06-21,7.460253715515137,19.67042350769043,989.1400146484375,461.07000732421875,4.755000114440918,108.19000244140625,32.45758819580078,38.200191497802734,51.01698303222656,1.6779999732971191,25.75,1.2186946868896484,324.6000061035156,0.7419999837875366,121.08999633789062,18.3843994140625,132.35000610351562,27.229999542236328
2002-06-28,7.460253715515137,20.527538299560547,989.8200073242188,462.6400146484375,4.823999881744385,106.11000061035156,32.45758819580078,38.200191497802734,51.01698303222656,1.659000039100647,26.860000610351562,1.2186946868896484,313.5,0.7674999833106995,119.5199966430664,18.3843994140625,132.35000610351562,25.399999618530273
2002-07-05,7.460253715515137,20.569095611572266,989.030029296875,440.9200134277344,4.863999843597412,107.66999816894531,32.45758819580078,38.200191497802734,51.01698303222656,1.684999942779541,26.799999237060547,1.2186946868896484,310.8999938964844,0.7484999895095825,120.4000015258789,18.3843994140625,132.35000610351562,27.110000610351562
2002-07-12,7.460253715515137,19.38471794128418,921.3900146484375,413.2799987792969,4.59499979019165,105.88999938964844,32.45758819580078,38.200191497802734,51.01698303222656,1.6720000505447388,27.469999313354492,1.2186946868896484,315.6000061035156,0.7394999861717224,116.8499984741211,18.3843994140625,132.35000610351562,32.939998626708984
2002-07-19,7.460253715515137,18.655729293823242,847.75,386.20001220703125,4.565000057220459,104.05999755859375,32.45758819580078,38.200191497802734,51.01698303222656,1.6720000505447388,27.829999923706055,1.2186946868896484,323.8999938964844,0.7145000100135803,115.9000015258789,18.3843994140625,132.35000610351562,38.16999816894531
2002-07-26,7.460253715515137,17.90424156188965,852.8400268554688,382.260009765625,4.367000102996826,106.61000061035156,32.45758819580078,38.200191497802734,51.01698303222656,1.6469999551773071,26.540000915527344,1.2186946868896484,303.3999938964844,0.6869999766349792,118.7699966430664,18.3843994140625,132.35000610351562,35.5099983215332
2002-08-02,7.460253715515137,17.852296829223633,864.239990234375,376.45001220703125,4.261000156402588,106.66999816894531,32.45758819580078,38.200191497802734,51.01698303222656,1.5920000076293945,26.84000015258789,1.2186946868896484,307.0,0.6790000200271606,118.7699966430664,18.3843994140625,132.35000610351562,41.290000915527344
2002-08-09,7.460253715515137,18.544910430908203,908.6400146484375,388.45001220703125,4.267000198364258,108.20999908447266,32.45758819580078,38.200191497802734,51.01698303222656,1.5750000476837158,26.860000610351562,1.2186946868896484,314.20001220703125,0.6754999756813049,120.44999694824219,18.3843994140625,132.35000610351562,35.33000183105469
2002-08-16,7.460253715515137,18.735383987426758,928.77001953125,395.9700012207031,4.316999912261963,106.72000122070312,32.45758819580078,38.20762252807617,51.01698303222656,1.5850000381469727,29.329999923706055,1.2186946868896484,313.70001220703125,0.6744999885559082,117.55999755859375,18.3843994140625,132.35000610351562,28.809999465942383
2002-08-23,7.460253715515137,18.847930908203125,940.8599853515625,400.1300048828125,4.228000164031982,107.97000122070312,32.45758819580078,38.94048309326172,51.01698303222656,1.6169999837875366,28.729999542236328,1.2186946868896484,306.70001220703125,0.684499979019165,119.58999633789062,18.3843994140625,132.35000610351562,29.31999969482422
2002-08-30,7.460253715515137,18.389074325561523,916.0700073242188,390.9599914550781,4.13700008392334,106.9800033569336,32.45758819580078,39.12556838989258,51.01698303222656,1.6449999809265137,28.979999542236328,1.2186946868896484,312.3999938964844,0.6869999766349792,118.43000030517578,18.3843994140625,132.35000610351562,32.63999938964844
2002-09-06,7.460253715515137,17.7968807220459,893.9199829101562,391.57000732421875,4.035999774932861,106.83999633789062,32.45758819580078,39.30010986328125,51.01698303222656,1.621999979019165,29.610000610351562,1.2186946868896484,319.8999938964844,0.6740000247955322,118.41000366210938,18.3843994140625,132.35000610351562,36.33000183105469
2002-09-13,7.460253715515137,17.284339904785156,889.8099975585938,389.989990234375,3.9000000953674316,108.05999755859375,32.45758819580078,39.71310806274414,51.01698303222656,1.649999976158142,29.809999465942383,1.2186946868896484,316.6000061035156,0.6919999718666077,121.62999725341797,18.3843994140625,132.35000610351562,35.81999969482422
2002-09-20,7.460253715515137,16.83065050125122,845.3900146484375,371.8133029174805,3.7760000228881836,107.52999877929688,32.45758819580078,39.8693962097168,51.01698303222656,1.6119999885559082,29.84000015258789,1.2186946868896484,321.8999938964844,0.675000011920929,123.30000305175781,18.3843994140625,132.35000610351562,38.97999954223633
2002-09-27,7.460253715515137,16.83065050125122,832.7288165283203,371.8133029174805,3.688999891281128,107.52999877929688,32.45758819580078,40.01823425292969,51.01698303222656,1.597000002861023,30.540000915527344,1.2186946868896484,319.70001220703125,0.6705900090932846,122.52999877929688,18.3843994140625,132.35000610351562,36.970001220703125
2002-10-04,7.460253715515137,16.83065050125122,832.7288165283203,371.8133029174805,3.684999942779541,107.5999984741211,32.45758819580078,39.793216705322266,51.01698303222656,1.5670000314712524,29.6200008392334,1.2186946868896484,322.1000061035156,0.6705900090932846,123.19999694824219,18.3843994140625,132.35000610351562,39.459999084472656
2002-10-11,7.460253715515137,16.83065050125122,835.3200073242188,371.8133029174805,3.812999963760376,107.25,32.45758819580078,39.195396423339844,51.01698303222656,1.5460000038146973,29.3700008392334,1.2186946868896484,316.29998779296875,0.6779999732971191,124.0199966430664,18.3843994140625,132.35000610351562,35.70000076293945
2002-10-18,7.460253715515137,17.02980613708496,884.3900146484375,371.8133029174805,4.133999824523926,108.5199966430664,32.45758819580078,38.51911926269531,51.01698303222656,1.6319999694824219,29.600000381469727,1.2186946868896484,312.70001220703125,0.6880000233650208,125.44999694824219,18.3843994140625,132.35000610351562,33.529998779296875
2002-10-25,7.460253715515137,17.038461685180664,897.6500244140625,372.6400146484375,4.09499979019165,107.91999816894531,32.45758819580078,38.93385314941406,51.01698303222656,1.6019999980926514,27.049999237060547,1.2186946868896484,313.3999938964844,0.7105000019073486,124.16999816894531,18.3843994140625,132.35000610351562,30.0
2002-11-01,7.460253715515137,17.383045196533203,900.9600219726562,383.45001220703125,3.9769999980926514,106.08000183105469,32.45758819580078,39.41709899902344,51.01698303222656,1.3969999551773071,27.1299991607666,1.2186946868896484,318.79998779296875,0.7235000133514404,122.1500015258789,18.3843994140625,132.35000610351562,29.299999237060547
2002-11-08,7.460253715515137,17.436717987060547,894.739990234375,379.0,3.8519999980926514,104.5,32.45758819580078,40.190582275390625,51.01698303222656,1.1970000267028809,25.780000686645508,1.2186946868896484,321.29998779296875,0.7139999866485596,119.77999877929688,18.3843994140625,132.35000610351562,29.40999984741211
2002-11-15,7.460253715515137,17.86094856262207,909.8300170898438,385.9200134277344,4.051000118255615,105.04000091552734,32.45758819580078,40.0816650390625,51.01698303222656,1.1970000267028809,25.510000228881836,1.2186946868896484,320.70001220703125,0.7170000076293945,120.45999908447266,18.3843994140625,132.35000610351562,26.649999618530273
2002-11-22,7.460253715515137,18.06007957458496,930.5499877929688,400.0,4.175000190734863,106.12000274658203,32.45758819580078,39.987770080566406,51.01698303222656,1.1979999542236328,26.760000228881836,1.2186946868896484,320.70001220703125,0.7354999780654907,122.94999694824219,18.3843994140625,126.2699966430664,23.15999984741211
2002-11-29,7.460253715515137,18.077390670776367,936.3099975585938,406.3500061035156,4.2129998207092285,106.41000366210938,32.45758819580078,39.98403549194336,51.01698303222656,1.2020000219345093,26.889999389648438,1.2186946868896484,316.79998779296875,0.7494999766349792,122.47000122070312,18.3843994140625,127.5199966430664,27.5
2002-12-06,7.460253715515137,17.687789916992188,912.22998046875,396.7200012207031,4.0929999351501465,105.36000061035156,32.45758819580078,40.23479080200195,51.01698303222656,1.1829999685287476,26.93000030517578,1.2186946868896484,326.29998779296875,0.7404999732971191,123.5199966430664,18.3843994140625,128.4600067138672,28.8799991607666
2002-12-13,7.460253715515137,17.246246337890625,889.47998046875,387.9800109863281,4.061999797821045,103.9800033569336,32.45758819580078,40.27253341674805,51.01698303222656,1.187000036239624,28.440000534057617,1.2186946868896484,333.20001220703125,0.7239999771118164,120.43000030517578,18.3843994140625,116.20999908447266,28.18000030517578
2002-12-20,7.460253715515137,17.358800888061523,895.760009765625,386.8800048828125,3.953000068664551,103.45999908447266,32.45758819580078,40.879634857177734,51.01698303222656,1.1770000457763672,30.299999237060547,1.2186946868896484,340.5,0.7110000252723694,120.36000061035156,18.3843994140625,125.25,26.709999084472656
2002-12-27,7.460253715515137,17.14385986328125,875.4000244140625,384.1600036621094,3.812999963760376,102.41000366210938,32.45758819580078,41.347198486328125,51.01698303222656,1.1349999904632568,32.720001220703125,1.2186946868896484,349.20001220703125,0.6995000243186951,119.86000061035156,18.3843994140625,123.87000274658203,29.549999237060547
2003-01-03,7.460253715515137,17.858558654785156,908.5900268554688,390.30999755859375,4.038000106811523,102.47000122070312,32.45758819580078,40.89164352416992,51.01698303222656,1.1920000314712524,33.08000183105469,1.2186946868896484,351.20001220703125,0.7264999747276306,119.66999816894531,18.3843994140625,130.8699951171875,24.68000030517578
2003-01-10,7.460253715515137,17.747379302978516,927.5700073242188,396.44000244140625,4.1519999504089355,101.2300033569336,32.45758819580078,40.8462028503418,51.01698303222656,1.1720000505447388,31.68000030517578,1.2186946868896484,354.5,0.7400000095367432,119.30000305175781,18.3843994140625,120.0199966430664,24.31999969482422
2003-01-17,7.460253715515137,17.636207580566406,901.780029296875,388.1000061035156,4.014999866485596,100.55000305175781,32.45758819580078,41.009090423583984,51.01698303222656,1.1519999504089355,33.90999984741211,1.2186946868896484,356.6000061035156,0.7544999718666077,117.77999877929688,18.3843994140625,116.0199966430664,25.700000762939453
2003-01-24,7.460253715515137,17.020334243774414,861.4000244140625,375.05999755859375,3.9030001163482666,99.22000122070312,32.45758819580078,41.323524475097656,51.01698303222656,1.1269999742507935,33.279998779296875,1.2186946868896484,368.20001220703125,0.7649999856948853,117.80999755859375,18.3843994140625,109.41000366210938,31.510000228881836
2003-01-31,7.460253715515137,16.83065050125122,855.7000122070312,372.1700134277344,3.9749999046325684,99.91000366210938,32.45758819580078,41.21745681762695,51.01698303222656,1.1480000019073486,33.5099983215332,1.2186946868896484,368.29998779296875,0.7914999723434448,119.91000366210938,18.3843994140625,110.88999938964844,31.170000076293945
2003-02-07,7.460253715515137,16.83065050125122,832.7288165283203,371.8133029174805,3.9240000247955322,99.56999969482422,32.45758819580078,41.43998718261719,51.01698303222656,1.1369999647140503,35.119998931884766,1.2186946868896484,369.8999938964844,0.7615000009536743,120.22000122070312,18.3843994140625,115.48999786376953,34.0099983215332
2003-02-14,7.460253715515137,16.83065050125122,834.8900146484375,371.8133029174805,3.9519999027252197,100.04000091552734,32.45758819580078,41.26121139526367,51.01698303222656,1.1510000228881836,36.79999923706055,1.2186946868896484,351.8999938964844,0.7549999952316284,120.30000305175781,18.3843994140625,116.33999633789062,32.619998931884766
2003-02-21,7.460253715515137,16.83065050125122,848.1699829101562,371.8133029174805,3.8929998874664307,100.08999633789062,32.45758819580078,41.51607131958008,51.01698303222656,1.1670000553131104,35.58000183105469,1.2186946868896484,351.79998779296875,0.7764999866485596,118.61000061035156,18.3843994140625,104.8499984741211,30.25
2003-02-28,7.460253715515137,16.83065050125122,841.1500244140625,371.8133029174805,3.696000099182129,99.70999908447266,32.45758819580078,42.03345489501953,51.01698303222656,1.1749999523162842,36.599998474121094,1.2186946868896484,350.20001220703125,0.7749999761581421,118.08999633789062,18.3843994140625,105.36000061035156,29.6299991607666
2003-03-07,7.460253715515137,16.83065050125122,832.7288165283203,371.8133029174805,3.619999885559082,98.04000091552734,32.45758819580078,42.2141227722168,51.01698303222656,1.097000002861023,37.779998779296875,1.2186946868896484,350.79998779296875,0.7664999961853027,117.05000305175781,18.3843994140625,104.5999984741211,31.079999923706055
2003-03-14,7.460253715515137,16.83065050125122,833.27001953125,371.8133029174805,3.7070000171661377,99.98999786376953,32.45758819580078,41.84367370605469,51.01698303222656,1.1030000448226929,35.380001068115234,1.2186946868896484,336.5,0.7505000233650208,118.30000305175781,18.3843994140625,110.3499984741211,30.979999542236328
2003-03-21,7.460253715515137,16.870338439941406,895.7899780273438,376.2300109863281,4.09499979019165,101.91999816894531,32.45758819580078,41.10661697387695,51.01698303222656,1.156999945640564,26.90999984741211,1.2186946868896484,326.0,0.7754999995231628,121.45999908447266,18.3843994140625,124.18000030517578,28.670000076293945
2003-03-28,7.460253715515137,16.83065050125122,863.5,371.8133029174805,3.8959999084472656,99.95999908447266,32.45758819580078,41.88947677612305,51.01698303222656,1.1109999418258667,30.15999984741211,1.2186946868896484,328.70001220703125,0.7254999876022339,119.72000122070312,18.3843994140625,114.5,27.75
2003-04-04,7.460253715515137,16.83065050125122,878.8499755859375,373.2799987792969,3.944000005722046,100.44999694824219,32.45758819580078,42.08850860595703,51.01698303222656,1.0820000171661377,28.6200008392334,1.2186946868896484,325.29998779296875,0.7160000205039978,119.94999694824219,18.3843994140625,114.37000274658203,29.1299991607666
2003-04-11,7.460253715515137,16.83065050125122,868.2999877929688,371.8133029174805,3.9809999465942383,100.18000030517578,32.45758819580078,42.000064849853516,51.01698303222656,1.1469999551773071,28.139999389648438,1.2186946868896484,327.8999938964844,0.7245000004768372,120.5199966430664,18.3843994140625,103.66000366210938,24.440000534057617
2003-04-18,7.460253715515137,17.223270416259766,893.5800170898438,383.70001220703125,3.9570000171661377,99.30000305175781,32.45758819580078,42.29608154296875,51.01698303222656,1.1469999551773071,30.549999237060547,1.2186946868896484,327.20001220703125,0.7360000014305115,119.80999755859375,18.3843994140625,96.19999694824219,21.5
2003-04-25,7.460253715515137,17.119155883789062,898.8099975585938,388.5,3.885999917984009,98.36000061035156,32.45758819580078,42.90349578857422,51.01698303222656,1.1169999837875366,26.260000228881836,1.2186946868896484,333.3999938964844,0.7145000100135803,120.16000366210938,18.3843994140625,91.66000366210938,20.799999237060547
2003-05-02,7.64152717590332,17.839149475097656,930.0800170898438,407.6700134277344,3.9130001068115234,96.76000213623047,32.45758819580078,43.17062759399414,51.01698303222656,1.0959999561309814,25.670000076293945,1.2186946868896484,341.0,0.7149999737739563,119.02999877929688,18.3843994140625,90.66999816894531,20.6299991607666
2003-05-09,7.771215915679932,18.137372970581055,933.4099731445312,413.5299987792969,3.690999984741211,94.9800033569336,32.45758819580078,43.80973815917969,51.01698303222656,1.0820000171661377,27.719999313354492,1.2186946868896484,348.6000061035156,0.734000027179718,117.3499984741211,18.3843994140625,82.55999755859375,19.690000534057617
2003-05-16,7.817071437835693,18.543251037597656,944.2999877929688,414.69000244140625,3.4619998931884766,94.08000183105469,32.45758819580078,44.437286376953125,51.01698303222656,1.0219999551773071,29.139999389648438,1.2186946868896484,354.70001220703125,0.7574999928474426,116.01000213623047,18.3843994140625,94.63999938964844,18.399999618530273
2003-05-23,7.824240684509277,18.379135131835938,933.219970703125,418.3999938964844,3.3329999446868896,93.05000305175781,32.45758819580078,44.75100326538086,51.01698303222656,1.0549999475479126,29.15999984741211,1.2186946868896484,368.79998779296875,0.7639999985694885,116.94999694824219,18.3843994140625,99.52999877929688,19.170000076293945
2003-05-30,8.24482536315918,18.749717712402344,963.5900268554688,441.0,3.3499999046325684,93.2699966430664,32.45758819580078,44.75880813598633,51.01698303222656,1.0850000381469727,29.559999465942383,1.2186946868896484,364.5,0.7799999713897705,119.30000305175781,18.3843994140625,99.80999755859375,19.469999313354492
2003-06-06,8.43398666381836,19.393827438354492,987.760009765625,453.94000244140625,3.3519999980926514,93.4800033569336,32.45758819580078,45.03670883178711,51.01698303222656,1.0269999504089355,31.280000686645508,1.2186946868896484,363.70001220703125,0.7804999947547913,118.62999725341797,18.3843994140625,103.3499984741211,21.25
2003-06-13,8.515666961669922,19.667360305786133,988.6099853515625,449.7099914550781,3.1040000915527344,92.22000122070312,32.45758819580078,45.788936614990234,51.01698303222656,0.8330000042915344,30.649999618530273,1.2186946868896484,356.6000061035156,0.7599999904632568,117.38999938964844,18.3843994140625,103.18000030517578,20.65999984741211
2003-06-20,8.752111434936523,19.729114532470703,995.6900024414062,449.55999755859375,3.3959999084472656,94.04000091552734,32.45758819580078,44.91971206665039,51.01698303222656,0.8069999814033508,30.81999969482422,1.2186946868896484,356.29998779296875,0.7730000019073486,118.33000183105469,18.3843994140625,113.38999938964844,19.139999389648438
2003-06-27,8.596628189086914,19.10794448852539,976.219970703125,448.75,3.5810000896453857,95.1500015258789,32.45758819580078,44.47151565551758,51.01698303222656,0.8420000076293945,29.270000457763672,1.2186946868896484,345.20001220703125,0.7565000057220459,119.52999877929688,18.3843994140625,108.19000244140625,19.15999984741211
2003-07-04,8.91332721710205,19.49970054626465,985.7000122070312,456.3500061035156,3.6549999713897705,94.55000305175781,32.45758819580078,44.31863021850586,51.01698303222656,0.8420000076293945,30.420000076293945,1.2186946868896484,351.0,0.7465000152587891,118.33000183105469,18.3843994140625,107.51000213623047,19.389999389648438
2003-07-11,9.053046226501465,19.519121170043945,998.1400146484375,473.7699890136719,3.640000104904175,95.80000305175781,32.45758819580078,44.444068908691406,51.01698303222656,0.8659999966621399,31.280000686645508,1.2186946868896484,344.79998779296875,0.7760000228881836,117.91000366210938,18.3843994140625,98.87000274658203,18.469999313354492
2003-07-18,8.983542442321777,19.393827438354492,993.3200073242188,464.760009765625,3.9690001010894775,96.86000061035156,32.45758819580078,43.78545379638672,51.01698303222656,0.8769999742507935,31.959999084472656,1.2186946868896484,347.20001220703125,0.7829999923706055,118.41999816894531,18.3843994140625,104.91999816894531,19.110000610351562
2003-07-25,9.10319709777832,19.760881423950195,998.6799926757812,468.8800048828125,4.177999973297119,94.95999908447266,32.45758819580078,43.22091293334961,51.01698303222656,0.9020000100135803,30.170000076293945,1.2186946868896484,362.70001220703125,0.7944999933242798,118.76000213623047,18.3843994140625,115.93000030517578,17.75
2003-08-01,9.098183631896973,19.399124145507812,980.1500244140625,468.0799865722656,4.414999961853027,96.66000366210938,32.45758819580078,42.20916748046875,51.01698303222656,0.9179999828338623,32.310001373291016,1.2186946868896484,346.1000061035156,0.8159999847412109,120.12999725341797,18.3843994140625,157.22000122070312,20.75
2003-08-08,9.045877456665039,19.418533325195312,977.5900268554688,453.94000244140625,4.289000034332275,96.36000061035156,32.45758819580078,42.68278503417969,51.01698303222656,0.9269999861717224,32.18000030517578,1.2186946868896484,356.29998779296875,0.7994999885559082,119.02999877929688,18.3843994140625,130.9600067138672,19.59000015258789
2003-08-15,9.278742790222168,19.937349319458008,990.6699829101562,471.9200134277344,4.5279998779296875,96.6500015258789,32.45758819580078,42.13025665283203,51.01698303222656,0.9269999861717224,31.049999237060547,1.2186946868896484,363.20001220703125,0.7900000214576721,119.12999725341797,18.3843994140625,140.58999633789062,18.270000457763672
2003-08-22,9.74876880645752,20.053817749023438,993.0599975585938,485.510009765625,4.459000110626221,98.83000183105469,32.45758819580078,42.51303482055664,51.01698303222656,0.9509999752044678,31.84000015258789,1.2186946868896484,363.1000061035156,0.8019999861717224,117.48999786376953,18.3843994140625,135.08999633789062,18.549999237060547
2003-08-29,9.803224563598633,20.041471481323242,1008.010009765625,497.4200134277344,4.453999996185303,98.0999984741211,32.45758819580078,42.69460678100586,51.01698303222656,0.9599999785423279,31.56999969482422,1.2186946868896484,375.70001220703125,0.8029999732971191,116.88999938964844,18.3843994140625,126.55000305175781,18.6299991607666
2003-09-05,10.054004669189453,20.62734031677246,1021.3900146484375,508.8699951171875,4.354000091552734,97.08999633789062,32.45758819580078,43.18903732299805,51.01698303222656,0.9269999861717224,28.8799991607666,1.2186946868896484,377.6000061035156,0.8270000219345093,116.79000091552734,18.3843994140625,124.7300033569336,18.170000076293945
2003-09-12,9.957990646362305,20.752626419067383,1018.6300048828125,509.05999755859375,4.269000053405762,96.01000213623047,32.45758819580078,43.60240173339844,51.01698303222656,0.9319999814033508,28.270000457763672,1.2186946868896484,375.79998779296875,0.8100000023841858,117.2699966430664,18.3843994140625,120.87000274658203,18.68000030517578
2003-09-19,10.038238525390625,21.2996768951416,1036.300048828125,520.2000122070312,4.1620001792907715,94.95999908447266,32.45758819580078,43.96417236328125,51.01698303222656,0.9269999861717224,27.030000686645508,1.2186946868896484,381.79998779296875,0.824999988079071,113.91000366210938,18.3843994140625,112.4000015258789,17.540000915527344
2003-09-26,9.701480865478516,20.64674949645996,996.8499755859375,485.2900085449219,4.0229997634887695,93.87000274658203,32.45758819580078,44.456974029541016,51.01698303222656,0.9169999957084656,28.15999984741211,1.2186946868896484,380.79998779296875,0.8165000081062317,111.69000244140625,18.3843994140625,113.5,22.229999542236328
2003-10-03,10.238862037658691,21.60144805908203,1029.8499755859375,512.280029296875,4.195000171661377,93.2300033569336,32.45758819580078,43.9681510925293,51.01698303222656,0.9120000004768372,30.399999618530273,1.2186946868896484,369.3999938964844,0.8339999914169312,110.80999755859375,18.3843994140625,124.80000305175781,19.5
2003-10-10,10.647268295288086,21.945554733276367,1038.06005859375,519.0599975585938,4.248000144958496,91.5199966430664,32.45758819580078,44.088165283203125,51.01698303222656,0.8870000243186951,31.969999313354492,1.2186946868896484,373.6000061035156,0.8604999780654907,108.55999755859375,18.3843994140625,118.2699966430664,18.450000762939453
2003-10-17,10.662315368652344,22.084970474243164,1039.3199462890625,520.3599853515625,4.388000011444092,92.29000091552734,32.45758819580078,43.984169006347656,51.01698303222656,0.9070000052452087,30.68000030517578,1.2186946868896484,371.79998779296875,0.8920000195503235,109.30000305175781,18.3843994140625,125.55000305175781,17.6200008392334
2003-10-24,10.405806541442871,21.79203224182129,1028.9100341796875,506.42999267578125,4.211999893188477,91.27999877929688,32.45758819580078,44.24817657470703,51.01698303222656,0.9269999861717224,30.15999984741211,1.2186946868896484,388.8999938964844,0.890500009059906,109.2300033569336,18.3843994140625,119.55999755859375,17.709999084472656
2003-10-31,10.633654594421387,21.987903594970703,1050.7099609375,528.219970703125,4.301000118255615,92.7300033569336,32.45758819580078,44.068172454833984,51.01698303222656,0.9319999814033508,29.110000610351562,1.2186946868896484,384.5,0.9369999766349792,110.0,18.3843994140625,118.76000213623047,16.100000381469727
2003-11-07,10.86508560180664,22.102609634399414,1053.2099609375,542.9600219726562,4.449999809265137,93.0199966430664,32.45758819580078,43.69342041015625,51.01698303222656,0.9319999814033508,30.850000381469727,1.2186946868896484,383.29998779296875,0.9430000185966492,109.33000183105469,18.3843994140625,120.56999969482422,16.93000030517578
2003-11-14,10.794156074523926,22.266735076904297,1050.3499755859375,532.9600219726562,4.232999801635742,91.44000244140625,32.45758819580078,44.432437896728516,51.01698303222656,0.9269999861717224,32.369998931884766,1.2186946868896484,397.79998779296875,0.9514999985694885,108.30000305175781,18.3843994140625,114.25,16.940000534057617
2003-11-21,10.48963737487793,22.11849021911621,1035.280029296875,525.9299926757812,4.146999835968018,90.5999984741211,32.45758819580078,44.681453704833984,51.01698303222656,0.9120000004768372,31.610000610351562,1.2186946868896484,396.0,0.8934999704360962,108.75,18.3843994140625,114.44000244140625,18.979999542236328
2003-11-28,10.833560943603516,22.543785095214844,1058.199951171875,546.510009765625,4.320000171661377,90.20999908447266,32.45758819580078,44.2035026550293,51.01698303222656,0.9079999923706055,30.40999984741211,1.2186946868896484,396.79998779296875,0.9070000052452087,109.62000274658203,18.3843994140625,104.91000366210938,16.31999969482422
2003-12-05,10.958950996398926,22.977895736694336,1061.5,539.010009765625,4.215000152587891,89.13999938964844,32.45758819580078,44.65194320678711,51.01698303222656,0.8949999809265137,30.729999542236328,1.2186946868896484,406.3999938964844,0.968999981880188,107.62000274658203,18.3843994140625,116.41999816894531,17.09000015258789
2003-12-12,11.140225410461426,23.237295150756836,1074.1400146484375,547.5900268554688,4.242000102996826,88.48999786376953,32.45758819580078,44.599483489990234,51.137184143066406,0.8769999742507935,33.040000915527344,1.2278977632522583,409.3999938964844,0.9865000247955322,107.68000030517578,18.3843994140625,111.05000305175781,16.40999984741211
2003-12-19,11.177481651306152,23.53716468811035,1088.6600341796875,546.8800048828125,4.132999897003174,88.11000061035156,32.45758819580078,45.5584602355957,51.15219497680664,0.8579999804496765,33.02000045776367,1.2384973764419556,409.20001220703125,1.0260000228881836,107.70999908447266,18.3843994140625,109.2300033569336,16.420000076293945
2003-12-26,11.43175220489502,23.757244110107422,1095.8900146484375,554.9000244140625,4.1479997634887695,87.62999725341797,32.45758819580078,45.493045806884766,51.21735382080078,0.847000002861023,32.86000061035156,1.243193507194519,412.29998779296875,1.0264999866485596,107.44999694824219,18.3843994140625,116.2300033569336,17.450000762939453
2004-01-02,12.069787979125977,24.579866409301758,1108.47998046875,560.8499755859375,4.373000144958496,86.91999816894531,32.45758819580078,45.01646041870117,51.01698303222656,0.9020000100135803,32.52000045776367,1.2581939697265625,415.70001220703125,1.0429999828338623,106.91000366210938,18.3843994140625,118.01000213623047,18.219999313354492
2004-01-09,12.405420303344727,25.036869049072266,1121.8599853515625,575.2000122070312,4.085999965667725,85.11000061035156,32.45758819580078,45.951393127441406,51.38162612915039,0.8420000076293945,34.310001373291016,1.2858924865722656,426.3999938964844,1.0994999408721924,106.58000183105469,18.3843994140625,102.81999969482422,16.75
2004-01-16,12.1432523727417,24.857650756835938,1139.8299560546875,590.4099731445312,4.013999938964844,87.7300033569336,32.45758819580078,46.25485610961914,51.692588806152344,0.8619999885559082,35.06999969482422,1.239802598953247,406.70001220703125,1.090999960899353,106.75,18.3843994140625,104.52999877929688,15.0
2004-01-23,12.460161209106445,25.17487144470215,1141.550048828125,596.1400146484375,4.065999984741211,86.55999755859375,32.45758819580078,46.13182830810547,51.57719802856445,0.8669999837875366,34.939998626708984,1.2583048343658447,407.8999938964844,1.121500015258789,106.75,18.3843994140625,112.22000122070312,14.84000015258789
2004-01-30,12.092838287353516,24.789552688598633,1131.1300048828125,580.760009765625,4.138000011444092,87.19999694824219,32.45758819580078,45.89399719238281,51.62737274169922,0.8970000147819519,33.04999923706055,1.2468050718307495,402.20001220703125,1.1430000066757202,105.72000122070312,18.3843994140625,116.75,16.6299991607666
2004-02-06,12.187908172607422,25.07450294494629,1142.760009765625,584.0700073242188,4.089000225067139,86.0199966430664,32.45758819580078,45.99691390991211,51.86811065673828,0.9070000052452087,32.47999954223633,1.2700024843215942,403.6000061035156,1.1799999475479126,105.44999694824219,18.3843994140625,115.11000061035156,16.0
2004-02-13,12.546589851379395,25.37200927734375,1145.81005859375,585.1400146484375,4.047999858856201,85.55999755859375,32.45758819580078,46.51560592651367,52.29937744140625,0.8970000147819519,34.560001373291016,1.272799015045166,410.29998779296875,1.2445000410079956,105.19999694824219,18.3843994140625,96.33000183105469,15.579999923706055
2004-02-20,12.373725891113281,25.359458923339844,1144.1099853515625,579.8900146484375,4.0980000495910645,87.23999786376953,32.45758819580078,46.210994720458984,51.928226470947266,0.9160000085830688,35.599998474121094,1.2542015314102173,397.5,1.3075000047683716,108.94999694824219,18.3843994140625,92.83000183105469,16.040000915527344
2004-02-27,12.571078300476074,25.359458923339844,1144.93994140625,585.5599975585938,3.9839999675750732,87.30999755859375,32.45758819580078,46.585601806640625,52.735626220703125,0.9269999861717224,36.15999984741211,1.2494065761566162,396.3999938964844,1.343000054359436,109.25,18.3843994140625,90.13999938964844,14.550000190734863
2004-03-05,12.809475898742676,25.61036491394043,1156.8599853515625,599.5399780273438,3.8310000896453857,88.18000030517578,32.45758819580078,47.02988052368164,53.34746551513672,0.9309999942779541,37.2599983215332,1.2367972135543823,401.29998779296875,1.3380000591278076,112.0,18.3843994140625,92.30000305175781,14.479999542236328
2004-03-12,12.150453567504883,24.6766414642334,1120.5699462890625,582.8400268554688,3.759999990463257,89.12000274658203,32.45758819580078,47.153839111328125,53.307342529296875,0.9319999814033508,36.189998626708984,1.2224042415618896,395.29998779296875,1.309000015258789,110.6500015258789,18.3843994140625,97.75,18.299999237060547
2004-03-19,12.146856307983398,24.66050910949707,1109.780029296875,570.739990234375,3.7880001068115234,88.16000366210938,32.45758819580078,47.17454147338867,53.57811737060547,0.9169999957084656,38.08000183105469,1.2269035577774048,412.5,1.378999948501587,106.66000366210938,18.3843994140625,97.5999984741211,19.149999618530273
2004-03-26,12.177828788757324,24.785961151123047,1108.06005859375,572.9199829101562,3.8429999351501465,88.88999938964844,32.45758819580078,46.91830062866211,53.623252868652344,0.921999990940094,35.72999954223633,1.212694525718689,422.1000061035156,1.3524999618530273,106.18000030517578,18.3843994140625,105.30000305175781,17.329999923706055
2004-04-02,12.870696067810059,25.787799835205078,1141.81005859375,603.4500122070312,4.139999866485596,88.51000213623047,32.45758819580078,46.29181671142578,52.81199645996094,0.9269999861717224,34.38999938964844,1.2129004001617432,421.6000061035156,1.3519999980926514,104.61000061035156,18.3843994140625,112.16000366210938,15.640000343322754
2004-04-09,12.996739387512207,25.69460678100586,1139.3199462890625,597.8800048828125,4.197000026702881,89.0199966430664,32.45758819580078,46.33326721191406,52.32817459106445,0.9129999876022339,37.13999938964844,1.208605170249939,419.8999938964844,1.3125,106.4000015258789,18.3843994140625,115.5,16.260000228881836
2004-04-16,12.741048812866211,25.359458923339844,1134.6099853515625,583.3699951171875,4.3520002365112305,89.94000244140625,32.45758819580078,45.769107818603516,52.12161636352539,0.9169999957084656,37.7400016784668,1.2002928256988525,401.0,1.3504999876022339,107.80000305175781,18.3843994140625,117.45999908447266,14.9399995803833
2004-04-23,12.647420883178711,25.35050392150879,1140.5999755859375,590.7100219726562,4.452000141143799,91.08000183105469,32.45758819580078,45.47871017456055,51.12888717651367,0.9520000219345093,36.459999084472656,1.1850025653839111,395.1000061035156,1.2430000305175781,109.16000366210938,18.3843994140625,114.68000030517578,14.010000228881836
2004-04-30,11.401403427124023,24.517139434814453,1107.300048828125,559.7999877929688,4.500999927520752,90.4800033569336,32.45758819580078,45.217376708984375,51.0280876159668,0.9520000219345093,37.380001068115234,1.198293685913086,387.0,1.2094999551773071,110.37000274658203,18.3843994140625,122.93000030517578,17.190000534057617
2004-05-07,11.266719818115234,24.149742126464844,1098.699951171875,548.5599975585938,4.765999794006348,91.12999725341797,32.45758819580078,44.27277755737305,51.01698303222656,1.0369999408721924,39.93000030517578,1.1880011558532715,378.70001220703125,1.1924999952316284,112.30999755859375,18.3843994140625,122.88999938964844,18.1299991607666
2004-05-14,10.725821495056152,23.58339500427246,1095.699951171875,543.760009765625,4.788000106811523,91.66000366210938,32.45758819580078,44.081207275390625,51.08584976196289,0.968999981880188,41.380001068115234,1.1881988048553467,377.0,1.1759999990463257,114.11000061035156,18.3843994140625,114.52999877929688,18.469999313354492
2004-05-21,11.006711959838867,24.01173973083496,1093.56005859375,545.8099975585938,4.763999938964844,90.48999786376953,32.45758819580078,44.4185676574707,51.61781692504883,1.003999948501587,39.93000030517578,1.2028049230575562,384.79998779296875,1.2200000286102295,112.33999633789062,18.3843994140625,107.7699966430664,18.489999771118164
2004-05-28,11.534649848937988,24.796714782714844,1120.6800537109375,568.280029296875,4.65500020980835,88.94999694824219,32.45758819580078,44.980838775634766,52.05863571166992,1.0520000457763672,39.880001068115234,1.2218068838119507,394.0,1.277999997138977,109.97000122070312,18.3843994140625,106.12000274658203,15.5
2004-06-04,11.365391731262207,24.983102798461914,1122.5,567.75,4.77400016784668,88.54000091552734,32.45758819580078,44.58190155029297,51.592411041259766,1.1770000457763672,38.4900016784668,1.2275059223175049,390.8999938964844,1.2335000038146973,111.26000213623047,18.3843994140625,102.33000183105469,16.780000686645508
2004-06-11,11.345224380493164,25.251930236816406,1136.469970703125,569.1199951171875,4.790999889373779,90.01000213623047,32.45758819580078,44.47315216064453,51.31700897216797,1.2669999599456787,38.45000076293945,1.2015043497085571,385.8999938964844,1.1759999990463257,110.12999725341797,18.3843994140625,98.70999908447266,15.039999961853027
2004-06-18,10.962059020996094,25.27880859375,1135.02001953125,570.5399780273438,4.710000038146973,89.08000183105469,32.45758819580078,44.786781311035156,51.66893768310547,1.246999979019165,38.75,1.2145060300827026,395.1000061035156,1.1950000524520874,108.72000122070312,18.3843994140625,99.12000274658203,14.989999771118164
2004-06-25,11.487833023071289,25.364839553833008,1134.4300537109375,587.7000122070312,4.644999980926514,88.87999725341797,32.45758819580078,44.95404815673828,51.68931198120117,1.2719999551773071,37.54999923706055,1.2203009128570557,402.8999938964844,1.2094999551773071,107.5999984741211,18.3843994140625,100.94999694824219,15.1899995803833
2004-07-02,11.495036125183105,25.44727897644043,1125.3800048828125,582.719970703125,4.458000183105469,87.97000122070312,32.45758819580078,45.577659606933594,52.708282470703125,1.2630000114440918,38.38999938964844,1.2311025857925415,398.29998779296875,1.2200000286102295,108.26000213623047,18.3843994140625,94.70999908447266,15.079999923706055
2004-07-09,11.416532516479492,25.375595092773438,1112.81005859375,563.72998046875,4.466000080108643,87.41999816894531,32.45758819580078,45.55244064331055,52.44706726074219,1.246999979019165,39.959999084472656,1.241896629333496,407.5,1.281000018119812,108.18000030517578,18.3843994140625,97.06999969482422,15.779999732971191
2004-07-16,11.394205093383789,25.067338943481445,1101.3900146484375,555.47998046875,4.361000061035156,87.13999938964844,32.45758819580078,45.926124572753906,52.672420501708984,1.312000036239624,41.25,1.245593786239624,406.6000061035156,1.3135000467300415,108.7300033569336,18.3843994140625,99.70999908447266,14.34000015258789
2004-07-23,11.098902702331543,24.2321834564209,1086.199951171875,539.22998046875,4.432000160217285,89.26000213623047,32.45758819580078,45.72460174560547,52.48294448852539,1.3380000591278076,41.709999084472656,1.2095993757247925,390.5,1.246999979019165,110.1500015258789,18.3843994140625,90.52999877929688,16.5
2004-07-30,11.217743873596191,24.535053253173828,1101.719970703125,551.2899780273438,4.474999904632568,89.95999908447266,32.45758819580078,45.74140930175781,52.406097412109375,1.4119999408721924,43.79999923706055,1.2016053199768066,391.0,1.3079999685287476,111.36000061035156,18.3843994140625,97.20999908447266,15.319999694824219
2004-08-06,11.03264331817627,24.08702278137207,1063.969970703125,519.6500244140625,4.218999862670898,88.36000061035156,32.45758819580078,46.404518127441406,53.260772705078125,1.406000018119812,43.95000076293945,1.2307995557785034,399.79998779296875,1.281999945640564,110.51000213623047,18.3843994140625,103.11000061035156,19.34000015258789
2004-08-13,11.03840160369873,24.051166534423828,1064.800048828125,517.3900146484375,4.2129998207092285,87.9000015258789,32.45758819580078,46.476131439208984,53.744728088378906,1.4010000228881836,46.58000183105469,1.237593173980713,398.8999938964844,1.3209999799728394,110.69999694824219,18.3843994140625,96.12999725341797,17.979999542236328
2004-08-20,11.466227531433105,24.5529842376709,1098.3499755859375,547.9199829101562,4.230999946594238,88.12000274658203,32.45758819580078,46.543617248535156,53.58512496948242,1.4539999961853027,47.86000061035156,1.2321947813034058,413.20001220703125,1.2714999914169312,109.11000061035156,18.3843994140625,100.87999725341797,16.0
2004-08-27,11.626119613647461,24.687393188476562,1107.77001953125,551.6699829101562,4.2270002365112305,89.7699966430664,32.45758819580078,46.7712516784668,53.368896484375,1.5219999551773071,43.18000030517578,1.2019952535629272,403.29998779296875,1.2610000371932983,109.66000366210938,18.3843994140625,102.0,14.710000038146973
2004-09-03,11.729111671447754,24.77520751953125,1113.6300048828125,556.239990234375,4.293000221252441,89.62999725341797,32.45758819580078,46.4934196472168,53.478702545166016,1.6119999885559082,43.9900016784668,1.205501914024353,400.5,1.2404999732971191,110.41000366210938,18.3843994140625,89.29000091552734,13.90999984741211
2004-09-10,11.960310935974121,25.216083526611328,1123.9200439453125,569.9099731445312,4.179999828338623,88.38999938964844,32.45758819580078,47.026668548583984,53.49937438964844,1.6230000257492065,42.810001373291016,1.2272950410842896,401.8999938964844,1.281000018119812,109.58000183105469,18.3843994140625,96.58000183105469,13.760000228881836
2004-09-17,12.244086265563965,25.251930236816406,1128.550048828125,573.1699829101562,4.126999855041504,88.91000366210938,32.45758819580078,47.29330062866211,53.49421310424805,1.6679999828338623,45.59000015258789,1.2182048559188843,405.79998779296875,1.3020000457763672,109.69999694824219,18.3843994140625,93.66000366210938,14.029999732971191
2004-09-24,12.216717720031738,25.036869049072266,1110.1099853515625,565.969970703125,4.031000137329102,88.4000015258789,32.45758819580078,47.53032302856445,53.706172943115234,1.690999984741211,48.880001068115234,1.227596402168274,408.1000061035156,1.3619999885559082,110.54000091552734,18.3843994140625,95.62999725341797,14.279999732971191
2004-10-01,12.661828994750977,25.735824584960938,1131.5,585.030029296875,4.190999984741211,87.62999725341797,32.45758819580078,47.088069915771484,53.60792541503906,1.656999945640564,50.119998931884766,1.2414957284927368,419.5,1.4079999923706055,110.4800033569336,18.3843994140625,93.08000183105469,12.75
2004-10-08,12.72665023803711,25.888164520263672,1122.1400146484375,575.6500244140625,4.132999897003174,87.44999694824219,32.45758819580078,47.47468185424805,53.788902282714844,1.656999945640564,53.310001373291016,1.2410026788711548,423.1000061035156,1.4735000133514404,109.5,18.3843994140625,91.37999725341797,15.050000190734863
2004-10-15,12.41478157043457,25.630083084106445,1108.199951171875,569.4199829101562,4.052999973297119,87.08999633789062,32.45758819580078,47.708290100097656,54.13522720336914,1.7120000123977661,54.93000030517578,1.2478941679000854,418.70001220703125,1.315999984741211,109.37000274658203,18.3843994140625,90.58999633789062,15.039999961853027
2004-10-22,12.496171951293945,25.77166748046875,1095.739990234375,567.780029296875,3.9839999675750732,85.87000274658203,32.45758819580078,47.856998443603516,54.5384635925293,1.8070000410079956,55.16999816894531,1.2690999507904053,424.6000061035156,1.309499979019165,107.5199966430664,18.3843994140625,85.83999633789062,15.279999732971191
2004-10-29,12.77778148651123,26.228681564331055,1130.199951171875,583.7899780273438,4.0289998054504395,84.91000366210938,32.45758819580078,47.856998443603516,54.45059585571289,1.8669999837875366,51.7599983215332,1.2791976928710938,428.5,1.347499966621399,105.72000122070312,18.3843994140625,96.44999694824219,16.270000457763672
2004-11-05,13.338850021362305,27.293231964111328,1166.1700439453125,604.2899780273438,4.185999870300293,84.01000213623047,32.45758819580078,47.63568115234375,54.21657180786133,1.9819999933242798,49.61000061035156,1.2966973781585693,433.6000061035156,1.378499984741211,105.48999786376953,18.3843994140625,92.68000030517578,13.84000015258789
2004-11-12,13.666558265686035,27.599699020385742,1184.1700439453125,621.97998046875,4.197999954223633,83.69000244140625,32.45758819580078,47.64419937133789,54.22687911987305,2.0360000133514404,47.31999969482422,1.2970000505447388,437.8999938964844,1.4279999732971191,105.6500015258789,18.3843994140625,85.93000030517578,13.329999923706055
2004-11-19,13.655755043029785,27.501123428344727,1170.3399658203125,613.4400024414062,4.196000099182129,83.30999755859375,32.45758819580078,47.72520446777344,54.52206802368164,2.0959999561309814,48.439998626708984,1.3039000034332275,446.79998779296875,1.4819999933242798,103.08000183105469,18.3843994140625,87.5999984741211,13.5
2004-11-26,14.109505653381348,27.922290802001953,1182.6500244140625,631.1599731445312,4.23799991607666,81.77999877929688,32.45758819580078,47.5887565612793,54.589359283447266,2.1519999504089355,49.439998626708984,1.329504370689392,449.29998779296875,1.4884999990463257,102.52999877929688,18.3843994140625,84.9000015258789,12.779999732971191
2004-12-03,14.19953441619873,28.431283950805664,1191.1700439453125,642.2100219726562,4.269999980926514,80.9800033569336,32.45758819580078,47.36052322387695,54.5086555480957,2.1670000553131104,42.540000915527344,1.3466018438339233,456.0,1.434999942779541,102.08999633789062,18.3843994140625,78.12000274658203,12.960000038146973
2004-12-10,13.648550987243652,27.692901611328125,1188.0,632.239990234375,4.156000137329102,82.55000305175781,32.45758819580078,47.89990234375,54.820152282714844,2.2009999752044678,40.709999084472656,1.3215975761413574,433.8999938964844,1.4014999866485596,105.0199966430664,18.3843994140625,82.9800033569336,12.760000228881836
2004-12-17,14.073493957519531,28.02982521057129,1194.199951171875,642.0800170898438,4.206999778747559,82.16000366210938,32.45758819580078,47.9084587097168,55.105655670166016,2.1519999504089355,46.279998779296875,1.3312920331954956,441.6000061035156,1.472499966621399,104.1500015258789,18.3843994140625,86.43000030517578,11.949999809265137
2004-12-24,14.488313674926758,28.71529769897461,1210.1300048828125,649.3699951171875,4.2179999351501465,81.22000122070312,32.45758819580078,48.03268814086914,55.40157699584961,2.1470000743865967,44.18000030517578,1.3538029193878174,441.8999938964844,1.4830000400543213,103.6500015258789,18.3843994140625,80.66999816894531,11.229999542236328
2004-12-31,14.71578598022461,29.161130905151367,1211.9200439453125,651.5700073242188,4.216000080108643,80.8499984741211,32.45758819580078,47.93076705932617,55.2281608581543,2.181999921798706,43.45000076293945,1.3565024137496948,437.5,1.4869999885559082,102.51000213623047,18.3843994140625,86.5999984741211,13.289999961853027
2005-01-07,13.959026336669922,28.251279830932617,1186.18994140625,613.2100219726562,4.284999847412109,83.61000061035156,32.45758819580078,48.02101516723633,54.71666717529297,2.2769999504089355,45.43000030517578,1.3060967922210693,418.8999938964844,1.4149999618530273,104.88999938964844,18.3843994140625,92.37999725341797,13.489999771118164
2005-01-14,14.314805030822754,28.442346572875977,1184.52001953125,617.47998046875,4.216000080108643,83.05999755859375,32.45758819580078,48.28318786621094,55.14461898803711,2.319999933242798,48.380001068115234,1.3098949193954468,422.70001220703125,1.434000015258789,101.9800033569336,18.3843994140625,76.61000061035156,12.430000305175781
2005-01-21,14.107020378112793,28.09295654296875,1167.8699951171875,611.0800170898438,4.142000198364258,83.26000213623047,32.45758819580078,48.40349578857422,55.196876525878906,2.302000045776367,48.529998779296875,1.299899935722351,426.70001220703125,1.4765000343322754,102.61000061035156,18.3843994140625,76.30000305175781,14.359999656677246
2005-01-28,14.447480201721191,28.469642639160156,1171.3599853515625,613.0,4.138000011444092,83.4800033569336,32.45758819580078,48.51950454711914,55.202083587646484,2.4070000648498535,47.18000030517578,1.3044953346252441,425.79998779296875,1.462499976158142,102.7300033569336,18.3843994140625,78.62000274658203,13.239999771118164
2005-02-04,15.02562141418457,28.81538963317871,1203.030029296875,637.4400024414062,4.072999954223633,84.38999938964844,32.45758819580078,48.68215560913086,55.30764389038086,2.421999931335449,46.47999954223633,1.2857933044433594,414.0,1.4179999828338623,104.04000091552734,18.3843994140625,75.51000213623047,11.210000038146973
2005-02-11,15.273491859436035,29.05740737915039,1205.300048828125,634.760009765625,4.09499979019165,84.56999969482422,32.45758819580078,48.73392105102539,55.76763916015625,2.49399995803833,47.15999984741211,1.2856941223144531,420.5,1.4674999713897705,105.75,18.3843994140625,81.94999694824219,11.430000305175781
2005-02-18,15.535219192504883,29.42499542236328,1201.5899658203125,630.1300048828125,4.260000228881836,83.48999786376953,32.45758819580078,48.31981658935547,55.41218566894531,2.552000045776367,48.349998474121094,1.3068991899490356,427.1000061035156,1.4945000410079956,105.62999725341797,18.3843994140625,78.45999908447266,11.180000305175781
2005-02-25,16.082008361816406,29.758007049560547,1211.3699951171875,637.530029296875,4.271999835968018,82.66000366210938,32.45758819580078,48.33702850341797,55.22917175292969,2.674999952316284,51.4900016784668,1.3246086835861206,434.8999938964844,1.4889999628067017,105.23999786376953,18.3843994140625,80.69999694824219,11.489999771118164
2005-03-04,16.068153381347656,30.1619873046875,1222.1199951171875,644.9500122070312,4.309999942779541,82.54000091552734,32.45758819580078,48.22506332397461,55.33378219604492,2.691999912261963,53.779998779296875,1.3246963024139404,434.20001220703125,1.4919999837875366,104.79000091552734,18.3843994140625,83.0,11.9399995803833
2005-03-11,15.716751098632812,30.071001052856445,1200.0799560546875,626.8400268554688,4.534999847412109,81.41999816894531,32.45758819580078,47.670772552490234,54.62801742553711,2.691999912261963,54.43000030517578,1.3472912311553955,446.20001220703125,1.4809999465942383,104.08000183105469,18.3843994140625,93.69999694824219,12.800000190734863
2005-03-18,15.284427642822266,29.72889518737793,1189.6500244140625,622.5700073242188,4.511000156402588,82.12999725341797,32.45758819580078,47.38494110107422,54.9730339050293,2.742000102996826,56.720001220703125,1.332196593284607,439.29998779296875,1.5075000524520874,104.70999908447266,18.3843994140625,90.0999984741211,13.140000343322754
2005-03-25,14.581640243530273,28.988262176513672,1171.4200439453125,615.27001953125,4.591000080108643,84.12999725341797,32.45758819580078,47.159759521484375,54.523475646972656,2.7699999809265137,54.84000015258789,1.2956053018569946,424.70001220703125,1.4594999551773071,106.36000061035156,18.3843994140625,88.37000274658203,13.420000076293945
2005-04-01,14.87252426147461,28.84268569946289,1172.9200439453125,611.5499877929688,4.451000213623047,84.43000030517578,32.45758819580078,47.50205612182617,55.13371658325195,2.7269999980926514,57.27000045776367,1.2909055948257446,425.8999938964844,1.4924999475479126,107.66000366210938,18.3843994140625,75.16000366210938,14.09000015258789
2005-04-08,15.186007499694824,29.20663070678711,1181.199951171875,610.75,4.491000175476074,84.47000122070312,32.45758819580078,47.241153717041016,54.91355895996094,2.7119998931884766,53.31999969482422,1.2934937477111816,426.8999938964844,1.5234999656677246,108.16000366210938,18.3843994140625,81.4000015258789,12.619999885559082
2005-04-15,14.238252639770508,28.345890045166016,1142.6199951171875,580.780029296875,4.270999908447266,84.55999755859375,32.45758819580078,47.719482421875,55.726112365722656,2.7239999771118164,50.4900016784668,1.2870012521743774,424.8999938964844,1.4630000591278076,107.70999908447266,18.3843994140625,83.83999633789062,17.739999771118164
2005-04-22,14.551739692687988,28.660720825195312,1152.1199951171875,589.530029296875,4.255000114440918,83.5,32.45758819580078,47.92817687988281,56.07212448120117,2.8580000400543213,55.38999938964844,1.3061991930007935,434.29998779296875,1.5019999742507935,105.94999694824219,18.3843994140625,84.18000030517578,15.380000114440918
2005-04-29,14.600586891174316,28.442346572875977,1156.8499755859375,579.3800048828125,4.201000213623047,84.43000030517578,32.45758819580078,48.22814178466797,56.0406494140625,2.8369998931884766,49.720001220703125,1.287597894668579,435.0,1.4980000257492065,104.6500015258789,18.3843994140625,82.52999877929688,15.3100004196167
2005-05-06,15.204236030578613,28.749876022338867,1171.3499755859375,596.52001953125,4.265999794006348,84.61000061035156,32.45758819580078,47.96973419189453,55.78224563598633,2.802000045776367,50.959999084472656,1.2811970710754395,426.1000061035156,1.472000002861023,105.06999969482422,18.3843994140625,78.4000015258789,14.050000190734863
2005-05-13,14.539341926574707,28.023801803588867,1154.050048828125,582.02001953125,4.120999813079834,86.0999984741211,32.45758819580078,47.952293395996094,56.06118392944336,2.756999969482422,48.66999816894531,1.2616068124771118,420.20001220703125,1.4244999885559082,107.30999755859375,18.3843994140625,87.0999984741211,16.31999969482422
2005-05-20,15.02562141418457,28.351354598999023,1189.280029296875,609.4099731445312,4.125,86.62999725341797,32.45758819580078,47.99160385131836,56.22432327270508,2.825000047683716,46.79999923706055,1.2556977272033691,417.3999938964844,1.475000023841858,108.1500015258789,18.3843994140625,76.5999984741211,13.140000343322754
2005-05-27,15.19329833984375,28.56972312927246,1198.780029296875,616.9000244140625,4.072999954223633,86.41999816894531,32.45758819580078,48.318965911865234,56.2191162109375,2.88700008392334,51.849998474121094,1.2581939697265625,419.79998779296875,1.4859999418258667,107.9800033569336,18.3843994140625,73.75,12.149999618530273
2005-06-03,15.276412010192871,28.342260360717773,1196.02001953125,620.2999877929688,3.9790000915527344,88.04000091552734,32.45758819580078,48.791839599609375,56.6633186340332,2.930000066757202,55.029998779296875,1.223002314567566,423.70001220703125,1.5954999923706055,107.63999938964844,18.3843994140625,78.9000015258789,12.149999618530273
2005-06-10,15.419301986694336,28.5733642578125,1198.1099853515625,626.3300170898438,4.046999931335449,88.69000244140625,32.45758819580078,48.61653137207031,56.2239990234375,2.937000036239624,53.540000915527344,1.2136952877044678,427.3999938964844,1.6319999694824219,108.6500015258789,18.3843994140625,82.52999877929688,11.960000038146973
2005-06-17,15.99014949798584,29.135663986206055,1216.9599609375,644.1900024414062,4.078000068664551,87.7300033569336,32.45758819580078,48.39739227294922,56.1922721862793,2.9130001068115234,58.470001220703125,1.2278977632522583,438.29998779296875,1.6894999742507935,108.52999877929688,18.3843994140625,72.4000015258789,11.479999542236328
2005-06-24,15.583335876464844,28.660720825195312,1191.5699462890625,630.4099731445312,3.9140000343322754,88.77999877929688,32.45758819580078,49.002174377441406,56.63690948486328,3.0,59.84000015258789,1.2098042964935303,440.5,1.6755000352859497,108.97000122070312,18.3843994140625,76.0,12.180000305175781
2005-07-01,15.716751098632812,28.56244468688965,1194.43994140625,643.0399780273438,4.048999786376953,90.12999725341797,32.45758819580078,48.89479064941406,56.38411331176758,3.0899999141693115,58.75,1.193602204322815,427.79998779296875,1.5364999771118164,111.73999786376953,18.3843994140625,78.8499984741211,11.399999618530273
2005-07-08,15.920158386230469,28.74260139465332,1211.8599853515625,662.1400146484375,4.109000205993652,90.25,32.45758819580078,48.87278366088867,55.957881927490234,3.0950000286102295,59.630001068115234,1.1981070041656494,422.8999938964844,1.625499963760376,112.26000213623047,18.3843994140625,80.12000274658203,11.449999809265137
2005-07-15,16.348833084106445,29.02101707458496,1227.9200439453125,663.739990234375,4.175000190734863,89.72000122070312,32.45758819580078,48.67044448852539,55.377254486083984,3.177999973297119,58.09000015258789,1.204601526260376,420.70001220703125,1.628999948501587,112.20999908447266,18.3843994140625,77.5,10.329999923706055
2005-07-22,16.626602172851562,29.233917236328125,1233.6800537109375,677.780029296875,4.2230000495910645,89.63999938964844,32.45758819580078,48.69685363769531,55.53708267211914,3.2929999828338623,58.650001525878906,1.2060980796813965,424.70001220703125,1.655500054359436,111.30000305175781,18.3843994140625,75.54000091552734,10.520000457763672
2005-07-29,16.86281394958496,29.45775604248047,1234.1800537109375,679.75,4.285999774932861,89.3499984741211,32.45758819580078,48.71448516845703,55.355926513671875,3.3320000171661377,60.56999969482422,1.2124004364013672,429.8999938964844,1.6875,112.44000244140625,18.3843994140625,74.80000305175781,11.569999694824219
2005-08-05,16.928424835205078,29.8289737701416,1226.4200439453125,662.7899780273438,4.392000198364258,88.05999755859375,32.45758819580078,48.54133224487305,55.12160873413086,3.437000036239624,62.310001373291016,1.2365983724594116,437.20001220703125,1.6890000104904175,111.80000305175781,18.3843994140625,75.97000122070312,12.479999542236328
2005-08-12,17.289304733276367,30.789793014526367,1230.3900146484375,660.0,4.23799991607666,86.9800033569336,32.45758819580078,48.823951721191406,55.54521179199219,3.433000087738037,66.86000061035156,1.2444931268692017,445.8999938964844,1.7374999523162842,109.33999633789062,18.3843994140625,74.01000213623047,12.739999771118164
2005-08-19,16.73814582824707,30.254798889160156,1219.7099609375,652.510009765625,4.210999965667725,88.58000183105469,32.45758819580078,48.8460578918457,55.845481872558594,3.427999973297119,65.3499984741211,1.2154951095581055,437.20001220703125,1.718500018119812,110.44000244140625,18.3843994140625,73.30000305175781,13.420000076293945
2005-08-26,16.731586456298828,30.15107536315918,1205.0999755859375,648.6400146484375,4.189000129699707,87.86000061035156,32.45758819580078,49.01829528808594,56.06532669067383,3.4670000076293945,66.12999725341797,1.2294074296951294,437.3999938964844,1.7695000171661377,110.16000366210938,18.3843994140625,73.62999725341797,13.720000267028809
2005-09-02,17.47521209716797,31.06275177001953,1218.02001953125,663.3300170898438,4.0289998054504395,86.30000305175781,32.45758819580078,49.320335388183594,56.92766571044922,3.377000093460083,67.56999969482422,1.2533055543899536,444.20001220703125,1.746999979019165,109.80000305175781,18.3843994140625,80.66000366210938,13.569999694824219
2005-09-09,17.947628021240234,31.526784896850586,1241.47998046875,678.0499877929688,4.123000144958496,86.88999938964844,32.45758819580078,49.07643508911133,56.77696990966797,3.3970000743865967,64.08000183105469,1.2410951852798462,449.0,1.684000015258789,109.62000274658203,18.3843994140625,79.91000366210938,11.979999542236328
2005-09-16,18.032926559448242,31.461278915405273,1237.9100341796875,671.97998046875,4.26200008392334,88.05000305175781,32.45758819580078,48.61082458496094,56.52392578125,3.4089999198913574,63.0,1.223900318145752,459.5,1.6729999780654907,111.31999969482422,18.3843994140625,82.5,11.220000267028809
2005-09-23,18.028554916381836,31.00815200805664,1215.2900390625,655.4600219726562,4.248000144958496,89.20999908447266,32.45758819580078,48.71723937988281,56.61007308959961,3.390000104904175,64.19000244140625,1.2040939331054688,463.5,1.7984999418258667,112.4800033569336,18.3843994140625,78.16999816894531,12.960000038146973
2005-09-30,18.564403533935547,31.71786117553711,1228.81005859375,667.7999877929688,4.328000068664551,89.5199966430664,32.45758819580078,48.52650833129883,56.66930389404297,3.4700000286102295,66.23999786376953,1.2028049230575562,469.0,1.8014999628067017,113.45999908447266,18.3843994140625,76.70999908447266,11.920000076293945
2005-10-07,17.74641227722168,31.09005355834961,1195.9000244140625,644.3300170898438,4.361000061035156,89.16999816894531,32.45758819580078,48.48023223876953,56.1795768737793,3.5329999923706055,61.84000015258789,1.213003396987915,474.70001220703125,1.9005000591278076,113.77999877929688,18.3843994140625,77.4800033569336,14.59000015258789
2005-10-14,17.046533584594727,30.991777420043945,1186.5699462890625,633.1500244140625,4.491000175476074,89.3499984741211,32.45758819580078,47.98604965209961,55.97978973388672,3.7019999027252197,62.630001068115234,1.2077003717422485,469.20001220703125,1.8545000553131104,114.05000305175781,18.3843994140625,80.69999694824219,14.869999885559082
2005-10-21,16.873746871948242,30.003664016723633,1179.5899658203125,632.72998046875,4.389999866485596,90.30999755859375,32.45758819580078,48.29771041870117,56.27136993408203,3.765000104904175,60.630001068115234,1.1954001188278198,467.0,1.9279999732971191,115.9000015258789,18.3843994140625,78.4000015258789,16.1299991607666
2005-10-28,17.081527709960938,30.653310775756836,1198.4100341796875,635.3300170898438,4.566999912261963,89.58999633789062,32.45758819580078,47.77235794067383,55.774620056152344,3.825000047683716,61.220001220703125,1.2071025371551514,473.0,1.8960000276565552,115.56999969482422,18.3843994140625,80.19999694824219,14.25
2005-11-04,17.94981575012207,31.09005355834961,1220.1400146484375,658.1599731445312,4.6570000648498535,91.26000213623047,32.45758819580078,47.518558502197266,55.682891845703125,3.865000009536743,60.58000183105469,1.1813069581985474,456.29998779296875,1.933500051498413,118.30999755859375,18.3843994140625,76.5,13.170000076293945
2005-11-11,18.129165649414062,31.297496795654297,1234.719970703125,666.6599731445312,4.564000129699707,91.9800033569336,32.45758819580078,47.88951110839844,55.878116607666016,3.871999979019165,57.529998779296875,1.1735023260116577,468.29998779296875,1.9989999532699585,118.04000091552734,18.3843994140625,79.87999725341797,11.630000114440918
2005-11-18,18.448486328125,31.635967254638672,1248.27001953125,672.219970703125,4.501999855041504,91.93000030517578,32.45758819580078,47.96097946166992,55.94314193725586,3.9119999408721924,56.13999938964844,1.1776067018508911,485.6000061035156,2.0999999046325684,119.08999633789062,18.3843994140625,76.51000213623047,11.119999885559082
2005-11-25,18.6322078704834,31.630504608154297,1268.25,683.5800170898438,4.431000232696533,92.04000091552734,32.45758819580078,48.22466278076172,56.197959899902344,3.8519999980926514,58.709999084472656,1.1724978685379028,492.1000061035156,2.140000104904175,119.63999938964844,18.3843994140625,72.05999755859375,10.880000114440918
2005-12-02,18.853111267089844,32.127296447753906,1265.0799560546875,690.5700073242188,4.519000053405762,91.94999694824219,32.45758819580078,47.98884201049805,55.914791107177734,3.8919999599456787,59.31999969482422,1.1718933582305908,503.29998779296875,2.1524999141693115,120.44999694824219,18.3843994140625,69.38999938964844,11.010000228881836
2005-12-09,19.04995346069336,32.471221923828125,1259.3699951171875,688.77001953125,4.5370001792907715,91.25,32.45758819580078,47.91709518432617,55.87089538574219,3.8420000076293945,59.38999938964844,1.181404709815979,527.0,2.180000066757202,120.63999938964844,18.3843994140625,71.88999938964844,11.6899995803833
2005-12-16,19.137434005737305,32.97346115112305,1267.3199462890625,683.0900268554688,4.447999954223633,89.69999694824219,32.45758819580078,48.26248550415039,56.26036071777344,3.8320000171661377,58.060001373291016,1.2014031410217285,503.3999938964844,2.1695001125335693,115.63999938964844,18.3843994140625,70.2699966430664,10.680000305175781
2005-12-23,19.691633224487305,33.2515869140625,1268.6600341796875,686.4400024414062,4.380000114440918,90.83999633789062,32.45758819580078,48.43293762207031,56.57844161987305,3.8949999809265137,58.43000030517578,1.187197208404541,503.0,2.2304999828338623,116.36000061035156,18.3843994140625,67.88999938964844,10.270000457763672
2005-12-30,19.51692008972168,33.04584503173828,1248.2900390625,673.219970703125,4.394999980926514,91.16999816894531,32.45758819580078,48.486602783203125,56.60354232788086,3.984999895095825,61.040000915527344,1.184104561805725,517.0999755859375,2.1614999771118164,117.9800033569336,18.3843994140625,72.08999633789062,12.069999694824219
2006-01-06,20.963266372680664,34.725093841552734,1285.449951171875,699.3900146484375,4.379000186920166,88.8499984741211,32.45758819580078,48.71622085571289,56.53752136230469,4.10699987411499,64.20999908447266,1.2154065370559692,539.7000122070312,2.1554999351501465,114.38999938964844,18.3843994140625,69.12000274658203,11.0
2006-01-13,20.888076782226562,34.57496643066406,1287.6099853515625,708.4400024414062,4.349999904632568,88.88999938964844,32.45758819580078,48.81077194213867,56.7631950378418,4.21999979019165,63.91999816894531,1.2142995595932007,556.0999755859375,2.1679999828338623,114.22000122070312,18.3843994140625,64.9000015258789,11.229999542236328
2006-01-20,20.545289993286133,33.546287536621094,1261.489990234375,704.5999755859375,4.361000061035156,88.94999694824219,32.45758819580078,48.828773498535156,56.928367614746094,4.251999855041504,68.3499984741211,1.2136069536209106,553.5,2.130000114440918,115.2699966430664,18.3843994140625,66.19999694824219,14.5600004196167
2006-01-27,22.2459659576416,34.891929626464844,1283.719970703125,732.219970703125,4.502999782562256,89.31999969482422,32.45758819580078,48.563114166259766,56.43841552734375,4.336999893188477,67.76000213623047,1.2093945741653442,558.7000122070312,2.2964999675750732,117.4000015258789,18.3843994140625,73.69999694824219,11.970000267028809
2006-02-03,21.407791137695312,34.57496643066406,1264.030029296875,724.219970703125,4.5329999923706055,89.88999938964844,32.45758819580078,48.32427215576172,56.73017120361328,4.361999988555908,65.37000274658203,1.2027037143707275,567.4000244140625,2.318000078201294,118.88999938964844,18.3843994140625,68.73999786376953,12.960000038146973
2006-02-10,21.429903030395508,34.38035202026367,1266.989990234375,717.1300048828125,4.580999851226807,90.55000305175781,32.45758819580078,48.270023345947266,56.2952880859375,4.425000190734863,61.84000015258789,1.19070303440094,550.2000122070312,2.2260000705718994,117.83000183105469,18.3843994140625,72.4000015258789,12.869999885559082
2006-02-17,21.843467712402344,34.43595886230469,1287.239990234375,730.9400024414062,4.540999889373779,90.63999938964844,32.45758819580078,48.55024337768555,56.54851531982422,4.427000045776367,59.880001068115234,1.1942009925842285,551.7999877929688,2.2090001106262207,118.13999938964844,18.15449333190918,62.529998779296875,12.010000228881836
2006-02-24,21.803661346435547,34.90859603881836,1289.4300537109375,736.5999755859375,4.566999912261963,90.61000061035156,32.45758819580078,48.5773811340332,56.50995635986328,4.48199987411499,62.90999984741211,1.1878036260604858,558.7999877929688,2.2039999961853027,116.83999633789062,18.582592010498047,55.2400016784668,11.460000038146973
2006-03-03,21.673181533813477,34.85300064086914,1287.22998046875,738.4400024414062,4.684000015258789,89.66000366210938,32.45758819580078,48.10391616821289,56.4218635559082,4.492000102996826,63.66999816894531,1.204601526260376,566.0,2.2695000171661377,116.41000366210938,18.931407928466797,63.11000061035156,11.960000038146973
2006-03-10,20.93230628967285,34.89748001098633,1281.4200439453125,726.3400268554688,4.755000114440918,90.8499984741211,32.45758819580078,47.96776580810547,55.65666961669922,4.489999771118164,59.959999084472656,1.1911001205444336,539.9000244140625,2.2170000076293945,119.0,18.114852905273438,62.5,11.850000381469727
2006-03-17,21.77048110961914,35.97621536254883,1307.25,746.0900268554688,4.673999786376953,88.91999816894531,32.45758819580078,48.358062744140625,56.091583251953125,4.517000198364258,62.77000045776367,1.2192000150680542,554.0999755859375,2.36899995803833,115.91000366210938,18.487457275390625,64.51000213623047,12.119999885559082
2006-03-24,21.673181533813477,35.85942840576172,1302.949951171875,753.8300170898438,4.675000190734863,90.06999969482422,32.45758819580078,48.312679290771484,56.075050354003906,4.534999847412109,64.26000213623047,1.2034997940063477,560.0,2.4114999771118164,117.44999694824219,18.408180236816406,65.69999694824219,11.1899995803833
2006-03-31,21.894330978393555,36.098533630371094,1294.8699951171875,765.1400146484375,4.853000164031982,89.7300033569336,32.45758819580078,47.78626251220703,55.40892791748047,4.514999866485596,66.62999725341797,1.2115044593811035,581.7999877929688,2.48799991607666,117.76000213623047,18.97897720336914,68.5999984741211,11.390000343322754
2006-04-07,22.414047241210938,36.51557540893555,1295.5,756.1300048828125,4.9629998207092285,89.62999725341797,32.45758819580078,47.671382904052734,55.10187530517578,4.561999797821045,67.38999938964844,1.2094969749450684,588.4000244140625,2.6705000400543213,118.23999786376953,19.33572769165039,70.80000305175781,12.260000228881836
2006-04-14,22.380874633789062,36.25423049926758,1289.1199951171875,751.1099853515625,5.035999774932861,89.62000274658203,32.45758819580078,47.46177291870117,54.82518005371094,4.577000141143799,69.31999969482422,1.2111963033676147,596.5,2.868000030517578,118.68000030517578,19.85895538330078,71.69999694824219,12.380000114440918
2006-04-21,23.641456604003906,37.50534439086914,1311.280029296875,772.1199951171875,5.01200008392334,88.05000305175781,32.45758819580078,47.68056869506836,55.361976623535156,4.625,75.16999816894531,1.234095573425293,632.2000122070312,3.247999906539917,116.58000183105469,20.72307586669922,66.0,11.59000015258789
2006-04-28,23.32078742980957,37.82783889770508,1310.6099853515625,764.5399780273438,5.068999767303467,86.11000061035156,32.45758819580078,47.689666748046875,55.27893829345703,4.650000095367432,71.87999725341797,1.2635995149612427,651.7999877929688,3.3355000019073486,113.81999969482422,20.310836791992188,63.0,11.59000015258789
2006-05-05,24.37126350402832,39.045589447021484,1325.760009765625,781.8300170898438,5.107999801635742,85.12000274658203,32.45758819580078,47.55780792236328,55.16489791870117,4.695000171661377,70.19000244140625,1.272799015045166,682.2000122070312,3.5969998836517334,112.55999755859375,20.374256134033203,65.5999984741211,11.619999885559082
2006-05-12,23.066455841064453,38.228187561035156,1291.239990234375,742.4000244140625,5.185999870300293,83.95999908447266,32.45758819580078,47.46626663208008,55.22052764892578,4.706999778747559,72.04000091552734,1.2929919958114624,710.2999877929688,3.9665000438690186,109.97000122070312,21.28594207763672,65.80000305175781,14.1899995803833
2006-05-19,21.892122268676758,36.71017837524414,1267.030029296875,722.5399780273438,5.053999900817871,84.87999725341797,32.45758819580078,47.809547424316406,55.515220642089844,4.697000026702881,68.52999877929688,1.2766989469528198,656.7000122070312,3.6429998874664307,111.66000366210938,20.15228271484375,68.80000305175781,17.18000030517578
2006-05-26,21.297208786010742,36.671260833740234,1280.1600341796875,729.5499877929688,5.052000045776367,85.26000213623047,32.45758819580078,47.795833587646484,55.66537857055664,4.711999893188477,71.37000274658203,1.2739015817642212,650.9000244140625,4.014999866485596,112.6500015258789,20.6517276763916,67.0999984741211,14.260000228881836
2006-06-02,21.363563537597656,36.97153091430664,1288.219970703125,737.4500122070312,4.99399995803833,84.05000305175781,32.45758819580078,47.98097229003906,55.90935134887695,4.682000160217285,72.33000183105469,1.2918059825897217,635.5,3.6644999980926514,111.7300033569336,20.382183074951172,65.5,14.319999694824219
2006-06-09,19.25153350830078,34.42483139038086,1252.300048828125,701.3900146484375,4.980999946594238,85.72000122070312,32.45758819580078,48.017738342285156,55.763946533203125,4.747000217437744,71.62999725341797,1.2640947103500366,608.2000122070312,3.372999906539917,113.95999908447266,19.835172653198242,66.0999984741211,18.1200008392334
2006-06-16,19.61644172668457,34.41927719116211,1251.5400390625,693.0700073242188,5.127999782562256,85.91999816894531,32.45758819580078,47.57194137573242,55.47875213623047,4.744999885559082,69.87999725341797,1.2644941806793213,578.0,3.3864998817443848,115.13999938964844,19.304012298583984,65.4000015258789,17.25
2006-06-23,19.351055145263672,34.613895416259766,1244.5,690.1400146484375,5.228000164031982,86.81999969482422,32.45758819580078,47.227169036865234,55.14323425292969,4.835000038146973,70.87000274658203,1.2523951530456543,584.7999877929688,3.3424999713897705,116.54000091552734,19.33572769165039,70.69999694824219,15.890000343322754
2006-06-30,20.76644515991211,36.35987854003906,1270.199951171875,724.6699829101562,5.138000011444092,85.22000122070312,32.45758819580078,47.558109283447266,55.68004608154297,4.860000133514404,73.9800033569336,1.2782983779907227,613.5,3.4625000953674316,114.48999786376953,20.057147979736328,65.5,13.079999923706055
2006-07-07,20.589519500732422,36.065181732177734,1265.47998046875,709.2999877929688,5.131999969482422,84.9800033569336,32.45758819580078,47.614906311035156,55.705894470214844,4.875,74.08999633789062,1.2823965549468994,632.7999877929688,3.6424999237060547,113.95999908447266,20.413894653320312,64.0,13.970000267028809
2006-07-14,19.682785034179688,34.85300064086914,1236.199951171875,681.239990234375,5.059000015258789,86.08999633789062,32.45758819580078,47.86419677734375,55.99838638305664,4.914999961853027,77.02999877929688,1.2643983364105225,666.5999755859375,3.8294999599456787,116.08000183105469,21.00847625732422,68.9000015258789,18.049999237060547
2006-07-21,19.861919403076172,34.96420669555664,1240.2900390625,671.9400024414062,5.045000076293945,85.93000030517578,32.45758819580078,48.0534782409668,56.116458892822266,4.945000171661377,74.43000030517578,1.270599603652954,619.5999755859375,3.4165000915527344,116.12000274658203,20.20777702331543,66.0999984741211,17.399999618530273
2006-07-28,21.458656311035156,36.7824821472168,1278.550048828125,700.030029296875,4.989999771118164,85.44000244140625,32.45758819580078,48.24274826049805,56.5438346862793,4.920000076293945,73.23999786376953,1.2751035690307617,634.7999877929688,3.5840001106262207,114.73999786376953,20.302906036376953,63.70000076293945,14.329999923706055
2006-08-04,21.208759307861328,36.765811920166016,1279.3599853515625,701.260009765625,4.901000022888184,84.56999969482422,32.45758819580078,48.59785079956055,57.10498046875,4.945000171661377,74.76000213623047,1.2878963947296143,644.0,3.6624999046325684,114.4800033569336,20.6517276763916,62.5,14.34000015258789
2006-08-11,21.113656997680664,36.354312896728516,1266.739990234375,679.0399780273438,4.9670000076293945,85.5199966430664,32.45758819580078,48.45878601074219,56.96926498413086,4.934999942779541,74.3499984741211,1.2725075483322144,633.5,3.513000011444092,116.27999877929688,20.24741554260254,58.79999923706055,14.300000190734863
2006-08-18,21.752788543701172,37.62210464477539,1302.300048828125,711.6799926757812,4.835000038146973,85.08999633789062,32.45758819580078,48.927085876464844,57.268959045410156,4.960000038146973,71.13999938964844,1.2828078269958496,612.0999755859375,3.450000047683716,115.7699966430664,19.66868782043457,59.29999923706055,11.640000343322754
2006-08-25,21.2441349029541,37.132774353027344,1295.0899658203125,699.239990234375,4.790999889373779,85.37999725341797,32.45758819580078,49.08009719848633,57.4442024230957,4.965000152587891,72.51000213623047,1.2757054567337036,622.0,3.4549999237060547,117.26000213623047,19.866884231567383,58.29999923706055,12.3100004196167
2006-09-01,21.83019256591797,37.866756439208984,1311.010009765625,721.5599975585938,4.72599983215332,84.94000244140625,32.45758819580078,49.26716613769531,57.43962478637695,4.885000228881836,69.19000244140625,1.2835981845855713,624.4000244140625,3.4749999046325684,117.05999755859375,19.77967643737793,56.70000076293945,11.960000038146973
2006-09-08,21.248567581176758,36.98820495605469,1298.9200439453125,708.5399780273438,4.770999908447266,85.94999694824219,32.45758819580078,49.220603942871094,57.04154968261719,4.800000190734863,66.25,1.2672985792160034,609.5999755859375,3.578000068664551,116.94999694824219,19.422927856445312,56.400001525878906,13.15999984741211
2006-09-15,21.412216186523438,37.08830642700195,1319.6600341796875,729.4600219726562,4.797999858856201,85.98999786376953,32.45758819580078,49.2485466003418,56.95622634887695,4.815000057220459,63.33000183105469,1.2651021480560303,576.4000244140625,3.316499948501587,117.47000122070312,18.45574951171875,55.900001525878906,11.760000228881836
2006-09-22,20.95663070678711,37.1661376953125,1314.780029296875,718.6300048828125,4.5970001220703125,85.19999694824219,32.45758819580078,49.854000091552734,57.479408264160156,4.789999961853027,60.54999923706055,1.2799999713897705,589.4000244140625,3.439500093460083,116.69999694824219,18.3923282623291,69.5,12.59000015258789
2006-09-29,21.401153564453125,37.67215347290039,1335.8499755859375,725.5900268554688,4.632999897003174,85.97000122070312,32.45758819580078,49.7562141418457,57.5249137878418,4.760000228881836,62.90999984741211,1.2662074565887451,598.5999755859375,3.4590001106262207,117.95999908447266,18.986906051635742,63.099998474121094,11.979999542236328
2006-10-06,21.87221908569336,37.87788391113281,1349.5899658203125,739.8099975585938,4.696000099182129,86.44000244140625,32.45758819580078,49.66501235961914,57.35123825073242,4.809999942779541,59.7599983215332,1.260398268699646,572.4000244140625,3.383500099182129,119.01000213623047,18.78078269958496,63.70000076293945,11.5600004196167
2006-10-13,22.535686492919922,38.3950080871582,1365.6199951171875,762.6500244140625,4.806000232696533,87.12000274658203,32.45758819580078,49.30475997924805,56.75138854980469,4.920000076293945,58.56999969482422,1.250500202178955,588.7999877929688,3.3984999656677246,119.5999984741211,19.14546012878418,60.29999923706055,10.75
2006-10-20,22.51355743408203,38.80649948120117,1368.5999755859375,762.1300048828125,4.783999919891357,86.2699966430664,32.45758819580078,49.48252868652344,56.68283462524414,4.949999809265137,56.81999969482422,1.2616068124771118,593.0,3.444499969482422,118.72000122070312,19.066181182861328,56.599998474121094,10.630000114440918
2006-10-27,22.55779266357422,39.14567184448242,1377.3399658203125,765.8400268554688,4.675000190734863,85.55999755859375,32.45758819580078,49.98311996459961,57.27127456665039,4.965000152587891,60.75,1.2743074893951416,598.2000122070312,3.3910000324249268,117.58000183105469,19.502206802368164,59.5,10.800000190734863
2006-11-03,22.82318115234375,39.01222229003906,1364.300048828125,752.72998046875,4.715000152587891,85.70999908447266,32.45758819580078,50.0068244934082,57.2086181640625,4.954999923706055,59.13999938964844,1.2706964015960693,626.9000244140625,3.315500020980835,117.9800033569336,19.518062591552734,60.900001525878906,11.15999984741211
2006-11-10,23.437997817993164,39.60163116455078,1380.9000244140625,769.1500244140625,4.585999965667725,85.05000305175781,32.45758819580078,50.490806579589844,57.77158737182617,4.954999923706055,59.59000015258789,1.2853965759277344,628.4000244140625,3.077500104904175,117.5199966430664,19.62904930114746,63.5,10.789999961853027
2006-11-17,23.661361694335938,39.573829650878906,1401.199951171875,788.469970703125,4.60699987411499,85.37000274658203,32.45758819580078,50.500144958496094,57.329254150390625,4.945000171661377,55.810001373291016,1.285000205039978,621.5,3.052500009536743,117.54000091552734,19.438785552978516,65.0,10.050000190734863
2006-11-24,24.108091354370117,39.64055252075195,1400.949951171875,792.280029296875,4.547999858856201,83.70999908447266,32.45758819580078,50.7444953918457,57.65095520019531,4.90500020980835,59.2400016784668,1.3085066080093384,628.7000122070312,3.1059999465942383,115.88999938964844,19.89066505432129,63.0,10.729999542236328
2006-12-01,24.183290481567383,40.23552703857422,1396.7099609375,781.1699829101562,4.425000190734863,82.4800033569336,32.45758819580078,51.04875564575195,58.282928466796875,4.889999866485596,63.43000030517578,1.334098219871521,644.7000122070312,3.1470000743865967,115.2300033569336,20.429750442504883,72.25,11.65999984741211
2006-12-08,24.747236251831055,40.674800872802734,1409.8399658203125,792.5599975585938,4.552000045776367,83.33000183105469,32.45758819580078,50.85055923461914,57.80034637451172,4.829999923706055,62.029998779296875,1.3394052982330322,626.0999755859375,3.1070001125335693,116.29000091552734,19.89859390258789,71.0999984741211,12.069999694824219
2006-12-15,25.12319564819336,41.164119720458984,1427.0899658203125,792.7100219726562,4.5970001220703125,84.05999755859375,32.45758819580078,50.76093292236328,57.363712310791016,4.775000095367432,63.43000030517578,1.3098949193954468,615.0,3.003999948501587,118.1500015258789,20.231557846069336,64.25,10.050000190734863
2006-12-22,25.11064910888672,41.09663009643555,1410.760009765625,780.8200073242188,4.624000072479248,83.94000244140625,32.45758819580078,50.76566696166992,57.07646942138672,4.849999904632568,62.40999984741211,1.3136979341506958,619.0999755859375,2.8299999237060547,118.98999786376953,20.101608276367188,65.30000305175781,11.359999656677246
2006-12-29,25.60858917236328,41.57358169555664,1418.300048828125,787.6599731445312,4.710000038146973,83.72000122070312,32.45758819580078,50.53190994262695,56.76047897338867,4.885000228881836,61.04999923706055,1.3198009729385376,635.2000122070312,2.8540000915527344,118.9800033569336,19.96353530883789,66.80000305175781,11.5600004196167
2007-01-05,24.724836349487305,40.99442672729492,1409.7099609375,775.8699951171875,4.645999908447266,84.62999725341797,32.45758819580078,50.768760681152344,56.886844635009766,4.909999847412109,56.310001373291016,1.2984988689422607,604.9000244140625,2.5225000381469727,118.69000244140625,18.761499404907227,67.4000015258789,12.140000343322754
2007-01-12,25.09943389892578,41.50544738769531,1430.72998046875,794.260009765625,4.770999908447266,85.02999877929688,32.45758819580078,50.489288330078125,56.32387924194336,4.954999923706055,52.9900016784668,1.292808175086975,625.5,2.5929999351501465,120.30000305175781,18.826478958129883,61.20000076293945,10.149999618530273
2007-01-19,25.265409469604492,41.840450286865234,1430.5,785.1599731445312,4.7729997634887695,84.86000061035156,32.45758819580078,50.59351348876953,56.55366897583008,5.0,51.9900016784668,1.2968990802764893,635.5,2.502000093460083,121.20999908447266,18.63967514038086,57.20000076293945,10.399999618530273
2007-01-26,25.38878059387207,41.6644172668457,1422.1800537109375,788.1400146484375,4.879000186920166,85.27999877929688,32.45758819580078,50.31877517700195,56.496246337890625,4.994999885559082,55.41999816894531,1.2928917407989502,644.5,2.621500015258789,121.41000366210938,19.151351928710938,60.29999923706055,11.130000114440918
2007-02-02,25.873273849487305,42.41960525512695,1448.3900146484375,809.4199829101562,4.827000141143799,84.95999908447266,32.45758819580078,50.60643005371094,56.80640411376953,5.0,59.02000045776367,1.2963947057724,646.2000122070312,2.4100000858306885,121.12999725341797,19.663026809692383,56.099998474121094,10.079999923706055
2007-02-09,25.60410499572754,42.37983322143555,1438.06005859375,807.1099853515625,4.783999919891357,84.87000274658203,32.45758819580078,50.72058868408203,56.73175048828125,5.014999866485596,59.88999938964844,1.3006945848464966,667.5,2.506500005722046,121.70999908447266,19.833587646484375,60.099998474121094,11.100000381469727
2007-02-16,26.465425491333008,43.367794036865234,1455.5400390625,818.1500244140625,4.690000057220459,84.08999633789062,32.45758819580078,51.13444137573242,57.13967514038086,5.03000020980835,59.38999938964844,1.3138015270233154,668.7999877929688,2.6384999752044678,119.41000366210938,19.890439987182617,60.70000076293945,10.020000457763672
2007-02-23,26.355525970458984,43.53812789916992,1451.18994140625,826.6400146484375,4.677999973297119,84.06999969482422,32.45758819580078,51.27716827392578,57.357967376708984,5.039999961853027,61.13999938964844,1.3168984651565552,683.0999755859375,2.8364999294281006,121.08999633789062,20.49958038330078,57.79999923706055,10.579999923706055
2007-03-02,24.224651336669922,41.10798263549805,1387.1700439453125,775.4400024414062,4.514999866485596,83.73999786376953,32.45758819580078,51.744468688964844,58.2191162109375,4.96999979019165,61.63999938964844,1.3164995908737183,641.5,2.693000078201294,117.19000244140625,20.1422176361084,76.69999694824219,18.610000610351562
2007-03-09,25.166723251342773,42.07321548461914,1402.8399658203125,785.1199951171875,4.589000225067139,84.23999786376953,32.45758819580078,51.45307159423828,57.867706298828125,4.949999809265137,60.04999923706055,1.3115957975387573,650.0,2.7769999504089355,118.31999969482422,20.06911849975586,63.599998474121094,14.09000015258789
2007-03-16,24.745033264160156,41.590606689453125,1386.949951171875,778.77001953125,4.545000076293945,83.2300033569336,32.45758819580078,51.35276412963867,58.17303466796875,4.885000228881836,57.11000061035156,1.3318061828613281,652.5999755859375,3.008500099182129,116.73999786376953,19.695514678955078,67.0,16.790000915527344
2007-03-23,26.22542381286621,43.43592834472656,1436.1099853515625,809.510009765625,4.61299991607666,83.27999877929688,32.45758819580078,51.271583557128906,58.184547424316406,4.925000190734863,62.279998779296875,1.3296988010406494,656.7000122070312,3.069000005722046,118.05000305175781,20.18282699584961,68.69999694824219,12.949999809265137
2007-03-30,26.13121223449707,43.3223762512207,1420.8599853515625,800.7100219726562,4.6479997634887695,82.93000030517578,32.45758819580078,51.24285125732422,58.207618713378906,4.894999980926514,65.87000274658203,1.3358982801437378,663.0,3.1435000896453857,117.80999755859375,20.613285064697266,67.9000015258789,14.640000343322754
2007-04-06,26.934219360351562,44.139984130859375,1443.760009765625,813.3499755859375,4.673999786376953,82.68000030517578,32.45758819580078,51.18144607543945,58.1491584777832,4.894999980926514,64.27999877929688,1.3401951789855957,674.2000122070312,3.371000051498413,119.06999969482422,20.5970401763916,64.0,13.229999542236328
2007-04-13,27.551055908203125,44.662353515625,1452.8499755859375,819.3800048828125,4.761000156402588,82.12999725341797,32.45758819580078,51.013545989990234,57.790733337402344,4.869999885559082,63.630001068115234,1.3521004915237427,685.4000244140625,3.5295000076293945,119.2300033569336,20.873184204101562,57.79999923706055,12.199999809265137
2007-04-20,27.625064849853516,45.468624114990234,1484.3499755859375,828.8599853515625,4.671999931335449,81.63999938964844,32.5323371887207,51.36863708496094,58.1954460144043,4.835000038146973,63.380001068115234,1.3588987588882446,692.0,3.6064999103546143,118.66000366210938,20.73511505126953,59.099998474121094,12.069999694824219
2007-04-27,27.638526916503906,45.11090850830078,1494.0699462890625,829.7000122070312,4.697999954223633,81.52999877929688,32.88422775268555,51.45024490356445,58.28215026855469,4.795000076293945,66.45999908447266,1.3655046224594116,678.7000122070312,3.5144999027252197,119.4800033569336,20.954402923583984,57.79999923706055,12.449999809265137
2007-05-04,27.977231979370117,45.72980880737305,1505.6199951171875,832.8800048828125,4.639999866485596,81.73999786376953,32.922603607177734,51.70935821533203,58.46440505981445,4.75,61.93000030517578,1.3588987588882446,687.2000122070312,3.750499963760376,120.2699966430664,20.702627182006836,57.099998474121094,12.90999984741211
2007-05-11,28.25087547302246,45.52540588378906,1505.8499755859375,829.5399780273438,4.670000076293945,82.12000274658203,32.99446105957031,51.6323127746582,58.330894470214844,4.715000152587891,62.369998931884766,1.3521004915237427,670.5999755859375,3.6010000705718994,120.19000244140625,20.588918685913086,52.400001525878906,12.949999809265137
2007-05-18,28.452754974365234,45.61624526977539,1522.75,823.6599731445312,4.803999900817871,82.19999694824219,33.05375671386719,51.285179138183594,57.84921646118164,4.684999942779541,64.94000244140625,1.3512965440750122,661.0,3.3285000324249268,121.05999755859375,20.65389633178711,56.70000076293945,12.760000228881836
2007-05-25,28.20601463317871,45.53106689453125,1515.72998046875,829.9299926757812,4.861000061035156,82.33000183105469,33.11933135986328,51.169490814208984,57.912994384765625,4.739999771118164,65.19999694824219,1.3450080156326294,655.0999755859375,3.3269999027252197,121.76000213623047,20.791963577270508,56.900001525878906,13.34000015258789
2007-06-01,29.188459396362305,46.308956146240234,1536.3399658203125,853.4500122070312,4.955999851226807,82.31999969482422,33.00566101074219,50.867794036865234,57.6318244934082,4.65500020980835,65.08000183105469,1.3441944122314453,671.2000122070312,3.4024999141693115,122.12999725341797,20.873184204101562,58.0,12.779999732971191
2007-06-08,28.284523010253906,45.24148941040039,1507.6700439453125,835.3099975585938,5.118000030517578,82.69000244140625,32.704219818115234,50.31082534790039,57.223690032958984,4.630000114440918,64.76000213623047,1.3360053300857544,645.5,3.257999897003174,121.70999908447266,20.702627182006836,79.0999984741211,14.84000015258789
2007-06-15,29.702106475830078,45.87173843383789,1532.9100341796875,848.1900024414062,5.171000003814697,82.8499984741211,32.544044494628906,50.28662872314453,57.15959167480469,4.429999828338623,68.0,1.3379000425338745,654.5,3.4230000972747803,123.4000015258789,21.644763946533203,70.5999984741211,13.9399995803833
2007-06-22,29.4823055267334,45.40616226196289,1502.56005859375,834.75,5.138000011444092,82.33999633789062,32.437294006347656,50.368927001953125,57.41026306152344,4.585000038146973,69.13999938964844,1.347091555595398,653.5,3.385499954223633,123.69000244140625,21.311767578125,76.30000305175781,15.75
2007-06-29,29.524917602539062,45.860389709472656,1503.3499755859375,833.7000122070312,5.0329999923706055,81.91999816894531,31.969444274902344,50.64981460571289,57.70174789428711,4.670000076293945,70.68000030517578,1.3536012172698975,648.0999755859375,3.4535000324249268,123.16000366210938,20.873184204101562,77.5,16.229999542236328
2007-07-06,31.021005630493164,46.848350524902344,1530.43994140625,852.3099975585938,5.195000171661377,81.45999908447266,32.077762603759766,50.110801696777344,57.27833557128906,4.789999961853027,72.80999755859375,1.3629920482635498,652.7000122070312,3.6110000610351562,123.36000061035156,21.401105880737305,74.4000015258789,14.720000267028809
2007-07-13,32.030372619628906,47.44451904296875,1552.5,855.77001953125,5.10699987411499,80.58000183105469,32.077762603759766,50.349178314208984,57.55949401855469,4.820000171661377,73.93000030517578,1.3784927129745483,665.7999877929688,3.615499973297119,121.9000015258789,21.644763946533203,73.0999984741211,15.149999618530273
2007-07-20,31.39784049987793,46.791568756103516,1534.0999755859375,836.4400024414062,4.955999851226807,80.29000091552734,31.840871810913086,50.553531646728516,58.203636169433594,4.824999809265137,75.56999969482422,1.3833937644958496,683.9000244140625,3.753999948501587,121.2699966430664,21.441713333129883,72.19999694824219,16.950000762939453
2007-07-27,29.39481544494629,44.08320999145508,1458.949951171875,777.8300170898438,4.788000106811523,80.94999694824219,30.330909729003906,50.17890548706055,58.80095672607422,4.704999923706055,77.0199966430664,1.3636053800582886,660.0,3.5510001182556152,118.95999908447266,21.344253540039062,92.5999984741211,24.170000076293945
2007-08-03,28.654619216918945,44.20811462402344,1433.06005859375,755.4199829101562,4.699999809265137,80.18000030517578,30.840221405029297,50.57561492919922,58.997005462646484,4.699999809265137,75.4800033569336,1.3787018060684204,672.5,3.484499931335449,118.04000091552734,21.03562355041504,95.4000015258789,25.15999984741211
2007-08-10,28.609758377075195,43.509727478027344,1453.6400146484375,788.780029296875,4.776000022888184,80.68000030517578,31.26309585571289,50.321414947509766,58.455841064453125,4.414999961853027,71.47000122070312,1.3689066171646118,670.2999877929688,3.3945000171661377,118.51000213623047,20.73511505126953,116.4000015258789,28.299999237060547
2007-08-17,27.42095375061035,42.36848831176758,1445.93994140625,786.030029296875,4.672999858856201,81.43000030517578,31.69867706298828,50.272491455078125,59.10873031616211,3.619999885559082,71.9800033569336,1.349400281906128,656.9000244140625,3.1565001010894775,114.25,20.43460464477539,106.9000015258789,29.989999771118164
2007-08-24,29.383602142333984,44.435245513916016,1479.3699951171875,798.9299926757812,4.632999897003174,80.66999816894531,31.74635887145996,50.9764518737793,59.27934265136719,4.079999923706055,71.08999633789062,1.366698980331421,668.0,3.365000009536743,116.37999725341797,20.81633186340332,104.4000015258789,20.719999313354492
2007-08-31,30.045299530029297,44.526092529296875,1473.989990234375,792.8599853515625,4.5370001792907715,80.79000091552734,32.325008392333984,51.43107986450195,59.51460266113281,3.990000009536743,74.04000091552734,1.3642005920410156,673.0,3.4110000133514404,115.7699966430664,20.865062713623047,111.0,23.3799991607666
2007-09-07,29.641551971435547,43.90719985961914,1453.550048828125,775.7899780273438,4.368000030517578,79.95999908447266,32.172428131103516,51.680519104003906,60.3948860168457,3.940000057220459,76.69999694824219,1.3775053024291992,700.7999877929688,3.259500026702881,113.38999938964844,21.198060989379883,116.9000015258789,26.229999542236328
2007-09-14,30.767534255981445,44.4522705078125,1484.25,783.489990234375,4.461999893188477,79.62000274658203,32.914573669433594,51.39078140258789,60.37715148925781,3.880000114440918,79.0999984741211,1.3878093957901,709.5999755859375,3.3910000324249268,115.26000213623047,21.474201202392578,123.4000015258789,24.920000076293945
2007-09-21,32.523841857910156,45.820648193359375,1525.75,813.1099853515625,4.631999969482422,78.5999984741211,33.18971633911133,51.356407165527344,60.022682189941406,3.619999885559082,81.62000274658203,1.4092049598693848,731.4000244140625,3.572499990463257,115.4800033569336,22.489437103271484,103.19999694824219,19.0
2007-09-28,33.521976470947266,46.893775939941406,1526.75,805.4500122070312,4.578999996185303,77.72000122070312,33.26968765258789,51.808265686035156,60.276676177978516,3.700000047683716,81.66000366210938,1.4264928102493286,742.7999877929688,3.630500078201294,114.73999786376953,22.830556869506836,103.69999694824219,18.0
2007-10-05,35.23116683959961,47.807899475097656,1557.5899658203125,844.8800048828125,4.639999866485596,78.30999755859375,33.44511032104492,51.854183197021484,60.08985900878906,3.869999885559082,81.22000122070312,1.4133076667785645,741.2999877929688,3.696500062942505,116.87999725341797,22.53816795349121,98.0999984741211,16.90999984741211
2007-10-12,35.77622985839844,48.23374557495117,1561.800048828125,841.1699829101562,4.686999797821045,78.22000122070312,33.638240814208984,51.814666748046875,59.85259246826172,4.079999923706055,83.69000244140625,1.4190032482147217,748.7000122070312,3.630500078201294,117.58999633789062,22.838680267333984,79.5999984741211,17.729999542236328
2007-10-19,34.13882064819336,46.66666030883789,1500.6300048828125,798.7899780273438,4.401000022888184,77.41000366210938,33.09103775024414,52.658321380615234,61.08050537109375,3.740000009536743,88.5999984741211,1.4296947717666626,764.0,3.547499895095825,114.55999755859375,23.480304718017578,95.80000305175781,22.959999084472656
2007-10-26,36.561283111572266,48.23942947387695,1535.280029296875,821.3900146484375,4.388999938964844,77.02999877929688,33.18435287475586,52.460975646972656,61.305912017822266,3.8399999141693115,91.86000061035156,1.4393045902252197,783.9000244140625,3.5295000076293945,114.20999908447266,24.24376106262207,102.04000091552734,19.559999465942383
2007-11-02,36.191184997558594,48.125877380371094,1509.6500244140625,797.780029296875,4.290999889373779,76.33999633789062,33.130943298339844,52.380428314208984,61.88411331176758,3.5,95.93000030517578,1.4487924575805664,805.7000122070312,3.317500114440918,114.72000122070312,24.982847213745117,103.63999938964844,23.010000228881836
2007-11-09,34.45283126831055,46.40547180175781,1453.699951171875,772.3800048828125,4.224999904632568,75.4000015258789,32.96892547607422,52.46957778930664,62.687374114990234,3.1700000762939453,96.31999969482422,1.467502236366272,832.5,3.1424999237060547,110.66000366210938,25.267112731933594,112.08000183105469,28.5
2007-11-16,34.4976921081543,46.172664642333984,1458.739990234375,769.5,4.150000095367432,75.83000183105469,33.04990768432617,52.167293548583984,62.5505256652832,3.2899999618530273,95.0999984741211,1.4634003639221191,785.7000122070312,3.1559998989105225,110.9800033569336,24.625486373901367,99.13999938964844,25.489999771118164
2007-11-23,33.057674407958984,46.04777145385742,1440.699951171875,755.030029296875,4.01200008392334,75.05000305175781,32.048702239990234,52.34074783325195,63.4847297668457,3.140000104904175,98.18000030517578,1.480100154876709,824.0,2.984999895095825,108.12000274658203,25.69757080078125,112.0999984741211,25.610000610351562
2007-11-30,34.63227844238281,47.11521911621094,1481.1400146484375,767.77001953125,3.9719998836517334,76.1500015258789,33.053184509277344,52.84127426147461,63.49069595336914,3.069999933242798,88.70999908447266,1.469594120979309,782.2000122070312,3.1570000648498535,111.76000213623047,24.61736488342285,131.5,22.8700008392334
2007-12-07,35.89509582519531,47.44451904296875,1504.6600341796875,785.52001953125,4.119999885559082,76.29000091552734,33.14512252807617,51.84928512573242,62.400413513183594,3.0199999809265137,88.27999877929688,1.4656095504760742,794.4000244140625,3.0945000648498535,111.66000366210938,25.088430404663086,139.9600067138672,20.850000381469727
2007-12-14,33.6229133605957,45.38913345336914,1467.949951171875,753.9299926757812,4.23199987411499,77.44000244140625,33.275516510009766,51.33665466308594,62.32875061035156,2.7950000762939453,91.2699966430664,1.4437098503112793,793.2999877929688,2.936500072479248,113.26000213623047,25.527013778686523,139.3800048828125,23.270000457763672
2007-12-21,34.4797477722168,45.57080841064453,1484.4599609375,785.5999755859375,4.168000221252441,77.72000122070312,33.32444381713867,52.09320831298828,62.78874206542969,2.9000000953674316,93.30999755859375,1.438807487487793,811.5999755859375,3.0934998989105225,114.05000305175781,25.72676658630371,145.5,18.469999313354492
2007-12-28,34.56085205078125,45.99589157104492,1478.489990234375,771.760009765625,4.0960001945495605,76.22000122070312,32.953773498535156,52.31679916381836,63.115962982177734,3.0799999237060547,96.0,1.4718002080917358,839.5999755859375,3.057499885559082,112.37000274658203,26.234477996826172,144.0,20.739999771118164
2008-01-04,32.866085052490234,44.586734771728516,1411.6300048828125,721.5999755859375,3.8540000915527344,75.79000091552734,32.52747344970703,53.296749114990234,64.23289489746094,3.115000009536743,97.91000366210938,1.4754921197891235,863.0999755859375,3.1414999961853027,108.62999725341797,27.041824340820312,138.10000610351562,23.940000534057617
2008-01-11,33.36135482788086,43.765682220458984,1401.02001953125,704.6500244140625,3.809999942779541,75.9800033569336,32.1012077331543,53.25175094604492,64.40699005126953,3.009999990463257,92.69000244140625,1.4790055751800537,896.0999755859375,3.2834999561309814,108.95999908447266,26.642309188842773,130.89999389648438,23.68000030517578
2008-01-18,30.7601318359375,41.75675582885742,1325.18994140625,673.1799926757812,3.6480000019073486,76.37999725341797,32.058589935302734,53.3967399597168,65.15159606933594,2.7899999618530273,90.56999969482422,1.4617959260940552,880.7999877929688,3.2244999408721924,106.83000183105469,26.151243209838867,137.10000610351562,27.18000030517578
2008-01-25,30.29669189453125,41.16279983520508,1330.6099853515625,688.5999755859375,3.5840001106262207,75.97000122070312,32.34716033935547,53.70170211791992,65.57192993164062,2.2200000286102295,90.70999908447266,1.467502236366272,910.5,3.1760001182556152,106.80000305175781,26.783802032470703,178.8000030517578,29.079999923706055
2008-02-01,31.718839645385742,42.828189849853516,1395.4200439453125,730.5,3.5999999046325684,75.44999694824219,32.440399169921875,53.98977279663086,65.8369369506836,2.049999952316284,88.95999908447266,1.4799906015396118,908.7000122070312,3.260499954223633,106.51000213623047,26.559080123901367,144.6999969482422,24.020000457763672
2008-02-08,30.05588150024414,39.794403076171875,1331.2900390625,698.9000244140625,3.6540000438690186,76.66999816894531,31.743844985961914,53.32175827026367,65.55928802490234,2.1600000858306885,91.7699966430664,1.5570987462997437,918.4000244140625,3.5344998836517334,107.73999786376953,27.80754852294922,153.0,28.010000228881836
2008-02-15,31.430320739746094,41.11040115356445,1349.989990234375,701.52001953125,3.7799999713897705,76.0999984741211,31.605186462402344,52.92491912841797,64.9013900756836,2.130000114440918,95.5,1.4676098823547363,902.7999877929688,3.5209999084472656,107.80000305175781,28.073884963989258,146.60000610351562,25.020000457763672
2008-02-22,32.08232879638672,41.74509048461914,1353.1099853515625,695.4299926757812,3.7899999618530273,75.5199966430664,31.691030502319336,52.67376708984375,64.96774291992188,2.140000104904175,98.80999755859375,1.4826017618179321,944.7000122070312,3.7869999408721924,107.19000244140625,29.380619049072266,161.5,24.059999465942383
2008-02-29,31.718839645385742,41.69269561767578,1330.6300048828125,686.1799926757812,3.5339999198913574,73.70999908447266,31.816471099853516,53.381980895996094,66.73625183105469,1.784999966621399,101.83999633789062,1.519202709197998,972.0999755859375,3.8519999980926514,103.7699966430664,30.046466827392578,155.1999969482422,26.540000915527344
2008-03-07,30.28987693786621,40.59797668457031,1293.3699951171875,660.1099853515625,3.5409998893737793,73.02999877929688,31.728763580322266,52.5134162902832,67.12188720703125,1.399999976158142,105.1500015258789,1.5336012840270996,972.2000122070312,3.931999921798706,102.69999694824219,30.962007522583008,172.60000610351562,27.489999771118164
2008-03-14,29.792346954345703,40.73191452026367,1288.1400146484375,662.9000244140625,3.4210000038146973,72.85179885864258,31.316802978515625,51.928287506103516,67.32807922363281,1.1200000047683716,110.20999908447266,1.561792254447937,998.2000122070312,3.8469998836517334,99.02999877929688,32.367118186950684,167.1999969482422,31.15999984741211
2008-03-21,29.215316772460938,40.446571350097656,1329.510009765625,681.4199829101562,3.328000068664551,72.85179885864258,31.811798095703125,52.76057434082031,66.9581298828125,0.5,101.83999633789062,1.5622025668621065,919.5999755859375,3.6110000610351562,99.56999969482422,29.172534942626953,158.60000610351562,26.6200008392334
2008-03-28,30.34894561767578,41.71600341796875,1315.219970703125,683.1799926757812,3.4660000801086426,72.85179885864258,31.974624633789062,52.92197036743164,66.48519134521484,1.350000023841858,105.62000274658203,1.5622025668621065,930.5999755859375,3.8559999465942383,99.12000274658203,30.504240036010742,145.89999389648438,25.709999084472656
2008-04-04,31.980091094970703,43.556060791015625,1370.4000244140625,713.72998046875,3.4809999465942383,72.85179885864258,32.342254638671875,53.7388916015625,66.80818176269531,1.3200000524520874,106.2300033569336,1.5622025668621065,909.0,3.9784998893737793,101.5199966430664,30.870452880859375,140.1999969482422,22.450000762939453
2008-04-11,31.65522575378418,42.298301696777344,1332.8299560546875,688.1599731445312,3.4709999561309814,72.85179885864258,32.28202819824219,53.55133819580078,67.18851470947266,1.159999966621399,110.13999938964844,1.5622025668621065,923.5999755859375,3.9744999408721924,100.94999694824219,31.58624267578125,129.39999389648438,23.459999084472656
2008-04-18,33.15006637573242,43.85304260253906,1390.3299560546875,721.0700073242188,3.743000030517578,72.85179885864258,32.787052154541016,53.17625045776367,65.98612976074219,1.3200000524520874,116.69000244140625,1.5622025668621065,912.2000122070312,3.9195001125335693,103.75,32.360294342041016,144.10000610351562,20.1299991607666
2008-04-25,33.297733306884766,44.039371490478516,1397.8399658203125,721.8800048828125,3.865999937057495,72.85179885864258,33.07807922363281,53.00394821166992,65.2867431640625,1.284999966621399,118.5199966430664,1.5622025668621065,887.2000122070312,3.9595000743865967,104.4000015258789,32.335323333740234,131.0,19.59000015258789
2008-05-02,33.99517059326172,44.5343132019043,1413.9000244140625,725.739990234375,3.8450000286102295,73.5,33.57114791870117,53.725196838378906,65.49693298339844,1.465000033378601,116.31999969482422,1.5434004068374634,856.0999755859375,3.8580000400543213,105.30000305175781,31.619537353515625,111.80000305175781,18.18000030517578
2008-05-09,33.395423889160156,44.18494415283203,1388.280029296875,720.0499877929688,3.7669999599456787,73.05000305175781,33.30201721191406,53.83720397949219,66.42713165283203,1.649999976158142,119.60800086975112,1.5489946603775024,884.5,3.753499984741211,102.80000305175781,32.367118186950684,121.0999984741211,19.40999984741211
2008-05-16,35.2355842590332,45.72220993041992,1425.3499755859375,741.1699829101562,3.8499999046325684,72.85179885864258,33.33562088012695,53.79651641845703,66.35936737060547,1.7999999523162842,119.60800086975112,1.5596001148223877,899.0,3.8464999198913574,104.0199966430664,32.367118186950684,122.5,16.469999313354492
2008-05-23,33.77935791015625,44.61003875732422,1375.9300537109375,724.0999755859375,3.8310000896453857,72.85179885864258,33.09344482421875,53.24666213989258,66.83374786376953,1.7999999523162842,119.60800086975112,1.5622025668621065,925.5999755859375,3.755000114440918,103.30000305175781,32.367118186950684,120.4000015258789,19.549999237060547
2008-05-30,34.372291564941406,44.66825866699219,1400.3800048828125,748.280029296875,4.046000003814697,72.87999725341797,33.03961944580078,52.539005279541016,65.78031921386719,1.850000023841858,119.60800086975112,1.5540982484817505,887.2999877929688,3.628000020980835,105.5,32.367118186950684,130.1999969482422,17.829999923706055
2008-06-06,32.87518310546875,43.299842834472656,1360.6800537109375,740.3699951171875,3.937999963760376,72.85179885864258,32.807369232177734,52.73997497558594,66.25588989257812,1.7999999523162842,119.60800086975112,1.5622025668621065,895.4000244140625,3.624000072479248,104.9000015258789,32.367118186950684,139.60000610351562,23.559999465942383
2008-06-13,32.08232879638672,42.20512771606445,1360.030029296875,733.6099853515625,4.261000156402588,74.1500015258789,33.0105094909668,51.655757904052734,65.05767059326172,1.9299999475479126,119.60800086975112,1.5369009971618652,870.2999877929688,3.5940001010894775,108.1500015258789,32.367118186950684,153.6999969482422,21.219999313354492
2008-06-20,31.169065475463867,41.1977424621582,1317.9300537109375,725.72998046875,4.13700008392334,73.02999877929688,32.346920013427734,52.029109954833984,65.56053924560547,1.7999999523162842,119.60800086975112,1.5622025668621065,901.2999877929688,3.8320000171661377,107.30999755859375,32.367118186950684,137.8000030517578,22.8700008392334
2008-06-27,30.951778411865234,40.50008010864258,1278.3800048828125,698.1400146484375,3.990000009536743,72.85179885864258,31.859375,52.00862503051758,66.89535522460938,1.6299999952316284,119.60800086975112,1.5622025668621065,929.2999877929688,3.884000062942505,106.12000274658203,32.367118186950684,132.5,23.440000534057617
2008-07-04,29.671871185302734,39.918617248535156,1262.9000244140625,665.780029296875,3.9730000495910645,72.85179885864258,31.754270553588867,51.73398971557617,67.56809997558594,1.809999942779541,119.60800086975112,1.5622025668621065,931.9000244140625,3.9630000591278076,106.80999755859375,32.367118186950684,125.0999984741211,24.780000686645508
2008-07-11,29.655790328979492,38.981170654296875,1239.489990234375,674.9500122070312,3.940000057220459,72.85179885864258,31.587207794189453,51.59526443481445,67.26184844970703,1.5700000524520874,119.60800086975112,1.5622025668621065,959.5,3.755500078201294,106.20999908447266,32.367118186950684,129.1999969482422,27.489999771118164
2008-07-18,29.846515655517578,39.829620361328125,1260.6800537109375,693.0800170898438,4.080999851226807,72.85179885864258,31.720184326171875,50.93780517578125,66.63052368164062,1.4199999570846558,119.60800086975112,1.5622025668621065,957.2999877929688,3.686500072479248,106.94999694824219,32.367118186950684,131.0,24.049999237060547
2008-07-25,29.359375,39.69315719604492,1257.760009765625,710.3400268554688,4.111000061035156,72.86000061035156,32.04405212402344,51.32304763793945,65.88670349121094,1.690000057220459,119.60800086975112,1.5622025668621065,926.5999755859375,3.7039999961853027,107.8499984741211,32.367118186950684,123.4000015258789,22.90999984741211
2008-08-01,29.269752502441406,38.803184509277344,1260.31005859375,716.1599731445312,3.947999954223633,73.41999816894531,31.870174407958984,51.87483596801758,66.81029510498047,1.6299999952316284,119.60800086975112,1.5593082904815674,909.0,3.628499984741211,107.80999755859375,32.367118186950684,118.30000305175781,22.56999969482422
2008-08-08,28.37360382080078,38.791316986083984,1296.3199462890625,734.2999877929688,3.950000047683716,75.8499984741211,31.677919387817383,52.21025466918945,66.68418884277344,1.6649999618530273,115.19999694824219,1.5048909187316895,857.7999877929688,3.4005000591278076,110.16999816894531,30.870452880859375,109.0999984741211,20.65999984741211
2008-08-15,27.760087966918945,37.47414779663086,1298.199951171875,753.3699951171875,3.8519999980926514,77.18000030517578,31.832420349121094,52.28250503540039,66.89228057861328,1.7999999523162842,113.7699966430664,1.5048909187316895,786.0,3.3424999713897705,110.16999816894531,30.895421981811523,112.0999984741211,19.579999923706055
2008-08-22,27.69115447998047,37.4029426574707,1292.199951171875,737.5999755859375,3.867000102996826,76.80999755859375,31.588624954223633,51.93678283691406,67.0184097290039,1.6649999618530273,114.58999633789062,1.5048909187316895,827.4000244140625,3.508500099182129,110.16999816894531,32.04401397705078,109.80000305175781,18.809999465942383
2008-08-29,27.608423233032227,37.71739959716797,1282.8299560546875,739.5,3.812999963760376,77.37999725341797,31.725984573364258,52.13807678222656,67.0688247680664,1.690000057220459,115.45999908447266,1.4670931100845337,829.2999877929688,3.429500102996826,108.79000091552734,31.428098678588867,103.0,20.649999618530273
2008-09-05,25.478342056274414,35.26698684692383,1242.31005859375,718.8499755859375,3.6600000858306885,78.93000030517578,31.947208404541016,52.41121292114258,66.83692932128906,1.6399999856948853,106.2300033569336,1.4274905920028687,797.5999755859375,3.123500108718872,107.68000030517578,29.705219268798828,111.80000305175781,23.059999465942383
2008-09-12,25.18882179260254,35.83656311035156,1251.699951171875,720.260009765625,3.7300000190734863,78.97000122070312,31.802013397216797,51.851375579833984,66.75431060791016,1.4600000381469727,101.18000030517578,1.4239943027496338,760.2999877929688,3.2090001106262207,107.94000244140625,28.54830551147461,125.4000015258789,25.65999984741211
2008-09-19,26.519256591796875,36.67314529418945,1255.0799560546875,753.739990234375,3.7690000534057617,77.68000030517578,30.737361907958984,48.07773208618164,66.17605590820312,0.9200000166893005,104.55000305175781,1.441794753074646,860.5999755859375,3.184999942779541,107.41999816894531,28.639856338500977,162.3000030517578,32.06999969482422
2008-09-26,24.671804428100586,35.45092010498047,1213.27001953125,704.7899780273438,3.8269999027252197,76.94999694824219,29.797109603881836,46.65225601196289,65.23554229736328,0.8299999833106995,106.88999938964844,1.4598966836929321,882.9000244140625,3.0794999599456787,106.05000305175781,29.255767822265625,183.22300109863284,34.7400016784668
2008-10-03,21.17679786682129,31.58246612548828,1099.22998046875,619.4000244140625,3.6440000534057617,80.30999755859375,28.70435905456543,46.2700080871582,65.24244689941406,0.4699999988079071,93.87999725341797,1.3784927129745483,828.9000244140625,2.7049999237060547,105.30000305175781,25.418813705444336,183.22300109863284,45.13999938964844
2008-10-10,16.92351722717285,25.13306427001953,899.219970703125,522.47998046875,3.8610000610351562,83.0,25.489211387634278,42.541748046875,61.09189987182617,0.20999999344348907,77.69999694824219,1.3398001194000244,855.4000244140625,2.1565001010894775,101.0999984741211,22.77206039428711,183.22300109863284,49.312300300598146
2008-10-17,16.820117950439453,26.408700942993164,940.5499877929688,526.4299926757812,3.937999963760376,82.41000366210938,25.489211387634278,44.2652587890625,61.14957809448242,0.7799999713897705,71.8499984741211,1.3422999382019043,785.0999755859375,2.180999994277954,101.6500015258789,22.347579956054688,183.22300109863284,49.312300300598146
2008-10-24,13.662898063659668,23.48957061767578,876.77001953125,471.1199951171875,3.697000026702881,86.44000244140625,25.489211387634278,46.004451751708984,60.43223190307617,0.8199999928474426,64.1500015258789,1.2629930973052979,729.0999755859375,1.6749999523162842,94.2699966430664,20.183568954467773,183.22300109863284,49.312300300598146
2008-10-31,17.530147552490234,26.444311141967773,968.75,537.52001953125,3.9700000286102295,85.62999725341797,25.489211387634278,45.63996124267578,59.16399383544922,0.4350000023841858,67.80999755859375,1.2701960802078247,716.7999877929688,1.843999981880188,98.44000244140625,21.132404327392578,183.22300109863284,49.312300300598146
2008-11-07,16.98555564880371,26.51551055908203,930.989990234375,505.7900085449219,3.7799999713897705,85.91000366210938,25.641803741455078,47.217735290527344,60.496273040771484,0.28999999165534973,61.040000915527344,1.2714072465896606,733.2000122070312,1.6924999952316284,98.08999633789062,20.375,178.10000610351562,49.312300300598146
2008-11-14,15.317334175109863,24.444820404052734,873.2899780273438,456.5199890136719,3.75,86.36000061035156,25.489211387634278,47.045047760009766,61.1816291809082,0.12999999523162842,57.040000915527344,1.2596997022628784,742.4000244140625,1.7015000581741333,97.0199966430664,19.767412185668945,183.22300109863284,49.312300300598146
2008-11-21,14.400504112243652,22.706388473510742,832.7288165283203,406.5400085449219,3.1670000553131104,88.19000244140625,25.489211387634278,47.54219055175781,59.266483306884766,0.009999999776482582,49.93000030517578,1.2590969800949097,791.7000122070312,1.5709999799728394,95.91000366210938,18.16105079650879,183.22300109863284,49.312300300598146
2008-11-28,15.820565223693848,24.759275436401367,896.239990234375,473.1400146484375,2.9570000171661377,86.5199966430664,25.489211387634278,47.17061996459961,59.68280029296875,0.019999999552965164,54.43000030517578,1.269792914390564,816.2000122070312,1.6234999895095825,95.5,18.518945693969727,183.22300109863284,49.312300300598146
2008-12-05,15.537930488586426,23.839632034301758,876.0700073242188,461.0899963378906,2.6570000648498535,87.12000274658203,25.489211387634278,48.32347106933594,62.28969192504883,0.009999999776482582,40.810001373291016,1.2716983556747437,750.5,1.3550000190734863,92.81999969482422,16.396547317504883,183.22300109863284,49.312300300598146
2008-12-12,17.068283081054688,25.530593872070312,879.72998046875,468.42999267578125,2.5889999866485596,83.63999938964844,25.489211387634278,49.70671463012695,61.87978744506836,0.009999999776482582,46.279998779296875,1.33539879322052,818.9000244140625,1.406000018119812,91.06999969482422,18.22763442993164,183.22300109863284,49.312300300598146
2008-12-19,17.53704261779785,25.726388931274414,887.8800048828125,486.260009765625,2.13100004196167,81.30000305175781,25.489211387634278,51.92621994018555,64.0575180053711,0.004999999888241291,33.869998931884766,1.392602562904358,836.4000244140625,1.3049999475479126,89.2699966430664,17.331470489501953,183.22300109863284,44.93000030517578
2008-12-26,16.805265426635742,25.813369750976562,872.7999877929688,476.7699890136719,2.13700008392334,80.88999938964844,26.789941787719727,52.95704650878906,64.51871490478516,0.004999999888241291,37.709999084472656,1.4027016162872314,870.4000244140625,1.2745000123977661,90.7699966430664,16.908754348754883,183.22300109863284,43.380001068115234
2009-01-02,18.287260055541992,27.30354118347168,931.7999877929688,505.8399963378906,2.4159998893737793,81.83999633789062,27.14240264892578,53.137657165527344,62.372955322265625,0.08500000089406967,46.34000015258789,1.3922922611236572,878.7999877929688,1.444000005722046,91.79000091552734,18.540447235107422,183.10000610351562,39.189998626708984
2009-01-09,17.39246940612793,26.143856048583984,890.3499755859375,481.29998779296875,2.4070000648498535,82.66000366210938,28.174097061157227,54.18864440917969,63.737266540527344,0.06499999761581421,40.83000183105469,1.345496654510498,854.2999877929688,1.5455000400543213,90.37000274658203,18.100818634033203,138.0,42.81999969482422
2009-01-16,16.253005981445312,24.377302169799805,850.1199951171875,466.45001220703125,2.303999900817871,84.20999908447266,27.22123146057129,53.66050338745117,63.85890197753906,0.11500000208616257,36.5099983215332,1.3292039632797241,839.2999877929688,1.5134999752044678,90.9000015258789,17.382198333740234,126.9000015258789,46.11000061035156
2009-01-23,15.532983779907227,22.983280181884766,832.7288165283203,444.3599853515625,2.621999979019165,85.61000061035156,26.261199951171875,52.06025314331055,63.186424255371094,0.09000000357627869,46.470001220703125,1.2964956760406494,895.2999877929688,1.4574999809265137,88.76000213623047,17.466739654541016,155.3000030517578,47.27000045776367
2009-01-30,15.833577156066895,23.2536678314209,832.7288165283203,443.5299987792969,2.8440001010894775,86.0,26.952550888061523,52.720420837402344,63.538734436035156,0.2199999988079071,41.68000030517578,1.2836971282958984,927.2999877929688,1.4620000123977661,89.9000015258789,17.120113372802734,162.89999389648438,44.84000015258789
2009-02-06,17.434412002563477,24.455406188964844,868.5999755859375,470.70001220703125,2.9790000915527344,85.3499984741211,26.714818954467773,52.16371154785156,63.705230712890625,0.27000001072883606,40.16999816894531,1.2927078008651733,913.9000244140625,1.622499942779541,91.91999816894531,17.187746047973633,182.10000610351562,43.369998931884766
2009-02-13,16.763320922851562,23.163541793823242,832.7288165283203,448.3599853515625,2.881999969482422,86.04000091552734,26.7039737701416,52.33348846435547,63.99345016479492,0.28999999165534973,37.5099983215332,1.2866039276123047,941.5,1.534999966621399,91.86000061035156,16.494487762451172,158.6999969482422,42.93000030517578
2009-02-20,15.043643951416016,21.56521987915039,832.7288165283203,410.9599914550781,2.7720000743865967,86.48999786376953,25.61844253540039,51.712486267089844,64.02550506591797,0.26499998569488525,38.939998626708984,1.2932929992675781,1001.7999877929688,1.4140000343322754,93.33999633789062,15.682865142822266,165.5,49.29999923706055
2009-02-27,14.840917587280273,20.83817481994629,832.7288165283203,389.0199890136719,3.0409998893737793,88.01000213623047,25.489211387634278,49.9769172668457,62.14238739013672,0.25,44.7599983215332,1.2678931951522827,941.5,1.5260000228881836,97.62000274658203,16.15631103515625,166.60000610351562,46.349998474121094
2009-03-06,14.750038146972656,19.576345443725586,832.7288165283203,371.8133029174805,2.828000068664551,88.51000213623047,25.489211387634278,49.66853332519531,62.430580139160156,0.1850000023841858,45.52000045776367,1.2638070583343506,942.0999755859375,1.6805000305175781,98.33999633789062,16.23240089416504,159.1999969482422,49.312300300598146
2009-03-13,16.32990837097168,21.042470932006836,832.7288165283203,393.0899963378906,2.884999990463257,87.43000030517578,25.489211387634278,49.42844772338867,63.0262565612793,0.1899999976158142,46.25,1.2929919958114624,929.7999877929688,1.6584999561309814,97.94000244140625,16.1732177734375,143.8000030517578,42.36000061035156
2009-03-20,16.707393646240234,22.130043029785156,832.7288165283203,400.1099853515625,2.625,83.83999633789062,25.489211387634278,50.009979248046875,65.19762420654297,0.20000000298023224,51.060001373291016,1.3581973314285278,955.7999877929688,1.787500023841858,95.93000030517578,17.686553955078125,124.0,45.88999938964844
2009-03-27,17.895790100097656,22.88714027404785,832.7288165283203,429.0,2.760999917984009,85.11000061035156,25.61368751525879,49.839271545410156,66.02384948730469,0.125,52.380001068115234,1.3292039632797241,923.0,1.8335000276565552,97.8499984741211,17.466739654541016,117.9000015258789,41.040000915527344
2009-04-03,19.11913299560547,24.359270095825195,842.5,456.1300048828125,2.9070000648498535,84.16999816894531,26.10318946838379,49.84200668334961,65.21021270751953,0.20000000298023224,52.5099983215332,1.34890878200531,895.5999755859375,1.999500036239624,100.30000305175781,17.788007736206055,119.69999694824219,39.70000076293945
2009-04-10,19.53856658935547,24.221073150634766,856.5599975585938,468.20001220703125,2.9260001182556152,85.79000091552734,26.762075424194336,50.63063430786133,65.19092559814453,0.17499999701976776,52.2400016784668,1.3175925016403198,882.2000122070312,2.070499897003174,100.26000213623047,17.635828018188477,119.69999694824219,36.529998779296875
2009-04-17,19.650413513183594,24.617650985717773,869.5999755859375,479.3699951171875,2.930000066757202,85.9800033569336,27.85403060913086,51.80545425415039,64.669677734375,0.12999999523162842,50.33000183105469,1.3044953346252441,867.4000244140625,2.2114999294281006,99.08000183105469,17.077838897705078,115.80000305175781,33.939998626708984
2009-04-24,19.58750343322754,24.93610382080078,866.22998046875,478.739990234375,2.996000051498413,84.70999908447266,27.66156768798828,51.623046875,65.15230560302734,0.0949999988079071,51.54999923706055,1.3258028030395508,913.5999755859375,2.071000099182129,97.20999908447266,16.993295669555664,125.80000305175781,36.81999969482422
2009-05-01,20.33548927307129,25.482898712158203,877.52001953125,486.9800109863281,3.1740000247955322,84.55000305175781,28.187196731567383,51.73527526855469,64.00497436523438,0.14499999582767487,53.20000076293945,1.3268054723739624,887.5999755859375,2.1015000343322754,99.19000244140625,17.399106979370117,129.1999969482422,35.29999923706055
2009-05-08,22.083120346069336,27.609981536865234,929.22998046875,511.82000732421875,3.2929999828338623,82.52999877929688,28.631134033203125,52.08563995361328,64.49055480957031,0.16500000655651093,58.630001068115234,1.3639029264450073,914.4000244140625,2.1470000743865967,98.44999694824219,18.430538177490234,130.5,32.04999923706055
2009-05-15,21.02754783630371,26.288070678710938,882.8800048828125,475.8399963378906,3.122999906539917,83.0199966430664,27.530637741088867,52.3983039855957,65.50067138671875,0.1550000011920929,56.34000015258789,1.350201964378357,930.9000244140625,2.0280001163482666,95.11000061035156,17.906368255615234,122.30000305175781,33.119998931884766
2009-05-22,22.194971084594727,27.66405487060547,887.0,477.6199951171875,3.447999954223633,79.95999908447266,28.743026733398438,52.22581100463867,65.42948150634766,0.17499999701976776,61.66999816894531,1.4003052711486816,958.5,2.1024999618530273,94.73999786376953,18.794076919555664,147.1999969482422,32.630001068115234
2009-05-29,23.23655891418457,28.511281967163086,919.1400146484375,501.5799865722656,3.4649999141693115,80.43000030517578,29.037700653076172,52.80263900756836,65.9215316772461,0.12999999523162842,66.30999755859375,1.4157087802886963,978.7999877929688,2.197499990463257,95.43000030517578,19.639514923095703,165.39999389648438,28.920000076293945
2009-06-05,23.495216369628906,28.415151596069336,940.0900268554688,530.3599853515625,3.861999988555908,80.66999816894531,29.65330696105957,52.93153762817383,64.9213638305664,0.18000000715255737,68.44000244140625,1.3971943855285645,961.7000122070312,2.2809998989105225,98.80999755859375,20.1975040435791,183.22300109863284,29.6200008392334
2009-06-12,23.586088180541992,29.100133895874023,946.2100219726562,526.8300170898438,3.7880001068115234,80.13999938964844,30.02229118347168,53.64672088623047,65.13585662841797,0.16500000655651093,72.04000091552734,1.4001091718673706,940.0999755859375,2.367500066757202,98.37000274658203,20.163686752319336,171.8000030517578,28.149999618530273
2009-06-19,22.194971084594727,28.198829650878906,921.22998046875,512.719970703125,3.7890000343322754,80.26000213623047,29.4349308013916,53.41374588012695,65.09683990478516,0.17000000178813934,69.55000305175781,1.3947001695632935,935.5999755859375,2.245500087738037,96.76000213623047,19.614152908325195,182.3000030517578,27.989999771118164
2009-06-26,22.777284622192383,28.202768325805664,918.9000244140625,513.219970703125,3.50600004196167,79.87999725341797,29.502744674682617,54.40519332885742,65.56474304199219,0.17499999701976776,69.16000366210938,1.4053035974502563,940.7000122070312,2.2934999465942383,95.20999908447266,19.2844295501709,159.0,25.93000030517578
2009-07-03,22.49538803100586,27.754823684692383,896.4199829101562,497.2099914550781,3.494999885559082,80.1500015258789,29.560754776000977,54.26130676269531,65.75141143798828,0.1550000011920929,66.7300033569336,1.3960046768188477,930.7000122070312,2.2899999618530273,96.13999938964844,18.624990463256836,149.10000610351562,27.950000762939453
2009-07-10,21.790647506713867,27.018447875976562,879.1300048828125,480.9800109863281,3.2950000762939453,80.2300033569336,29.078189849853516,54.90890121459961,65.66008758544922,0.16500000655651093,59.88999938964844,1.3933980464935303,912.2000122070312,2.200500011444092,92.52999877929688,17.53437614440918,135.89999389648438,29.020000457763672
2009-07-17,23.65821647644043,28.730497360229492,940.3800048828125,519.219970703125,3.6510000228881836,79.3499984741211,30.020498275756836,54.45721435546875,65.54267120361328,0.16500000655651093,63.560001373291016,1.4104969501495361,937.2000122070312,2.4140000343322754,94.20999908447266,18.40517807006836,156.3000030517578,24.34000015258789
2009-07-24,24.947895050048828,30.22777557373047,979.260009765625,548.4600219726562,3.6700000762939453,78.75,31.11855697631836,55.36608123779297,65.6079330444336,0.18000000715255737,68.05000305175781,1.4212015867233276,952.7999877929688,2.5169999599456787,94.87000274658203,19.14916229248047,143.60000610351562,23.09000015258789
2009-07-31,25.2156925201416,30.933456420898438,987.47998046875,556.7100219726562,3.500999927520752,78.3499984741211,32.087440490722656,56.84626770019531,66.1102294921875,0.17499999701976776,69.44999694824219,1.4260046482086182,953.7000122070312,2.616499900817871,94.63999938964844,19.478879928588867,138.5,25.920000076293945
2009-08-07,25.744247436523438,31.246408462524414,1010.47998046875,572.4000244140625,3.8540000915527344,78.97000122070312,31.945295333862305,55.879547119140625,65.56578826904297,0.17000000178813934,70.93000030517578,1.419103980064392,957.2999877929688,2.7815001010894775,97.43000030517578,19.69024085998535,153.39999389648438,24.760000228881836
2009-08-14,25.17341423034668,31.436634063720703,1004.0900268554688,563.9000244140625,3.558000087738037,78.88999938964844,31.370555877685547,56.38261032104492,65.86721801757812,0.17000000178813934,67.51000213623047,1.42069673538208,947.0,2.8340001106262207,94.86000061035156,19.191434860229492,144.6999969482422,24.270000457763672
2009-08-21,25.589210510253906,32.1239128112793,1026.1300048828125,581.510009765625,3.555999994277954,78.04000091552734,31.58896255493164,56.52475357055664,66.7123031616211,0.1599999964237213,73.88999938964844,1.4320902824401855,953.2000122070312,2.878999948501587,94.37000274658203,19.394336700439453,132.3000030517578,25.010000228881836
2009-08-28,25.38483238220215,32.56572341918945,1028.9300537109375,579.8599853515625,3.4509999752044678,78.37000274658203,31.539152145385742,57.312076568603516,66.7253646850586,0.12999999523162842,72.73999786376953,1.4359976053237915,957.0,2.9230000972747803,93.55999755859375,19.216794967651367,129.10000610351562,24.760000228881836
2009-09-04,25.652637481689453,32.21595764160156,1016.4000244140625,570.5,3.441999912261963,78.13999938964844,31.520931243896484,57.609615325927734,66.93749237060547,0.125,68.0199966430664,1.4294085502624512,994.9000244140625,2.8434998989105225,92.97000122070312,18.27836036682129,127.5999984741211,25.260000228881836
2009-09-11,26.681556701660156,33.51073455810547,1042.72998046875,593.5900268554688,3.3429999351501465,76.61000061035156,32.46394348144531,58.34574508666992,67.59862518310547,0.13500000536441803,69.29000091552734,1.4580022096633911,1004.9000244140625,2.827500104904175,90.66000366210938,18.548900604248047,114.69999694824219,24.149999618530273
2009-09-18,27.50611114501953,34.118228912353516,1068.300048828125,617.8800048828125,3.4739999771118164,76.43000030517578,33.120933532714844,58.115013122558594,67.39363098144531,0.07999999821186066,72.04000091552734,1.4716053009033203,1009.2000122070312,2.7709999084472656,91.2699966430664,18.963165283203125,121.4000015258789,23.920000076293945
2009-09-25,26.843658447265625,33.28983688354492,1044.3800048828125,598.9400024414062,3.3289999961853027,76.80999755859375,33.155738830566406,58.735755920410156,67.65807342529297,0.09000000357627869,66.0199966430664,1.4684934616088867,990.2000122070312,2.7309999465942383,89.80999755859375,18.050092697143555,110.69999694824219,25.610000610351562
2009-10-02,26.681556701660156,32.31413650512695,1025.2099609375,580.2000122070312,3.2209999561309814,77.0,32.50518035888672,57.62837219238281,68.07262420654297,0.09000000357627869,69.94999694824219,1.4590020179748535,1003.2000122070312,2.6714999675750732,89.61000061035156,18.34599494934082,107.80000305175781,28.68000030517578
2009-10-09,28.083999633789062,33.854366302490234,1071.489990234375,614.9199829101562,3.384000062942505,76.43000030517578,33.40918731689453,57.352474212646484,67.98666381835938,0.06499999761581421,71.7699966430664,1.473405122756958,1047.800048828125,2.8285000324249268,89.73999786376953,19.191434860229492,114.69999694824219,23.1200008392334
2009-10-16,28.718276977539062,34.431182861328125,1087.6800537109375,616.1799926757812,3.4170000553131104,75.5999984741211,33.5143928527832,57.41866683959961,68.5091781616211,0.05999999865889549,78.52999877929688,1.4908016920089722,1050.699951171875,2.8375000953674316,90.91000366210938,20.20595932006836,117.4000015258789,21.43000030517578
2009-10-23,28.725324630737305,34.46800994873047,1079.5999755859375,600.8599853515625,3.4749999046325684,75.47000122070312,33.84170913696289,57.86013412475586,68.2511978149414,0.05000000074505806,80.5,1.5010056495666504,1055.5999755859375,3.0239999294281006,92.05000305175781,20.89076042175293,113.4000015258789,22.270000457763672
2009-10-30,26.47719383239746,32.70686721801758,1036.18994140625,562.77001953125,3.3919999599456787,76.30000305175781,33.19097900390625,58.312591552734375,68.79360961914062,0.04500000178813934,77.0,1.4732965230941772,1039.699951171875,2.947499990463257,90.08999633789062,19.94387435913086,113.5,30.690000534057617
2009-11-06,27.94305419921875,33.756187438964844,1069.300048828125,580.3499755859375,3.503000020980835,75.81999969482422,33.6361083984375,58.38133239746094,69.22622680664062,0.04500000178813934,77.43000030517578,1.4848912954330444,1095.0999755859375,2.945499897003174,89.87999725341797,20.08759880065918,105.0,24.190000534057617
2009-11-13,28.922649383544922,34.596866607666016,1093.47998046875,586.280029296875,3.428999900817871,75.33000183105469,33.75006866455078,58.7638053894043,69.4186782836914,0.054999999701976776,76.3499984741211,1.490890622138977,1116.0999755859375,2.9684998989105225,89.66000366210938,20.129867553710938,97.19999694824219,23.360000610351562
2009-11-20,28.647802352905273,33.95869445800781,1091.3800048828125,584.6799926757812,3.3559999465942383,75.66000366210938,33.875823974609375,58.73054122924805,70.11547088623047,0.009999999776482582,76.72000122070312,1.4863920211791992,1146.4000244140625,3.1050000190734863,88.83000183105469,20.510318756103516,87.30000305175781,22.190000534057617
2009-11-27,28.28132438659668,33.8789176940918,1091.489990234375,577.2100219726562,3.2309999465942383,75.0,33.64002990722656,59.157352447509766,70.67945098876953,0.02500000037252903,76.05000305175781,1.4990930557250977,1174.199951171875,3.0934998989105225,86.4800033569336,20.620222091674805,88.9000015258789,24.739999771118164
2009-12-04,29.486434936523438,34.77482223510742,1105.97998046875,602.7899780273438,3.4830000400543213,75.91000366210938,34.13474655151367,58.90335464477539,69.72067260742188,0.03999999910593033,75.47000122070312,1.485707402229309,1168.800048828125,3.2135000228881836,90.5199966430664,20.670949935913086,95.30000305175781,21.25
2009-12-11,29.141109466552734,34.03232192993164,1106.4100341796875,600.3699951171875,3.5399999618530273,76.56999969482422,34.407814025878906,58.5582275390625,69.29512786865234,0.019999999552965164,69.87000274658203,1.4619027376174927,1119.4000244140625,3.109999895095825,89.08999633789062,20.01996421813965,94.0,21.59000015258789
2009-12-18,28.44340705871582,33.6518669128418,1102.469970703125,610.5700073242188,3.5460000038146973,77.81999969482422,34.688838958740234,58.83657455444336,69.84033966064453,0.03999999910593033,73.36000061035156,1.4349054098129272,1110.800048828125,3.121000051498413,90.44000244140625,20.15523338317871,93.80000305175781,21.68000030517578
2009-12-25,29.26993751525879,34.41014099121094,1126.47998046875,634.0700073242188,3.806999921798706,77.83999633789062,35.08061981201172,58.218624114990234,69.00260162353516,0.03999999910593033,78.05000305175781,1.4399055242538452,1104.0999755859375,3.2709999084472656,91.11000061035156,20.577953338623047,105.0,19.469999313354492
2010-01-01,29.491626739501953,34.23057174682617,1115.0999755859375,625.3900146484375,3.8429999351501465,77.86000061035156,34.99368667602539,58.22208786010742,69.24185943603516,0.05000000074505806,79.36000061035156,1.4389938116073608,1095.199951171875,3.327500104904175,92.91999816894531,20.814672470092773,107.5,21.68000030517578
2010-01-08,30.699722290039062,35.45043182373047,1144.97998046875,644.5599975585938,3.808000087738037,77.47000122070312,35.72667694091797,58.836997985839844,69.7217025756836,0.03999999910593033,82.75,1.44110906124115,1138.199951171875,3.388000011444092,92.66000366210938,21.457204818725586,96.30000305175781,18.1299991607666
2010-01-15,29.811420440673828,35.32658767700195,1136.030029296875,637.9600219726562,3.6760001182556152,77.31999969482422,35.48766326904297,58.95442199707031,69.98160552978516,0.054999999701976776,78.0,1.4390974044799805,1130.0999755859375,3.3550000190734863,90.75,20.603315353393555,89.80000305175781,17.90999984741211
2010-01-22,28.14851951599121,33.357452392578125,1091.760009765625,617.1199951171875,3.5980000495910645,78.27999877929688,34.567386627197266,59.032676696777344,70.10155487060547,0.04500000178813934,74.54000091552734,1.414107084274292,1089.199951171875,3.3385000228881836,89.80999755859375,19.884693145751953,88.30000305175781,27.309999465942383
2010-01-29,27.203359603881836,32.49674606323242,1073.8699951171875,602.0399780273438,3.6089999675750732,79.45999908447266,34.35227584838867,58.94883346557617,70.30148315429688,0.07000000029802322,72.88999938964844,1.3866932392120361,1083.0,3.0460000038146973,90.2699966430664,19.182979583740234,86.30000305175781,24.6200008392334
2010-02-05,26.435874938964844,31.877531051635742,1066.18994140625,592.97998046875,3.5460000038146973,80.44000244140625,34.10457992553711,58.62432098388672,70.17328643798828,0.08500000089406967,71.19000244140625,1.368007779121399,1052.199951171875,2.8540000915527344,89.22000122070312,18.920894622802734,89.0999984741211,26.110000610351562
2010-02-12,27.31707000732422,32.04471969604492,1075.510009765625,610.719970703125,3.693000078201294,80.31999969482422,33.68299865722656,58.29305648803711,69.45208740234375,0.09000000357627869,74.12999725341797,1.363493800163269,1089.5,3.0789999961853027,89.94999694824219,19.461973190307617,87.0,22.729999542236328
2010-02-19,27.985069274902344,32.78158187866211,1109.1700439453125,631.6199951171875,3.7820000648498535,80.63999938964844,34.83522415161133,58.49515151977539,69.33858489990234,0.0949999988079071,79.80999755859375,1.3615074157714844,1121.300048828125,3.3570001125335693,91.54000091552734,20.248231887817383,84.9000015258789,20.020000457763672
2010-02-26,27.686599731445312,32.58344268798828,1104.489990234375,628.5599975585938,3.5950000286102295,80.36000061035156,34.99581527709961,59.247501373291016,69.38538360595703,0.11500000208616257,79.66000366210938,1.3631035089492798,1118.300048828125,3.2685000896453857,88.9209976196289,19.977689743041992,81.19999694824219,19.5
2010-03-05,29.100772857666016,34.0447998046875,1138.699951171875,666.02001953125,3.681999921798706,80.43000030517578,35.52407455444336,59.526588439941406,69.34127044677734,0.14499999582767487,81.5,1.3628991842269897,1134.800048828125,3.4024999141693115,90.22000122070312,20.239776611328125,78.9000015258789,17.420000076293945
2010-03-12,29.399255752563477,34.46586608886719,1149.989990234375,676.5900268554688,3.7100000381469727,79.83000183105469,35.67367935180664,59.72392654418945,69.58834838867188,0.14000000059604645,81.23999786376953,1.376993179321289,1101.5,3.369499921798706,90.54000091552734,19.884693145751953,76.4000015258789,17.579999923706055
2010-03-19,29.271329879760742,34.28629684448242,1159.9000244140625,673.8900146484375,3.687000036239624,80.72000122070312,35.62923049926758,60.045284271240234,69.56832122802734,0.14499999582767487,80.68000030517578,1.353692889213562,1107.4000244140625,3.364500045776367,90.5199966430664,19.80014991760254,79.4000015258789,16.969999313354492
2010-03-26,29.207372665405273,34.372982025146484,1166.5899658203125,678.969970703125,3.8550000190734863,81.68000030517578,35.847633361816406,59.622467041015625,69.1075439453125,0.12999999523162842,80.0,1.3410038948059082,1104.199951171875,3.3929998874664307,92.50700378417969,19.419700622558594,87.4000015258789,17.770000457763672
2010-04-02,30.71392250061035,35.27705001831055,1178.0999755859375,683.97998046875,3.8589999675750732,80.77999877929688,35.65605163574219,59.763404846191406,69.36927032470703,0.15000000596046448,84.87000274658203,1.3504936695098877,1125.0999755859375,3.5769999027252197,94.52999877929688,20.273595809936523,89.80000305175781,17.469999313354492
2010-04-09,31.111896514892578,35.38850784301758,1194.3699951171875,702.9500122070312,3.888000011444092,81.08999633789062,36.03913879394531,59.582149505615234,69.65092468261719,0.15000000596046448,84.91999816894531,1.3500925302505493,1161.0999755859375,3.5845000743865967,93.16000366210938,20.510318756103516,89.80000305175781,16.139999389648438
2010-04-16,30.173843383789062,35.12224197387695,1192.1300048828125,714.6199951171875,3.7699999809265137,80.81999969482422,36.04728698730469,60.15983200073242,70.18070220947266,0.15000000596046448,83.23999786376953,1.3504024744033813,1136.300048828125,3.5114998817443848,92.1500015258789,20.501863479614258,82.9000015258789,18.360000610351562
2010-04-23,30.600238800048828,34.96124267578125,1217.280029296875,741.9199829101562,3.816999912261963,81.3499984741211,36.49960708618164,60.199485778808594,70.2008285522461,0.1550000011920929,85.12000274658203,1.338401436805725,1153.0999755859375,3.5114998817443848,93.94999694824219,20.68785858154297,85.19999694824219,16.6200008392334
2010-04-30,29.882490158081055,33.69184494018555,1186.68994140625,716.5999755859375,3.6630001068115234,81.87000274658203,36.43033981323242,60.77141189575195,71.1263427734375,0.1550000011920929,86.1500015258789,1.3298048973083496,1180.0999755859375,3.3375000953674316,93.83000183105469,20.66249656677246,85.5,22.049999237060547
2010-05-07,27.139404296875,30.471893310546875,1110.8800048828125,653.0,3.428999900817871,84.44999694824219,34.673667907714844,59.79438400268555,71.30966186523438,0.11999999731779099,75.11000061035156,1.2756078243255615,1210.0,3.13100004196167,91.58000183105469,19.25906753540039,112.5999984741211,40.95000076293945
2010-05-14,28.063243865966797,30.95489501953125,1135.6800537109375,693.97998046875,3.441999912261963,86.0999984741211,35.28520965576172,60.36880111694336,71.59848022460938,0.14499999582767487,71.61000061035156,1.2360023260116577,1227.4000244140625,3.122999906539917,92.45999908447266,19.089982986450195,99.80000305175781,31.239999771118164
2010-05-21,26.535356521606445,30.106548309326172,1087.68994140625,649.2899780273438,3.200000047683716,85.37000274658203,34.599788665771484,60.45981216430664,71.302978515625,0.15000000596046448,70.04000091552734,1.2567076683044434,1175.699951171875,3.051500082015991,89.98600006103516,18.159997940063477,108.69999694824219,40.099998474121094
2010-05-28,27.0754451751709,29.9207763671875,1089.4100341796875,661.6099853515625,3.3010001182556152,86.4800033569336,34.72703170776367,59.97639465332031,71.26263427734375,0.15000000596046448,73.97000122070312,1.227400541305542,1212.199951171875,3.0969998836517334,91.052001953125,18.565811157226562,112.0999984741211,32.06999969482422
2010-06-04,26.435874938964844,29.029098510742188,1064.8800048828125,633.969970703125,3.194999933242798,88.2300033569336,34.558677673339844,60.309326171875,71.54011535644531,0.11999999731779099,71.51000213623047,1.1971030235290527,1216.199951171875,2.8125,91.87999725341797,17.96554946899414,106.4000015258789,35.47999954223633
2010-06-11,27.54447364807129,30.2861270904541,1091.5999755859375,649.0,3.2160000801086426,87.51000213623047,34.84821701049805,60.554908752441406,71.37811279296875,0.07000000029802322,73.77999877929688,1.2114017009735107,1228.9000244140625,2.8994998931884766,91.62000274658203,18.557355880737305,105.9000015258789,28.790000915527344
2010-06-18,28.368820190429688,31.33880043029785,1117.510009765625,666.9199829101562,3.2230000495910645,85.69999694824219,35.67949676513672,60.82337188720703,71.72911834716797,0.0949999988079071,77.18000030517578,1.2392956018447876,1257.199951171875,2.88100004196167,90.69999694824219,18.93780517578125,94.4000015258789,23.950000762939453
2010-06-25,28.206151962280273,30.778162002563477,1076.760009765625,645.1099853515625,3.11299991607666,85.30999755859375,35.4437370300293,61.38872146606445,71.99919891357422,0.125,78.86000061035156,1.2373021841049194,1255.800048828125,3.0929999351501465,89.1500015258789,18.88707733154297,84.69999694824219,28.530000686645508
2010-07-02,27.004356384277344,29.669265747070312,1022.5800170898438,598.969970703125,2.9790000915527344,84.43000030517578,35.28913116455078,61.83377456665039,71.62711334228516,0.1599999964237213,72.13999938964844,1.257102608680725,1207.4000244140625,2.9040000438690186,87.79000091552734,17.923276901245117,88.19999694824219,30.1200008392334
2010-07-09,28.592426300048828,31.540531158447266,1077.9599609375,629.4299926757812,3.055999994277954,83.94999694824219,36.08072280883789,61.90258026123047,71.57292938232422,0.14499999582767487,76.08999633789062,1.2643983364105225,1209.5999755859375,3.0445001125335693,88.56999969482422,18.582719802856445,85.0999984741211,24.979999542236328
2010-07-16,27.648174285888672,31.238107681274414,1064.8800048828125,610.3900146484375,2.938999891281128,82.48999786376953,36.130733489990234,62.50471115112305,71.56621551513672,0.14499999582767487,76.01000213623047,1.2931926250457764,1188.0,2.9235000610351562,86.55999755859375,18.574262619018555,81.19999694824219,26.25
2010-07-23,29.436538696289062,32.504520416259766,1102.6600341796875,650.6500244140625,2.99399995803833,82.45999908447266,37.018150329589844,62.86591720581055,71.49176788330078,0.14499999582767487,78.9800033569336,1.291305661201477,1187.699951171875,3.184999942779541,87.5199966430664,18.971620559692383,78.9000015258789,23.469999313354492
2010-07-30,29.61536979675293,32.70613098144531,1101.5999755859375,650.8900146484375,2.9070000648498535,81.54000091552734,36.92234420776367,63.250152587890625,71.9994125366211,0.14000000059604645,78.94999694824219,1.3039000034332275,1181.699951171875,3.306999921798706,86.44000244140625,19.352066040039062,78.19999694824219,23.5
2010-08-06,30.101808547973633,33.86543273925781,1121.6400146484375,650.6799926757812,2.8239998817443848,80.41000366210938,37.0687255859375,63.55359649658203,72.59746551513672,0.14000000059604645,80.69999694824219,1.3181308507919312,1203.4000244140625,3.3394999504089355,85.83300018310547,19.69024085998535,80.4000015258789,21.739999771118164
2010-08-13,29.100322723388672,31.95006561279297,1079.25,609.489990234375,2.687999963760376,82.94999694824219,36.540199279785156,63.6974983215332,72.7127456665039,0.14499999582767487,75.38999938964844,1.2829889059066772,1214.9000244140625,3.251499891281128,86.0739974975586,18.946256637573242,84.30000305175781,26.239999771118164
2010-08-20,29.34354591369629,31.698041915893555,1071.68994140625,610.780029296875,2.611999988555908,83.05999755859375,36.800270080566406,64.53803253173828,72.66529083251953,0.14499999582767487,73.45999908447266,1.2808033227920532,1227.199951171875,3.2909998893737793,85.34400177001953,18.768714904785156,93.19999694824219,25.489999771118164
2010-08-27,28.964414596557617,31.830360412597656,1064.5899658203125,616.760009765625,2.6519999504089355,82.91999816894531,36.502437591552734,64.41707611083984,72.8687515258789,0.14000000059604645,75.16999816894531,1.2706480026245117,1236.0,3.364000082015991,84.34600067138672,19.05616569519043,109.19999694824219,24.450000762939453
2010-09-03,30.0660400390625,33.07155990600586,1104.510009765625,643.3599853515625,2.7060000896453857,83.0999984741211,37.121009826660156,64.00099182128906,72.8346939086914,0.125,74.5999984741211,1.2825939655303955,1249.199951171875,3.493499994277954,84.25,19.377429962158203,95.30000305175781,21.309999465942383
2010-09-10,30.23057746887207,33.2731819152832,1109.550048828125,636.4600219726562,2.7950000762939453,82.69999694824219,37.31957244873047,64.05875396728516,72.93641662597656,0.13500000536441803,76.44999694824219,1.269309401512146,1244.5,3.3970000743865967,83.93000030517578,19.614152908325195,107.30000305175781,21.989999771118164
2010-09-17,30.774234771728516,33.789825439453125,1125.5899658203125,651.4400024414062,2.746000051498413,81.4000015258789,37.60265350341797,64.34767150878906,72.84144592285156,0.14499999582767487,73.66000366210938,1.3075997829437256,1275.5999755859375,3.5134999752044678,85.8479995727539,19.749422073364258,103.5999984741211,22.010000228881836
2010-09-24,31.561119079589844,34.89242172241211,1148.6700439453125,671.010009765625,2.611999988555908,79.38999938964844,37.49705123901367,64.7811050415039,73.73676300048828,0.14000000059604645,76.48999786376953,1.331912636756897,1296.0,3.6135001182556152,84.51000213623047,20.138324737548828,83.69999694824219,21.709999084472656
2010-10-01,32.49821853637695,34.949127197265625,1146.239990234375,679.2899780273438,2.5260000228881836,78.08999633789062,37.943973541259766,65.03648376464844,74.17451477050781,0.15000000596046448,81.58000183105469,1.3622123003005981,1316.0999755859375,3.683500051498413,83.56999969482422,20.42577362060547,86.5,22.5
2010-10-08,33.07050704956055,35.83120346069336,1165.1500244140625,693.8200073242188,2.38100004196167,77.31999969482422,38.11833572387695,65.61660766601562,75.7500991821289,0.11500000208616257,82.66000366210938,1.3927963972091675,1344.199951171875,3.7664999961853027,82.37999725341797,21.254301071166992,80.0999984741211,20.709999084472656
2010-10-15,33.42103576660156,36.24704360961914,1176.18994140625,703.1599731445312,2.5759999752044678,77.04000091552734,38.2076301574707,64.6014175415039,75.7229232788086,0.13500000536441803,81.25,1.4072020053863525,1371.0999755859375,3.8345000743865967,81.47000122070312,21.085214614868164,88.0999984741211,19.030000686645508
2010-10-22,32.927433013916016,36.09581756591797,1183.0799560546875,703.4299926757812,2.562999963760376,77.47000122070312,38.38624954223633,65.07711029052734,75.93344116210938,0.11999999731779099,81.69000244140625,1.3916915655136108,1324.4000244140625,3.7915000915527344,81.30000305175781,21.07676124572754,92.4000015258789,18.780000686645508
2010-10-29,32.99181365966797,35.91941452026367,1183.260009765625,703.3499755859375,2.611999988555908,77.2699966430664,38.59038543701172,65.1814956665039,75.80445098876953,0.10999999940395355,81.43000030517578,1.377808928489685,1357.0999755859375,3.7320001125335693,81.67900085449219,21.288118362426758,99.80000305175781,21.200000762939453
2010-11-05,34.68718719482422,37.299224853515625,1225.8499755859375,736.5900268554688,2.5360000133514404,76.55000305175781,39.2972297668457,65.65438842773438,75.89630126953125,0.11999999731779099,86.8499984741211,1.422798991203308,1397.300048828125,3.944000005722046,80.7760009765625,22.328004837036133,81.69999694824219,18.260000228881836
2010-11-12,33.19926071166992,36.190338134765625,1199.2099609375,719.27001953125,2.75600004196167,78.08000183105469,38.45382308959961,64.32077026367188,74.88209533691406,0.125,84.87999725341797,1.3621008396148682,1365.4000244140625,3.8884999752044678,82.41000366210938,21.355754852294922,97.69999694824219,20.610000610351562
2010-11-19,33.27079391479492,36.398250579833984,1199.72998046875,724.3599853515625,2.875,78.5,38.620758056640625,64.22178649902344,74.426025390625,0.12999999523162842,81.51000213623047,1.365728497505188,1352.199951171875,3.8329999446868896,83.54000091552734,20.848491668701172,94.5,18.040000915527344
2010-11-26,32.04756164550781,34.8861198425293,1189.4000244140625,732.72998046875,2.864000082015991,80.36000061035156,37.914371490478516,64.16357421875,74.5349349975586,0.1550000011920929,83.76000213623047,1.3339736461639404,1362.300048828125,3.750999927520752,83.62999725341797,21.355754852294922,100.80000305175781,22.219999313354492
2010-12-03,33.72147750854492,36.17143630981445,1224.7099609375,756.4199829101562,3.0169999599456787,79.37999725341797,38.537166595458984,63.66447067260742,74.00248718261719,0.12999999523162842,89.19000244140625,1.3215975761413574,1405.4000244140625,3.994999885559082,83.7490005493164,22.285734176635742,102.69999694824219,18.010000228881836
2010-12-10,33.32802963256836,36.31003952026367,1240.4000244140625,776.8300170898438,3.2960000038146973,80.06999969482422,38.52427291870117,62.96289825439453,72.40025329589844,0.11500000208616257,87.79000091552734,1.3242051601409912,1384.300048828125,4.105000019073486,83.81600189208984,22.184284210205078,110.80000305175781,17.610000610351562
2010-12-17,33.192115783691406,36.27223587036133,1243.9100341796875,779.510009765625,3.3299999237060547,80.37000274658203,38.56736373901367,63.29612731933594,73.17752838134766,0.10499999672174454,88.0199966430664,1.323994755744934,1378.5999755859375,4.1529998779296875,84.05000305175781,22.378732681274414,119.0999984741211,16.110000610351562
2010-12-24,33.60350799560547,36.709022521972656,1256.77001953125,788.9600219726562,3.3929998874664307,80.5,38.86471939086914,63.36629867553711,72.96615600585938,0.12999999523162842,91.51000213623047,1.31271493434906,1380.0,4.251999855041504,83.0199966430664,22.928266525268555,106.80000305175781,16.469999313354492
2010-12-31,34.36456298828125,37.02701950073242,1257.6400146484375,783.6500244140625,3.305000066757202,79.02999877929688,39.16255569458008,63.64634704589844,73.48729705810547,0.11500000208616257,91.37999725341797,1.3301233053207397,1421.0999755859375,4.439499855041504,81.4800033569336,23.29180335998535,110.4000015258789,17.75
2011-01-07,34.08323669433594,36.4864387512207,1271.5,787.8300170898438,3.328000068664551,81.01000213623047,39.36639404296875,63.92220687866211,73.52828979492188,0.13500000536441803,88.02999877929688,1.2979933023452759,1368.5,4.272500038146973,83.30000305175781,22.928266525268555,107.5,17.139999389648438
2011-01-14,34.573753356933594,37.809268951416016,1293.239990234375,807.5700073242188,3.3329999446868896,79.16000366210938,39.62663269042969,63.93394470214844,73.65129089355469,0.14499999582767487,91.54000091552734,1.335327386856079,1360.4000244140625,4.403500080108643,82.76200103759766,23.68916130065918,96.4000015258789,15.460000038146973
2011-01-21,33.527809143066406,37.675724029541016,1283.3499755859375,773.1799926757812,3.4159998893737793,78.20999908447266,39.583248138427734,63.66981887817383,73.13187408447266,0.15000000596046448,89.11000061035156,1.3468012809753418,1341.0,4.300000190734863,82.91999816894531,23.63843536376953,95.30000305175781,18.469999313354492
2011-01-28,32.69827651977539,37.478572845458984,1276.3399658203125,775.4000244140625,3.3289999961853027,78.12999725341797,39.596256256103516,63.845909118652344,73.48040771484375,0.13500000536441803,89.33999633789062,1.3723068237304688,1340.699951171875,4.365499973297119,82.88500213623047,23.74834442138672,90.30000305175781,20.040000915527344
2011-02-04,33.542232513427734,38.661502838134766,1310.8699951171875,800.1099853515625,3.6519999504089355,78.04000091552734,40.10519790649414,63.1141471862793,72.44265747070312,0.14499999582767487,89.02999877929688,1.362453579902649,1348.300048828125,4.571000099182129,81.6500015258789,24.238697052001953,105.0999984741211,15.930000305175781
2011-02-11,32.9146728515625,38.68694305419922,1329.1500244140625,822.1099853515625,3.6459999084472656,78.45999908447266,40.1401481628418,63.39704513549805,72.18255615234375,0.10999999940395355,85.58000183105469,1.3601926565170288,1359.9000244140625,4.531000137329102,83.33999633789062,24.22178840637207,97.19999694824219,15.6899995803833
2011-02-18,33.405181884765625,39.380165100097656,1343.010009765625,834.8200073242188,3.5889999866485596,77.66000366210938,40.31912612915039,63.7152099609375,72.87389373779297,0.09000000357627869,86.19999694824219,1.3626019954681396,1388.199951171875,4.478499889373779,83.29000091552734,24.255603790283203,94.30000305175781,16.43000030517578
2011-02-25,32.83534240722656,38.79505920410156,1319.8800048828125,821.9500122070312,3.424999952316284,77.27999877929688,40.17942810058594,64.18659973144531,74.22924041748047,0.125,97.87999725341797,1.381998062133789,1408.699951171875,4.435999870300293,82.0469970703125,25.084135055541992,93.0999984741211,19.219999313354492
2011-03-04,33.83078384399414,38.94132995605469,1321.1500244140625,824.989990234375,3.492000102996826,76.4000015258789,40.41495895385742,63.98596954345703,74.53447723388672,0.10999999940395355,104.41999816894531,1.3958877325057983,1428.199951171875,4.4720001220703125,82.36699676513672,25.726667404174805,94.5999984741211,19.059999465942383
2011-03-11,33.203208923339844,37.739322662353516,1304.280029296875,802.8300170898438,3.3929998874664307,76.77999877929688,40.05472946166992,64.27581024169922,74.92565155029297,0.07000000029802322,101.16000366210938,1.3801289796829224,1421.5,4.195000171661377,82.91799926757812,24.931955337524414,91.69999694824219,20.079999923706055
2011-03-18,32.62614440917969,36.83621597290039,1279.2099609375,794.6599731445312,3.2769999504089355,75.72000122070312,40.05472946166992,64.72543334960938,75.64619445800781,0.06499999761581421,101.06999969482422,1.4032920598983765,1415.9000244140625,4.329500198364258,79.5,25.12640380859375,100.30000305175781,24.440000534057617
2011-03-25,34.148170471191406,37.7647590637207,1313.800048828125,823.8499755859375,3.444000005722046,76.22000122070312,40.32267761230469,64.28765869140625,74.73344421386719,0.07999999821186066,105.4000015258789,1.4171934127807617,1426.0999755859375,4.4085001945495605,81.01399993896484,25.6336669921875,93.5,17.90999984741211
2011-04-01,35.670204162597656,38.57245635986328,1332.4100341796875,846.77001953125,3.4509999752044678,75.83000183105469,40.34876251220703,64.31194305419922,75.10647583007812,0.054999999701976776,107.94000244140625,1.415869116783142,1428.0999755859375,4.251500129699707,83.36000061035156,25.97184181213379,87.5,17.399999618530273
2011-04-08,36.09577178955078,38.97312927246094,1328.1700439453125,840.8900146484375,3.569999933242798,75.06999969482422,40.68023681640625,64.15746307373047,75.18927764892578,0.03500000014901161,112.79000091552734,1.430206060409546,1473.4000244140625,4.494999885559082,84.95999908447266,26.986370086669922,88.5,17.8700008392334
2011-04-15,35.43935775756836,38.763248443603516,1319.6800537109375,834.97998046875,3.4100000858306885,74.83000183105469,40.59629821777344,64.68016815185547,76.13447570800781,0.05999999865889549,109.66000366210938,1.4432096481323242,1485.300048828125,4.252999782562256,83.78299713134766,26.352293014526367,81.5,15.319999694824219
2011-04-22,36.1967658996582,39.47555160522461,1337.3800048828125,845.6400146484375,3.4000000953674316,74.0,40.848228454589844,64.99496459960938,76.02410125732422,0.04500000178813934,112.29000091552734,1.455498218536377,1503.199951171875,4.3979997634887695,81.89700317382812,26.808826446533203,76.5999984741211,14.6899995803833
2011-04-29,36.06693649291992,40.35957717895508,1363.6099853515625,865.2899780273438,3.2960000038146973,72.93000030517578,41.042728424072266,65.6126708984375,76.69331359863281,0.03999999910593033,113.93000030517578,1.4844063520431519,1556.0,4.165500164031982,81.52999877929688,26.969459533691406,76.80000305175781,14.75
2011-05-06,34.80458450317383,39.17664337158203,1340.199951171875,833.3400268554688,3.1570000648498535,74.83999633789062,41.057395935058594,66.05804443359375,76.9527816772461,0.004999999888241291,97.18000030517578,1.454439640045166,1491.199951171875,3.9635000228881836,80.41699981689453,24.179513931274414,84.0999984741211,18.399999618530273
2011-05-13,33.8452033996582,38.547019958496094,1337.77001953125,835.6699829101562,3.187000036239624,75.76000213623047,41.008480072021484,66.00440216064453,76.55738067626953,0.019999999552965164,99.6500015258789,1.423791527748108,1493.4000244140625,3.9749999046325684,81.04000091552734,24.5515079498291,82.0999984741211,17.06999969482422
2011-05-20,33.953407287597656,38.46433639526367,1333.27001953125,829.0599975585938,3.1519999504089355,75.43000030517578,41.15969467163086,66.1832275390625,76.37008666992188,0.03999999910593033,99.48999786376953,1.4316186904907227,1508.800048828125,4.11899995803833,81.71399688720703,24.8135929107666,79.80000305175781,17.43000030517578
2011-05-27,34.44391632080078,38.66785430908203,1331.0999755859375,836.260009765625,3.063999891281128,74.94999694824219,40.986228942871094,66.45159149169922,77.09841918945312,0.03500000014901161,100.58999633789062,1.4135074615478516,1536.300048828125,4.179500102996826,81.2699966430664,25.430761337280273,73.9000015258789,15.979999542236328
2011-06-03,34.530479431152344,38.750545501708984,1300.1600341796875,808.1300048828125,2.996999979019165,73.77999877929688,40.670536041259766,66.31697845458984,77.2886962890625,0.029999999329447746,100.22000122070312,1.4486035108566284,1541.699951171875,4.130000114440918,80.97000122070312,25.574485778808594,75.9000015258789,17.950000762939453
2011-06-10,33.520591735839844,37.60576248168945,1270.97998046875,779.5399780273438,2.9709999561309814,74.79000091552734,40.1110954284668,66.21519470214844,77.30970001220703,0.03500000014901161,99.29000091552734,1.451568365097046,1528.5999755859375,4.052000045776367,80.29000091552734,25.599849700927734,78.0999984741211,18.860000610351562
2011-06-17,33.03008270263672,37.30685043334961,1271.5,781.75,2.944000005722046,74.98999786376953,39.76205062866211,66.35284423828125,77.39372253417969,0.02500000037252903,93.01000213623047,1.419909954071045,1538.5999755859375,4.103000164031982,80.5770034790039,24.712141036987305,85.30000305175781,21.850000381469727
2011-06-24,33.149112701416016,37.020362854003906,1268.449951171875,797.7899780273438,2.871000051498413,75.66999816894531,40.039512634277344,66.64608001708984,78.05897521972656,0.009999999776482582,91.16000366210938,1.427001714706421,1500.5,4.098499774932861,80.44000244140625,23.892066955566406,84.80000305175781,21.100000381469727
2011-07-01,35.087074279785156,39.419227600097656,1339.6700439453125,840.0399780273438,3.197000026702881,74.3499984741211,41.08003234863281,65.91948699951172,77.56591796875,0.009999999776482582,94.94000244140625,1.4496954679489136,1482.300048828125,4.291999816894531,80.5999984741211,24.517690658569336,90.5,15.869999885559082
2011-07-08,34.919498443603516,38.79034423828125,1343.800048828125,852.5700073242188,3.0160000324249268,75.18000030517578,41.20164489746094,66.7367172241211,78.20047760009766,0.019999999552965164,96.19999694824219,1.4364513158798218,1541.199951171875,4.402500152587891,81.2300033569336,25.337764739990234,85.80000305175781,15.949999809265137
2011-07-15,33.99423599243164,37.7205810546875,1316.1400146484375,828.780029296875,2.9079999923706055,75.12999725341797,40.96293258666992,66.91691589355469,78.87737274169922,0.004999999888241291,97.23999786376953,1.4157286882400513,1589.800048828125,4.40500020980835,79.18000030517578,25.794301986694336,90.4000015258789,19.530000686645508
2011-07-22,34.71551513671875,39.01726150512695,1345.02001953125,841.8200073242188,2.9639999866485596,74.19999694824219,41.36377716064453,66.99504852294922,78.99014282226562,0.029999999329447746,99.87000274658203,1.4420026540756226,1601.300048828125,4.4045000076293945,78.58399963378906,25.99720573425293,84.30000305175781,17.520000457763672
2011-07-29,34.32209014892578,38.06420135498047,1292.280029296875,797.030029296875,2.805000066757202,73.9000015258789,41.00796890258789,67.51779174804688,80.49905395507812,0.09000000357627869,95.69999694824219,1.4331985712051392,1628.300048828125,4.473999977111816,77.7300033569336,25.599849700927734,88.0,25.25
2011-08-05,31.02174949645996,34.8419303894043,1199.3800048828125,714.6300048828125,2.558000087738037,74.5999984741211,39.359012603759766,67.90438842773438,80.52812194824219,0.009999999776482582,86.87999725341797,1.4067071676254272,1648.800048828125,4.11299991607666,79.29000091552734,24.36551284790039,100.69999694824219,32.0
2011-08-12,30.06734275817871,34.29732894897461,1178.81005859375,697.5,2.236999988555908,74.61000061035156,38.68838119506836,67.83197784423828,82.4202880859375,0.004999999888241291,85.37999725341797,1.4226369857788086,1740.199951171875,4.009500026702881,77.12189132690429,24.272512435913086,109.0999984741211,36.36000061035156
2011-08-19,28.908946990966797,32.52735900878906,1123.530029296875,651.7000122070312,2.071000099182129,73.98999786376953,38.679325103759766,68.39894104003906,82.25728607177734,0.009999999776482582,82.26000213623047,1.4324390888214111,1848.9000244140625,3.9825000762939453,77.12189132690429,24.60223388671875,100.30000305175781,43.04999923706055
2011-08-26,29.520938873291016,33.5128173828125,1176.800048828125,691.7899780273438,2.187999963760376,73.80999755859375,38.91494369506836,66.96955871582031,81.39269256591797,0.009999999776482582,85.37000274658203,1.4372979402542114,1794.0999755859375,4.098999977111816,77.43499755859375,25.033409118652344,101.5,35.59000015258789
2011-09-02,30.27862548828125,33.53876495361328,1173.969970703125,683.3599853515625,1.996000051498413,74.75,39.676212310791016,68.21550750732422,82.6472396850586,0.014999999664723873,86.44999694824219,1.4262080192565918,1873.699951171875,4.10699987411499,77.12189132690429,25.18558692932129,99.4000015258789,33.91999816894531
2011-09-09,29.149368286132812,31.606706619262695,1154.22998046875,673.9600219726562,1.9149999618530273,77.19000244140625,39.16543960571289,68.76031494140625,82.52674102783203,0.004999999888241291,87.23999786376953,1.3904144763946533,1856.4000244140625,3.987499952316284,77.50800323486328,24.762866973876953,100.69999694824219,38.52000045776367
2011-09-16,29.52821159362793,33.00063705444336,1216.010009765625,714.3099975585938,2.0759999752044678,76.58000183105469,39.62604522705078,68.06419372558594,81.65494537353516,0.004999999888241291,87.95999908447266,1.3869048357009888,1812.0999755859375,3.9200000762939453,77.12189132690429,24.500782012939453,97.5999984741211,30.979999542236328
2011-09-23,26.14044761657715,30.59529685974121,1136.4300537109375,652.4299926757812,1.8079999685287476,78.30000305175781,38.85987854003906,68.33659362792969,81.6904525756836,0.004999999888241291,79.8499984741211,1.348090410232544,1637.5,3.2720000743865967,77.12189132690429,22.446365356445312,104.5,41.25
2011-09-30,25.572174072265625,30.977815628051758,1131.4200439453125,644.1599731445312,1.9240000247955322,78.55000305175781,37.774497985839844,67.98544311523438,81.01002502441406,0.009999999776482582,79.19999694824219,1.3585848808288574,1620.4000244140625,3.1449999809265137,77.12189132690429,21.77001953125,100.5999984741211,42.959999084472656
2011-10-07,26.548433303833008,31.75582504272461,1155.4599609375,656.2100219726562,2.068000078201294,78.72000122070312,38.273929595947266,67.46172332763672,81.52320098876953,0.004999999888241291,82.9800033569336,1.3428946733474731,1634.5,3.2664999961853027,77.12189132690429,22.277280807495117,106.4000015258789,36.20000076293945
2011-10-14,28.843366622924805,33.7916259765625,1224.5799560546875,712.4600219726562,2.2320001125335693,76.62000274658203,39.67396545410156,67.89311981201172,80.74240112304688,0.014999999664723873,86.80000305175781,1.3735508918762207,1681.800048828125,3.4049999713897705,77.12189132690429,23.562347412109375,109.19999694824219,28.239999771118164
2011-10-21,28.311538696289062,33.76568603515625,1238.25,712.4199829101562,2.203000068664551,76.30000305175781,40.35792541503906,68.63432312011719,81.23929595947266,0.014999999664723873,87.4000015258789,1.377903938293457,1635.0999755859375,3.2190001010894775,77.12189132690429,22.978994369506836,107.5,31.31999969482422
2011-10-28,30.890602111816406,35.82093811035156,1285.0899658203125,761.0,2.305999994277954,75.08999633789062,41.3677864074707,69.53362274169922,81.95618438720703,0.009999999776482582,93.31999969482422,1.4173942804336548,1746.199951171875,3.7019999027252197,77.12189132690429,23.799070358276367,107.4000015258789,24.530000686645508
2011-11-04,30.009056091308594,33.58414840698242,1253.22998046875,746.489990234375,2.049999952316284,76.91000366210938,40.99421310424805,70.47329711914062,83.59163665771484,0.004999999888241291,94.26000213623047,1.382991909980774,1755.300048828125,3.562999963760376,78.0530014038086,23.663799285888672,106.5999984741211,30.15999984741211
2011-11-11,29.717634201049805,33.58414840698242,1263.8499755859375,744.6400146484375,2.055999994277954,76.94000244140625,40.652503967285156,69.10749816894531,83.34951782226562,0.004999999888241291,98.98999786376953,1.3610072135925293,1787.5,3.4619998931884766,77.6520004272461,23.799070358276367,113.69999694824219,30.040000915527344
2011-11-18,28.078393936157227,32.02812576293945,1215.6500244140625,719.4199829101562,2.01200008392334,78.0199966430664,39.659759521484375,68.38188171386719,82.92227172851562,0.004999999888241291,97.41000366210938,1.3458044528961182,1724.699951171875,3.4019999504089355,77.12189132690429,23.071992874145508,109.80000305175781,32.0
2011-11-25,26.300722122192383,30.11551856994629,1158.6700439453125,666.1599731445312,1.9670000076293945,79.61000061035156,38.209835052490234,67.30875396728516,83.11457061767578,0.004999999888241291,96.7699966430664,1.3331022262573242,1685.5,3.2679998874664307,77.16600036621094,22.522457122802734,102.30000305175781,34.470001220703125
2011-12-02,28.974512100219727,32.929325103759766,1244.280029296875,735.02001953125,2.0420000553131104,78.62999725341797,40.391414642333984,68.22347259521484,83.47199249267578,0.014999999664723873,100.95999908447266,1.346692442893982,1747.0,3.572499990463257,77.75,23.486257553100586,98.5999984741211,27.520000457763672
2011-12-09,28.683090209960938,33.09141540527344,1255.18994140625,745.4000244140625,2.052000045776367,78.62999725341797,40.75386047363281,68.296875,82.70142364501953,0.004999999888241291,99.41000366210938,1.3345433473587036,1712.800048828125,3.546999931335449,77.68000030517578,23.071992874145508,99.9000015258789,26.3799991607666
2011-12-16,27.335268020629883,31.34088134765625,1219.6600341796875,722.0499877929688,1.8539999723434448,80.25,40.6469612121582,69.14739227294922,83.45770263671875,0.004999999888241291,93.52999877929688,1.302965521812439,1595.5999755859375,3.3239998817443848,77.83999633789062,22.125104904174805,89.4000015258789,24.290000915527344
2011-12-23,28.310747146606445,32.48541259765625,1265.3299560546875,747.97998046875,2.0299999713897705,80.01000213623047,41.56707000732422,69.19636535644531,83.37210845947266,0.004999999888241291,99.68000030517578,1.3056023120880127,1604.699951171875,3.4635000228881836,78.16000366210938,22.826814651489258,94.19999694824219,20.729999542236328
2011-12-30,27.906204223632812,32.49855041503906,1257.5999755859375,740.9199829101562,1.871000051498413,80.16999816894531,41.807830810546875,69.845947265625,83.2579116821289,0.004999999888241291,98.83000183105469,1.2956053018569946,1565.800048828125,3.43149995803833,77.65899658203125,22.691545486450195,91.0999984741211,23.399999618530273
2012-01-06,28.112152099609375,32.24920654296875,1277.81005859375,749.7100219726562,1.9609999656677246,81.23999786376953,41.56007385253906,69.81522369384766,83.74315643310547,0.014999999664723873,101.55999755859375,1.279606819152832,1616.0999755859375,3.430999994277954,77.1510009765625,23.325624465942383,81.69999694824219,20.6299991607666
2012-01-13,28.8991756439209,32.54447555541992,1289.0899658203125,764.2000122070312,1.8530000448226929,81.43000030517578,41.61616897583008,70.30641174316406,83.89293670654297,0.019999999552965164,98.69999694824219,1.2820513248443604,1630.4000244140625,3.631999969482422,77.12189132690429,23.071992874145508,79.19999694824219,20.90999984741211
2012-01-20,30.436450958251953,34.07328414916992,1315.3800048828125,784.6199951171875,2.0280001163482666,80.22000122070312,41.87796401977539,70.18363952636719,83.43631744384766,0.03999999910593033,98.45999908447266,1.2964956760406494,1663.699951171875,3.740999937057495,77.12189132690429,23.173444747924805,84.5999984741211,18.280000686645508
2012-01-27,31.15726661682129,34.440704345703125,1316.3299560546875,798.8499755859375,1.8980000019073486,78.9000015258789,42.44830322265625,71.22737884521484,84.4780044555664,0.05000000074505806,99.55999755859375,1.3092775344848633,1731.800048828125,3.883500099182129,77.45999908447266,23.8328857421875,75.4000015258789,18.530000686645508
2012-02-03,32.27528381347656,35.365867614746094,1344.9000244140625,831.1099853515625,1.9490000009536743,78.94000244140625,42.649208068847656,71.67117309570312,84.39954376220703,0.07000000029802322,97.83999633789062,1.3137152194976807,1737.9000244140625,3.8970000743865967,77.12189132690429,23.942790985107422,76.69999694824219,17.100000381469727
2012-02-10,31.56916618347168,34.95250701904297,1342.6400146484375,813.3300170898438,1.968999981880188,79.11000061035156,42.42823028564453,71.4986572265625,84.51367950439453,0.07999999821186066,98.66999816894531,1.3278449773788452,1723.300048828125,3.859499931335449,77.63200378417969,24.05270004272461,80.69999694824219,20.790000915527344
2012-02-17,32.312049865722656,35.77267074584961,1361.22998046875,828.6799926757812,2.009999990463257,79.33000183105469,42.57866287231445,71.46788787841797,84.42804718017578,0.07500000298023224,103.23999786376953,1.3126804828643799,1724.5,3.7049999237060547,78.8239974975586,24.255603790283203,81.5,17.780000686645508
2012-02-24,32.50330352783203,36.1860466003418,1365.739990234375,826.9199829101562,1.9769999980926514,78.3499984741211,43.16164779663086,71.9483642578125,84.90612030029297,0.09000000357627869,109.7699966430664,1.337363362312317,1775.0999755859375,3.862499952316284,79.93000030517578,25.092588424682617,77.0999984741211,17.309999465942383
2012-03-02,32.834285736083984,35.936702728271484,1369.6300048828125,802.4199829101562,1.9859999418258667,79.4000015258789,43.20661544799805,72.3625259399414,84.4708480834961,0.05999999865889549,106.69999694824219,1.3322675228118896,1708.800048828125,3.8954999446868896,81.12000274658203,24.923500061035156,76.0,17.290000915527344
2012-03-09,32.20908737182617,35.667686462402344,1370.8699951171875,817.0,2.0380001068115234,80.04000091552734,42.8897819519043,72.06575775146484,84.62784576416016,0.07999999821186066,107.4000015258789,1.327492356300354,1710.9000244140625,3.8524999618530273,81.58000183105469,24.779775619506836,73.19999694824219,17.110000610351562
2012-03-16,32.42973709106445,36.422245025634766,1404.1700439453125,830.1799926757812,2.2980000972747803,79.77999877929688,42.790489196777344,70.82331848144531,83.90721130371094,0.07999999821186066,107.05999755859375,1.3078734874725342,1655.5,3.874000072479248,83.49199676513672,25.008045196533203,84.9000015258789,14.470000267028809
2012-03-23,31.554460525512695,35.943275451660156,1397.1099853515625,830.030029296875,2.236999988555908,79.33999633789062,42.795223236083984,70.94074249267578,84.12840270996094,0.07000000029802322,106.87000274658203,1.3204805850982666,1662.300048828125,3.809499979019165,82.51000213623047,24.644506454467773,86.19999694824219,14.819999694824219
2012-03-30,31.59123420715332,36.015445709228516,1408.469970703125,830.2999877929688,2.2160000801086426,78.93000030517578,42.89923095703125,71.47853088378906,83.94287109375,0.06499999761581421,103.0199966430664,1.3313806056976318,1669.300048828125,3.8239998817443848,82.27300262451172,24.348602294921875,78.5999984741211,15.5
2012-04-06,31.436777114868164,34.7884521484375,1398.0799560546875,818.1799926757812,2.174999952316284,80.06999969482422,42.673255920410156,71.2347640991211,83.98152923583984,0.07000000029802322,103.30999755859375,1.3065063953399658,1628.5,3.7915000915527344,82.2699966430664,24.264057159423828,83.69999694824219,16.700000762939453
2012-04-13,31.01016616821289,34.329158782958984,1370.260009765625,796.2899780273438,1.9980000257492065,79.87999725341797,42.7446174621582,71.95428466796875,85.19062042236328,0.07999999821186066,102.83000183105469,1.318913221359253,1659.0999755859375,3.622999906539917,80.93000030517578,23.959701538085938,72.5999984741211,19.549999237060547
2012-04-20,31.135208129882812,35.07060623168945,1378.530029296875,804.0499877929688,1.9700000286102295,79.18000030517578,42.9682502746582,72.06597137451172,85.21930694580078,0.06499999761581421,103.05000305175781,1.314578652381897,1642.0999755859375,3.696000099182129,81.60900115966797,23.706069946289062,71.4000015258789,17.440000534057617
2012-04-27,31.1204891204834,35.470855712890625,1403.3599853515625,825.469970703125,1.9329999685287476,78.69999694824219,43.30125045776367,72.29544830322266,85.5340576171875,0.08500000089406967,104.93000030517578,1.319087266921997,1664.0,3.819999933242798,81.05799865722656,23.925880432128906,64.0999984741211,16.31999969482422
2012-05-04,30.421730041503906,34.296356201171875,1369.0999755859375,791.8400268554688,1.8799999952316284,79.47000122070312,43.47251892089844,72.4754638671875,85.63922882080078,0.07000000029802322,98.48999786376953,1.3156163692474365,1644.699951171875,3.7239999771118164,80.20999908447266,23.029720306396484,57.79999923706055,19.15999984741211
2012-05-11,29.399343490600586,33.56804656982422,1353.3900146484375,790.0599975585938,1.840999960899353,80.27999877929688,43.44377517700195,72.72440338134766,85.71823120117188,0.09000000357627869,96.12999725341797,1.2934937477111816,1583.5999755859375,3.6484999656677246,79.86900329589844,22.556276321411133,61.5,19.889999389648438
2012-05-18,27.4281063079834,31.56682586669922,1295.219970703125,747.2100219726562,1.7020000219345093,81.29000091552734,41.903324127197266,71.86552429199219,86.52957916259766,0.07500000298023224,91.4800033569336,1.269841194152832,1591.5999755859375,3.4695000648498535,79.40799713134766,22.209644317626953,70.5999984741211,25.100000381469727
2012-05-25,27.325136184692383,31.560260772705078,1317.8199462890625,766.4099731445312,1.7450000047683716,82.4000015258789,42.16648483276367,72.12067413330078,86.43629455566406,0.07999999821186066,90.86000061035156,1.2536041736602783,1568.800048828125,3.447999954223633,79.66000366210938,22.023649215698242,71.19999694824219,21.760000228881836
2012-06-01,26.986780166625977,30.54324722290039,1278.0400390625,737.4199829101562,1.4670000076293945,82.88999938964844,41.624568939208984,73.2462158203125,87.4683609008789,0.06499999761581421,83.2300033569336,1.2362467050552368,1620.5,3.309999942779541,78.52799987792969,20.899215698242188,80.5999984741211,26.65999984741211
2012-06-08,27.898841857910156,31.829273223876953,1325.6600341796875,769.1900024414062,1.6369999647140503,82.51000213623047,42.693206787109375,72.74037170410156,86.86842346191406,0.07999999821186066,84.0999984741211,1.2570710182189941,1590.0999755859375,3.2834999561309814,79.69000244140625,21.254301071166992,86.0,21.229999542236328
2012-06-15,28.678512573242188,32.47885513305664,1342.8399658203125,771.3200073242188,1.5870000123977661,81.58999633789062,42.98207092285156,72.99018096923828,87.30204772949219,0.08500000089406967,84.02999877929688,1.262785792350769,1627.0,3.384999990463257,79.4219970703125,21.017578125,95.4000015258789,21.110000610351562
2012-06-22,28.128555297851562,32.52378845214844,1335.02001953125,775.1599731445312,1.6720000505447388,82.22000122070312,43.405670166015625,72.97770690917969,86.26123809814453,0.07500000298023224,79.76000213623047,1.255177617073059,1566.0,3.305000066757202,80.0199966430664,20.620222091674805,75.0999984741211,18.110000610351562
2012-06-29,29.1259708404541,33.54433822631836,1362.1600341796875,798.489990234375,1.659000039100647,81.6500015258789,43.94480895996094,73.43356323242188,86.52143859863281,0.07999999821186066,84.95999908447266,1.2440905570983887,1603.5,3.490000009536743,79.31300354003906,21.77001953125,73.19999694824219,17.079999923706055
2012-07-06,28.858007431030273,33.19520950317383,1354.6800537109375,807.1400146484375,1.5440000295639038,83.29000091552734,44.09873962402344,74.26192474365234,87.17676544189453,0.07000000029802322,84.44999694824219,1.2391574382781982,1578.4000244140625,3.4045000076293945,79.86000061035156,21.905288696289062,66.80000305175781,17.100000381469727
2012-07-13,28.64958953857422,33.13478469848633,1356.780029296875,800.989990234375,1.4989999532699585,83.30000305175781,44.09873962402344,74.81957244873047,87.69879913330078,0.09000000357627869,87.0999984741211,1.2192742824554443,1591.5999755859375,3.500499963760376,79.30999755859375,22.573184967041016,63.29999923706055,16.739999771118164
2012-07-20,28.724021911621094,33.00048828125,1362.6600341796875,791.5399780273438,1.4600000381469727,83.47000122070312,44.22462463378906,75.62785339355469,88.06122589111328,0.08500000089406967,91.44000244140625,1.2276867628097534,1582.5,3.448499917984009,78.73999786376953,23.35944175720215,61.29999923706055,16.270000457763672
2012-07-27,29.423702239990234,33.81962585449219,1385.969970703125,796.0,1.5549999475479126,82.70999908447266,44.50057601928711,75.40852355957031,87.56829071044922,0.10000000149011612,90.12999725341797,1.2280486822128296,1617.9000244140625,3.4260001182556152,78.3239974975586,23.181900024414062,69.69999694824219,16.700000762939453
2012-08-03,29.721433639526367,34.23591995239258,1390.989990234375,788.47998046875,1.5770000219345093,82.37999725341797,44.63992691040039,75.77442932128906,87.90178680419922,0.07500000298023224,91.4000015258789,1.218026876449585,1606.0,3.371000051498413,78.22000122070312,23.266443252563477,71.9000015258789,15.640000343322754
2012-08-10,30.316911697387695,34.8267707824707,1405.8699951171875,801.5499877929688,1.6490000486373901,82.55000305175781,44.51819610595703,75.42867279052734,87.40155029296875,0.0949999988079071,92.87000274658203,1.2294074296951294,1619.699951171875,3.4089999198913574,78.61000061035156,23.71452522277832,70.0999984741211,14.739999771118164
2012-08-17,30.123382568359375,35.115482330322266,1418.1600341796875,819.8900146484375,1.815999984741211,82.5999984741211,44.562015533447266,74.46067810058594,86.16188049316406,0.07999999821186066,96.01000213623047,1.2357884645462036,1616.300048828125,3.421999931335449,79.25,23.88361167907715,74.0,13.449999809265137
2012-08-24,29.810762405395508,34.98120880126953,1411.1300048828125,809.1900024414062,1.6779999732971191,81.58999633789062,44.858978271484375,75.35955047607422,87.27104949951172,0.09000000357627869,96.1500015258789,1.2561235427856445,1669.800048828125,3.48799991607666,78.5999984741211,24.111879348754883,66.4000015258789,15.180000305175781
2012-08-31,29.23761749267578,34.645484924316406,1406.5799560546875,812.0900268554688,1.562000036239624,81.25,44.94660568237305,75.95037841796875,87.82197570800781,0.08500000089406967,96.47000122070312,1.2510946989059448,1684.5999755859375,3.4539999961853027,78.52999877929688,24.340147018432617,68.69999694824219,17.469999313354492
2012-09-07,30.24991226196289,35.760047912597656,1437.9200439453125,842.27001953125,1.6610000133514404,80.25,45.293155670166016,75.62564086914062,87.65526580810547,0.10000000149011612,96.41999816894531,1.2632642984390259,1737.5,3.6559998989105225,78.88999938964844,24.492324829101562,68.4000015258789,14.380000114440918
2012-09-14,31.537622451782227,37.0290412902832,1465.77001953125,864.7000122070312,1.8700000047683716,78.8499984741211,45.9539680480957,75.48062896728516,88.39474487304688,0.0949999988079071,99.0,1.299376368522644,1769.800048828125,3.8515000343322754,77.64800262451172,25.13486099243164,68.30000305175781,14.510000228881836
2012-09-21,31.098451614379883,36.61947250366211,1460.1500244140625,855.510009765625,1.7599999904632568,79.33000183105469,45.59663009643555,76.17427062988281,88.08301544189453,0.10000000149011612,92.88999938964844,1.2973533868789673,1775.5,3.803499937057495,78.19999694824219,24.204877853393555,59.599998474121094,13.979999542236328
2012-09-28,30.763505935668945,35.585479736328125,1440.6700439453125,837.4500122070312,1.6369999647140503,79.94000244140625,45.18056106567383,76.78591918945312,88.27152252197266,0.09000000357627869,92.19000244140625,1.2913223505020142,1771.0999755859375,3.7730000019073486,77.61000061035156,24.24715232849121,60.470001220703125,15.729999542236328
2012-10-05,31.22500228881836,36.35090637207031,1460.9300537109375,842.8599853515625,1.7319999933242798,79.33999633789062,45.49798583984375,76.88334655761719,88.85145568847656,0.10000000149011612,89.87999725341797,1.3017443418502808,1778.5999755859375,3.7860000133514404,78.48400115966797,24.128787994384766,60.400001525878906,14.329999923706055
2012-10-12,30.718849182128906,35.69961166381836,1428.5899658203125,823.0900268554688,1.6629999876022339,79.69000244140625,45.522579193115234,77.64876556396484,88.59050750732422,0.10000000149011612,91.86000061035156,1.293326497077942,1758.0,3.7144999504089355,78.4020004272461,24.13724136352539,61.400001525878906,16.139999389648438
2012-10-19,30.890045166015625,36.35090637207031,1433.18994140625,821.0,1.7680000066757202,79.63999938964844,45.74401092529297,77.68040466308594,88.23524475097656,0.09000000357627869,90.05000305175781,1.3069161176681519,1722.800048828125,3.6484999656677246,79.30799865722656,23.672252655029297,68.5,17.059999465942383
2012-10-26,30.674190521240234,36.001766204833984,1411.93994140625,813.25,1.75,80.06999969482422,45.50779342651367,77.5792236328125,88.31501007080078,0.10499999672174454,86.27999877929688,1.2938284873962402,1710.9000244140625,3.563499927520752,80.23500061035156,23.317169189453125,73.0,17.809999465942383
2012-11-02,30.9644775390625,36.04875183105469,1414.199951171875,814.3699951171875,1.7259999513626099,80.58999633789062,45.473358154296875,77.326171875,88.67127227783203,0.09000000357627869,84.86000061035156,1.2948336601257324,1674.0999755859375,3.4830000400543213,80.22000122070312,22.945175170898438,72.30000305175781,17.59000015258789
2012-11-09,30.517873764038086,35.45119094848633,1379.8499755859375,795.02001953125,1.6130000352859497,81.02999877929688,44.971431732177734,76.88334655761719,89.2163314819336,0.09000000357627869,86.06999969482422,1.274534821510315,1730.300048828125,3.44950008392334,79.47899627685547,23.334077835083008,59.099998474121094,18.610000610351562
2012-11-16,30.078725814819336,34.97449493408203,1359.8800048828125,776.280029296875,1.5740000009536743,81.26000213623047,44.74509811401367,76.95926666259766,89.25992584228516,0.07500000298023224,86.66999816894531,1.2784454822540283,1714.300048828125,3.4535000324249268,81.12000274658203,23.25798797607422,54.97999954223633,16.40999984741211
2012-11-23,30.986814498901367,36.61947250366211,1409.1500244140625,807.1799926757812,1.6929999589920044,80.19000244140625,45.45370101928711,77.04777526855469,88.56232452392578,0.09000000357627869,88.27999877929688,1.2875149250030518,1751.300048828125,3.5274999141693115,82.35900115966797,23.722980499267578,53.900001525878906,15.140000343322754
2012-11-30,31.105907440185547,36.97532653808594,1416.1800537109375,821.9199829101562,1.6059999465942383,80.1500015258789,45.78831481933594,77.25651550292969,89.31809997558594,0.07500000298023224,88.91000366210938,1.2973533868789673,1710.9000244140625,3.629499912261963,82.1510009765625,23.756797790527344,51.79999923706055,15.869999885559082
2012-12-07,31.85024642944336,37.257320404052734,1418.0699462890625,822.27001953125,1.6269999742507935,80.41999816894531,46.109371185302734,77.37395477294922,89.8470230102539,0.07999999821186066,85.93000030517578,1.2963443994522095,1704.0,3.6475000381469727,82.43000030517578,23.342533111572266,53.29999923706055,15.899999618530273
2012-12-14,32.289405822753906,37.653465270996094,1413.5799560546875,823.75,1.7079999446868896,79.5999984741211,46.13407897949219,76.85993194580078,89.2633285522461,0.02500000037252903,86.7300033569336,1.3078734874725342,1695.800048828125,3.6649999618530273,83.66699981689453,23.29180335998535,52.79999923706055,17.0
2012-12-21,32.402740478515625,38.35770034790039,1430.1500244140625,847.9199829101562,1.753999948501587,79.62000274658203,46.31711196899414,76.92977142333984,89.03718566894531,0.05000000074505806,88.66000366210938,1.323766827583313,1659.0999755859375,3.555500030517578,84.41999816894531,23.266443252563477,55.29999923706055,17.84000015258789
2012-12-28,32.73531723022461,38.018310546875,1402.4300537109375,832.0999755859375,1.7109999656677246,79.68000030517578,46.23097610473633,77.40852355957031,89.12403869628906,0.009999999776482582,90.80000305175781,1.3250298500061035,1654.9000244140625,3.577500104904175,86.50700378417969,23.35944175720215,56.70000076293945,22.719999313354492
2013-01-04,33.70165252685547,39.009334564208984,1466.469970703125,879.1500244140625,1.9149999618530273,80.5,46.75321960449219,76.72118377685547,87.89098358154297,0.06499999761581421,93.08999633789062,1.3032711744308472,1648.0999755859375,3.678499937057495,87.73999786376953,23.2748966217041,62.0,13.829999923706055
2013-01-11,33.31212615966797,39.396236419677734,1472.050048828125,880.77001953125,1.875,79.55999755859375,47.011844635009766,77.07122039794922,88.47464752197266,0.06300000101327896,93.55999755859375,1.327316164970398,1660.0,3.6394999027252197,89.24600219726562,23.325624465942383,59.20000076293945,13.359999656677246
2013-01-18,33.54433822631836,39.47089767456055,1485.97998046875,892.7999877929688,1.843000054359436,80.05000305175781,47.11133575439453,76.79754638671875,88.53298950195312,0.07000000029802322,95.55999755859375,1.3372559547424316,1686.5999755859375,3.6635000705718994,89.82099914550781,23.655345916748047,55.849998474121094,12.460000038146973
2013-01-25,33.07990646362305,40.0682258605957,1502.9599609375,905.239990234375,1.9470000267028809,79.75,47.17600631713867,76.43479919433594,88.10985565185547,0.07000000029802322,95.87999725341797,1.3369340896606445,1656.4000244140625,3.6394999027252197,90.55799865722656,23.680709838867188,66.19999694824219,12.890000343322754
2013-02-01,33.34208297729492,40.35331344604492,1513.1700439453125,911.2000122070312,2.009999990463257,79.12999725341797,46.74361038208008,75.80477142333984,87.69400787353516,0.05999999865889549,97.7699966430664,1.3610997200012207,1669.4000244140625,3.7755000591278076,91.70700073242188,24.16260528564453,65.0,12.899999618530273
2013-02-08,32.847679138183594,39.72883605957031,1517.9300537109375,913.6699829101562,1.9539999961853027,80.25,46.503570556640625,76.29634094238281,88.0003890991211,0.06499999761581421,95.72000122070312,1.3389389514923096,1666.0,3.753499984741211,93.63300323486328,24.13724136352539,61.5,13.020000457763672
2013-02-15,32.95256042480469,39.660953521728516,1519.7900390625,923.1500244140625,2.006999969482422,80.58000183105469,46.71359634399414,76.18142700195312,87.591796875,0.0949999988079071,95.86000061035156,1.3352917432785034,1608.800048828125,3.7309999465942383,92.95700073242188,23.968154907226562,59.099998474121094,12.460000038146973
2013-02-22,32.42069625854492,39.701683044433594,1515.5999755859375,916.1500244140625,1.9670000076293945,81.4800033569336,46.87864685058594,76.4622802734375,87.86909484863281,0.11999999731779099,93.12999725341797,1.3194352388381958,1572.4000244140625,3.5299999713897705,93.1500015258789,23.334077835083008,58.599998474121094,14.170000076293945
2013-03-01,32.44317626953125,39.436954498291016,1518.199951171875,914.72998046875,1.8530000448226929,82.30999755859375,47.117156982421875,76.99527740478516,88.66435241699219,0.10000000149011612,90.68000030517578,1.3059945106506348,1571.9000244140625,3.4814999103546143,92.58200073242188,22.77608871459961,55.0,15.359999656677246
2013-03-08,33.05743408203125,40.305789947509766,1551.1800537109375,942.5,2.055999994277954,82.69999694824219,47.313201904296875,76.06668853759766,87.55536651611328,0.08699999749660492,91.94999694824219,1.311131477355957,1576.5999755859375,3.491499900817871,94.9280014038086,22.995901107788086,58.099998474121094,12.59000015258789
2013-03-15,32.03866958618164,40.638389587402344,1560.699951171875,952.47998046875,1.996000051498413,82.26000213623047,47.44895553588867,76.3357162475586,87.96393585205078,0.08299999684095383,93.44999694824219,1.3012362718582153,1592.5,3.507999897003174,95.96199798583984,23.16499137878418,55.79999923706055,11.300000190734863
2013-03-22,31.431894302368164,40.2922248840332,1556.8900146484375,946.27001953125,1.9149999618530273,82.52999877929688,47.41374969482422,76.50860595703125,88.19009399414062,0.06499999761581421,93.70999908447266,1.2904890775680542,1606.199951171875,3.4539999961853027,94.91000366210938,22.96208381652832,55.79999923706055,13.569999694824219
2013-03-29,32.03866958618164,40.03428649902344,1569.18994140625,951.5399780273438,1.8519999980926514,82.98999786376953,47.43385696411133,76.783935546875,88.48192596435547,0.06499999761581421,97.2300033569336,1.2815911769866943,1594.800048828125,3.3949999809265137,94.19000244140625,23.08890151977539,57.29999923706055,12.699999809265137
2013-04-05,31.169715881347656,39.8917350769043,1553.280029296875,923.280029296875,1.694000005722046,82.5,47.513710021972656,77.62417602539062,89.489501953125,0.05999999865889549,92.69999694824219,1.2928247451782227,1575.4000244140625,3.3399999141693115,96.43699645996094,22.547821044921875,54.79999923706055,13.920000076293945
2013-04-12,31.371976852416992,41.00493240356445,1588.8499755859375,942.8499755859375,1.7209999561309814,82.30999755859375,47.88263702392578,78.00318908691406,89.13175201416016,0.054999999701976776,91.29000091552734,1.311475396156311,1501.0,3.3489999771118164,99.62100219726562,22.336462020874023,53.099998474121094,12.0600004196167
2013-04-19,31.19218635559082,40.11573791503906,1555.25,912.5,1.7029999494552612,82.70999908447266,47.73103332519531,78.18301391601562,88.67179107666016,0.04500000178813934,88.01000213623047,1.3053126335144043,1395.300048828125,3.1514999866485596,98.2030029296875,21.753110885620117,51.29999923706055,14.970000267028809
2013-04-26,31.64164924621582,41.459712982177734,1582.239990234375,935.25,1.6629999876022339,82.4800033569336,48.195953369140625,78.58131408691406,89.47489166259766,0.04500000178813934,93.0,1.3007283210754395,1453.5999755859375,3.184999942779541,99.34200286865234,22.08283233642578,50.20000076293945,13.609999656677246
2013-05-03,32.60048294067383,42.45751953125,1614.4200439453125,954.4199829101562,1.7519999742507935,82.0999984741211,48.7320442199707,78.0611343383789,88.4589614868164,0.04500000178813934,95.61000061035156,1.3065063953399658,1464.300048828125,3.313499927520752,97.94599914550781,22.336462020874023,49.0,12.850000381469727
2013-05-10,32.637935638427734,42.55254364013672,1633.699951171875,975.1599731445312,1.899999976158142,83.13999938964844,48.503509521484375,77.48771667480469,87.84404754638672,0.03500000014901161,96.04000091552734,1.303441047668457,1436.800048828125,3.3559999465942383,100.76499938964844,22.277280807495117,55.31999969482422,12.59000015258789
2013-05-17,32.52556610107422,42.79690170288086,1667.469970703125,996.280029296875,1.9490000009536743,84.27999877929688,48.478126525878906,77.37173461914062,87.04621887207031,0.029999999329447746,96.0199966430664,1.2883278131484985,1364.9000244140625,3.321000099182129,102.13500213623047,22.133556365966797,61.29999923706055,12.449999809265137
2013-05-24,31.66411781311035,41.71086120605469,1649.5999755859375,984.280029296875,2.010999917984009,83.69999694824219,48.0972785949707,76.98516082763672,86.51924133300781,0.03700000047683716,94.1500015258789,1.2925074100494385,1386.800048828125,3.2915000915527344,102.41000366210938,22.0659236907959,65.0999984741211,13.989999771118164
2013-05-31,30.862590789794922,40.77415084838867,1630.739990234375,984.1500244140625,2.1640000343322754,83.37999725341797,47.18825149536133,75.92855834960938,85.44319915771484,0.029999999329447746,91.97000122070312,1.3043931722640991,1392.5999755859375,3.2890000343322754,101.0999984741211,21.863018035888672,80.0,16.299999237060547
2013-06-07,30.48055076599121,40.93027114868164,1643.3800048828125,987.6199951171875,2.1610000133514404,81.69000244140625,47.13666534423828,75.3475570678711,84.71160125732422,0.03999999910593033,96.02999877929688,1.3245558738708496,1383.0,3.2660000324249268,97.3270034790039,22.25191879272461,81.5,15.140000343322754
2013-06-14,29.44680404663086,40.59088134765625,1626.72998046875,981.3800048828125,2.125999927520752,80.66999816894531,47.376609802246094,75.4638900756836,83.99980163574219,0.03999999910593033,97.8499984741211,1.3367911577224731,1387.300048828125,3.2044999599456787,95.49400329589844,22.235010147094727,78.5,17.149999618530273
2013-06-21,28.023527145385742,39.32835388183594,1592.4300537109375,963.6799926757812,2.5139999389648438,82.31999969482422,46.01874542236328,72.5169448852539,81.04253387451172,0.03999999910593033,93.69000244140625,1.323556661605835,1291.5999755859375,3.0964999198913574,97.14099884033203,21.49947738647461,103.69999694824219,18.899999618530273
2013-06-28,29.218917846679688,39.682247161865234,1606.280029296875,977.47998046875,2.4779999256134033,83.16999816894531,46.39137268066406,73.44754028320312,82.19462585449219,0.029999999329447746,96.55999755859375,1.3035939931869507,1223.800048828125,3.05049991607666,98.47599792480469,21.245845794677734,99.80000305175781,16.860000610351562
2013-07-05,28.338558197021484,40.056209564208984,1631.8900146484375,1005.3900146484375,2.7149999141693115,84.41999816894531,46.10914611816406,72.72337341308594,81.29741668701172,0.03500000014901161,103.22000122070312,1.2907721996307373,1212.9000244140625,3.0799999237060547,100.22000122070312,21.60938262939453,117.9000015258789,14.890000343322754
2013-07-12,29.552846908569336,41.42050552368164,1680.18994140625,1036.52001953125,2.6010000705718994,82.98999786376953,47.49987030029297,73.82551574707031,82.09098815917969,0.029999999329447746,105.94999694824219,1.3097747564315796,1277.800048828125,3.1705000400543213,99.04000091552734,22.116647720336914,94.5,13.84000015258789
2013-07-19,29.810888290405273,42.016090393066406,1692.0899658203125,1050.47998046875,2.490999937057495,82.58000183105469,48.187503814697266,74.68131256103516,83.34015655517578,0.019999999552965164,108.05000305175781,1.3110626935958862,1293.300048828125,3.1500000953674316,100.52200317382812,22.17582893371582,75.9000015258789,12.539999961853027
2013-07-26,30.228307723999023,42.10611343383789,1691.6500244140625,1048.510009765625,2.561000108718872,81.62000274658203,47.612754821777344,74.35717010498047,82.50987243652344,0.014999999664723873,104.69999694824219,1.3274219036102295,1321.699951171875,3.1089999675750732,99.2750015258789,21.854562759399414,81.5999984741211,12.720000267028809
2013-08-02,30.13722801208496,42.70862579345703,1709.6700439453125,1059.8599853515625,2.6019999980926514,81.91000366210938,47.55189895629883,74.03230285644531,82.77426147460938,0.029999999329447746,106.94000244140625,1.3211959600448608,1310.5999755859375,3.1695001125335693,99.41999816894531,21.88838005065918,73.19999694824219,11.979999542236328
2013-08-09,29.87159538269043,42.826351165771484,1691.4200439453125,1048.4000244140625,2.5799999237060547,81.12999725341797,47.22183609008789,74.11686706542969,83.3477554321289,0.04800000041723251,105.97000122070312,1.3380074501037598,1312.9000244140625,3.308500051498413,96.73999786376953,21.71929168701172,75.4000015258789,13.40999984741211
2013-08-16,29.826059341430664,42.72247314453125,1655.8299560546875,1024.300048828125,2.8289999961853027,81.26000213623047,46.6855583190918,72.54310607910156,81.2523193359375,0.03999999910593033,107.45999908447266,1.33539879322052,1371.699951171875,3.364500045776367,97.05500030517578,22.370277404785156,94.69999694824219,14.369999885559082
2013-08-23,29.332761764526367,42.639366149902344,1663.5,1038.239990234375,2.818000078201294,81.33999633789062,47.08263397216797,72.97227478027344,81.29643249511719,0.02199999988079071,106.41999816894531,1.335505723953247,1395.699951171875,3.3519999980926514,98.87899780273438,22.46327781677246,99.80000305175781,13.979999542236328
2013-08-30,28.854629516601562,40.9772834777832,1632.969970703125,1010.9000244140625,2.749000072479248,82.08999633789062,47.10839080810547,73.5185546875,81.42139434814453,0.019999999552965164,107.6500015258789,1.3236267566680908,1396.0999755859375,3.2249999046325684,98.29199981689453,22.539365768432617,103.5,17.010000228881836
2013-09-06,30.342138290405273,42.33465576171875,1655.1700439453125,1029.550048828125,2.937999963760376,82.1500015258789,46.95288848876953,72.46553039550781,80.33444213867188,0.014999999664723873,110.52999877929688,1.3118367195129395,1386.699951171875,3.257999897003174,100.11599731445312,22.539365768432617,105.5,15.850000381469727
2013-09-13,31.237672805786133,43.511962890625,1687.989990234375,1053.97998046875,2.8980000019073486,81.44999694824219,47.2069206237793,72.66781616210938,80.8348617553711,0.009999999776482582,108.20999908447266,1.3298933506011963,1308.4000244140625,3.2070000171661377,99.5780029296875,22.268827438354492,96.19999694824219,14.15999984741211
2013-09-20,31.935901641845703,44.50920867919922,1709.9100341796875,1072.8299560546875,2.7320001125335693,80.44000244140625,47.88087844848633,73.61380767822266,82.41710662841797,0.004999999888241291,104.68000030517578,1.353417992591858,1332.5,3.327500104904175,99.38999938964844,21.947559356689453,77.69999694824219,13.119999885559082
2013-09-27,31.290809631347656,44.502288818359375,1691.75,1074.18994140625,2.61899995803833,80.2699966430664,47.61126708984375,74.22708129882812,82.69678497314453,0.004999999888241291,102.87000274658203,1.348617672920227,1338.4000244140625,3.325500011444092,98.90499877929688,21.871471405029297,78.0,15.460000038146973
2013-10-04,31.958662033081055,44.218345642089844,1690.5,1078.25,2.6519999504089355,80.12000274658203,47.81772232055664,74.17919921875,82.76074981689453,0.017999999225139618,103.83999633789062,1.362416386604309,1309.699951171875,3.2934999465942383,97.25900268554688,21.879924774169922,82.5,16.739999771118164
2013-10-11,32.505096435546875,44.6269416809082,1703.199951171875,1084.31005859375,2.681999921798706,80.36000061035156,48.02088165283203,74.34284210205078,82.55462646484375,0.06300000101327896,102.0199966430664,1.3526674509048462,1268.0,3.265000104904175,98.18499755859375,22.10819435119629,77.0999984741211,15.720000267028809
2013-10-18,32.869380950927734,45.7627067565918,1744.5,1114.77001953125,2.5889999866485596,79.63999938964844,48.6668586730957,75.32457733154297,82.96696472167969,0.02500000037252903,100.80999755859375,1.366698980331421,1314.4000244140625,3.2929999828338623,97.98999786376953,22.201194763183594,72.5,13.039999961853027
2013-10-25,32.44438934326172,46.0258674621582,1759.77001953125,1118.3399658203125,2.503000020980835,79.18000030517578,48.776268005371094,75.48171997070312,83.49699401855469,0.029999999329447746,97.8499984741211,1.380395531654358,1352.4000244140625,3.265500068664551,97.38500213623047,21.863018035888672,61.13999938964844,13.09000015258789
2013-11-01,32.23947525024414,45.40258026123047,1761.6400146484375,1095.6700439453125,2.619999885559082,80.7300033569336,48.58833312988281,75.1995849609375,82.57466888427734,0.032999999821186066,94.61000061035156,1.3579760789871216,1313.0999755859375,3.2934999465942383,98.32099914550781,21.49947738647461,69.5999984741211,13.279999732971191
2013-11-08,31.237672805786133,45.16713333129883,1770.6099853515625,1099.969970703125,2.746000051498413,81.20999908447266,48.63019561767578,74.39842224121094,82.16929626464844,0.052000001072883606,94.5999984741211,1.3409138917922974,1284.5,3.253000020980835,98.1709976196289,21.33039093017578,69.9000015258789,12.899999618530273
2013-11-15,32.064918518066406,45.83195114135742,1798.1800537109375,1116.199951171875,2.7090001106262207,80.83999633789062,48.77676773071289,74.90412139892578,82.68521881103516,0.07000000029802322,93.83999633789062,1.3448994159698486,1287.300048828125,3.1730000972747803,100.23999786376953,21.43184471130371,62.20000076293945,12.1899995803833
2013-11-22,31.913131713867188,45.81119155883789,1804.760009765625,1124.9200439453125,2.752000093460083,80.70999908447266,48.771522521972656,75.06166076660156,82.4419937133789,0.06499999761581421,94.83999633789062,1.347182273864746,1244.0,3.2265000343322754,101.31900024414062,21.60938262939453,66.80000305175781,12.260000228881836
2013-11-29,32.14081573486328,45.873504638671875,1805.81005859375,1142.8900146484375,2.740999937057495,80.68000030517578,48.90239334106445,75.29811096191406,82.25774383544922,0.054999999701976776,92.72000122070312,1.360396146774292,1250.5999755859375,3.2304999828338623,102.29199981689453,21.567113876342773,68.0,13.699999809265137
2013-12-06,31.829647064208984,45.27100372314453,1805.0899658203125,1131.3800048828125,2.882999897003174,80.2699966430664,48.84453582763672,74.8817367553711,81.38001251220703,0.052000001072883606,97.6500015258789,1.3669979572296143,1230.300048828125,3.2695000171661377,101.74199676513672,21.761564254760742,69.19999694824219,13.789999961853027
2013-12-13,31.078298568725586,44.370697021484375,1775.3199462890625,1107.050048828125,2.868000030517578,80.20999908447266,48.865577697753906,75.1650161743164,81.53489685058594,0.05999999865889549,96.5999984741211,1.3750807046890259,1235.699951171875,3.3519999980926514,103.54000091552734,21.46565818786621,72.5999984741211,15.760000228881836
2013-12-20,30.999282836914062,45.4537467956543,1818.3199462890625,1146.469970703125,2.88700008392334,80.58000183105469,48.976043701171875,75.68548583984375,81.44636535644531,0.054999999701976776,99.31999969482422,1.3655791282653809,1205.0999755859375,3.3480000495910645,104.2760009765625,21.69392967224121,67.30000305175781,13.789999961853027
2013-12-27,31.62723159790039,46.501564025878906,1841.4000244140625,1161.0899658203125,3.00600004196167,80.38999938964844,49.02724838256836,75.42687225341797,80.95218658447266,0.057999998331069946,100.31999969482422,1.3696191310882568,1216.0999755859375,3.4700000286102295,104.87899780273438,21.854562759399414,65.80000305175781,12.460000038146973
2014-01-03,30.723594665527344,46.08942413330078,1831.3699951171875,1156.0899658203125,2.994999885559082,80.79000091552734,49.16997528076172,75.71759033203125,81.29145050048828,0.057999998331069946,93.95999908447266,1.3666616678237915,1238.4000244140625,3.4059998989105225,104.83300018310547,21.245845794677734,72.69999694824219,13.760000228881836
2014-01-10,30.83846664428711,46.6692008972168,1842.3699951171875,1164.530029296875,2.859999895095825,80.66000366210938,49.46603775024414,76.08109283447266,82.2724838256836,0.032999999821186066,92.72000122070312,1.360710859298706,1246.699951171875,3.38700008392334,104.83000183105469,21.017578125,61.20000076293945,12.140000343322754
2014-01-17,30.47087860107422,46.6692008972168,1838.699951171875,1168.4300537109375,2.8269999027252197,81.26000213623047,49.57706069946289,76.28593444824219,82.1766128540039,0.029999999329447746,94.37000274658203,1.3618041276931763,1251.699951171875,3.378499984741211,104.29499816894531,21.059850692749023,60.29999923706055,12.4399995803833
2014-01-24,29.283910751342773,45.30007553100586,1790.2900390625,1144.1300048828125,2.734999895095825,80.45999908447266,49.17530822753906,76.23304748535156,82.47167205810547,0.032999999821186066,96.63999938964844,1.3689066171646118,1264.5,3.303999900817871,103.37000274658203,21.203575134277344,63.5,18.139999389648438
2014-01-31,29.2456111907959,44.43388366699219,1782.5899658203125,1130.8800048828125,2.6679999828338623,81.2699966430664,49.29689025878906,76.88067626953125,82.76668548583984,0.009999999776482582,97.48999786376953,1.3558770418167114,1240.0999755859375,3.2204999923706055,102.75800323486328,21.034486770629883,64.69999694824219,18.40999984741211
2014-02-07,29.659143447875977,45.48868942260742,1797.02001953125,1116.550048828125,2.674999952316284,80.69000244140625,49.63264083862305,76.92572021484375,82.78144073486328,0.07199999690055847,99.87999725341797,1.3592127561569214,1263.300048828125,3.2709999084472656,102.03900146484375,21.567113876342773,64.69999694824219,15.289999961853027
2014-02-14,30.37133026123047,46.4456672668457,1838.6300048828125,1149.2099609375,2.746000051498413,80.12999725341797,49.8929557800293,77.03181457519531,82.49378204345703,0.009999999776482582,100.30000305175781,1.3678767681121826,1319.0,3.320499897003174,102.18800354003906,21.795379638671875,57.29999923706055,13.569999694824219
2014-02-21,30.1951904296875,46.780975341796875,1836.25,1164.6300048828125,2.7339999675750732,80.23999786376953,50.03110122680664,77.08480072021484,82.3831558227539,0.03500000014901161,102.19999694824219,1.372118592262268,1323.9000244140625,3.3359999656677246,102.31199645996094,22.15046501159668,58.400001525878906,14.680000305175781
2014-02-28,30.233489990234375,47.15818786621094,1859.449951171875,1183.030029296875,2.6579999923706055,79.77999877929688,50.43490219116211,77.76092529296875,83.12810516357422,0.0430000014603138,102.58999633789062,1.3707455396652222,1321.4000244140625,3.2385001182556152,102.11000061035156,22.091283798217773,57.70000076293945,14.0
2014-03-07,30.264123916625977,47.262969970703125,1878.0400390625,1203.3199462890625,2.7899999618530273,79.72000122070312,50.212257385253906,76.99373626708984,82.70769500732422,0.04500000178813934,102.58000183105469,1.3863087892532349,1338.0999755859375,3.1565001010894775,103.03199768066406,22.2265567779541,58.20000076293945,14.109999656677246
2014-03-14,29.40643310546875,45.48868942260742,1841.1300048828125,1181.4100341796875,2.6449999809265137,79.44000244140625,50.07876968383789,77.35935974121094,83.22398376464844,0.03999999910593033,98.88999938964844,1.3865394592285156,1379.0,3.013000011444092,101.77999877929688,22.006742477416992,62.84000015258789,17.81999969482422
2014-03-21,29.850595474243164,45.51662826538086,1866.52001953125,1193.72998046875,2.75,80.11000061035156,50.1801872253418,77.3128433227539,82.47903442382812,0.04500000178813934,99.45999908447266,1.378207802772522,1336.0,2.99399995803833,102.40699768066406,21.778472900390625,60.79999923706055,15.0
2014-03-28,31.198383331298828,46.704132080078125,1857.6199951171875,1151.81005859375,2.7119998931884766,80.18000030517578,50.319034576416016,77.74494171142578,82.6707763671875,0.032999999821186066,101.66999816894531,1.3741360902786255,1293.800048828125,3.059000015258789,102.14700317382812,22.0997371673584,61.900001525878906,14.40999984741211
2014-04-04,31.62723159790039,47.05339431762695,1865.0899658203125,1153.3800048828125,2.7260000705718994,80.41999816894531,50.57344436645508,77.89168548583984,82.685546875,0.019999999552965164,101.13999938964844,1.3723821640014648,1303.199951171875,3.0429999828338623,103.89600372314453,22.040559768676758,58.79999923706055,13.960000038146973
2014-04-11,32.033111572265625,46.28501510620117,1815.68994140625,1111.43994140625,2.61899995803833,79.44999694824219,50.30524826049805,78.51170349121094,83.41577911376953,0.029999999329447746,103.73999786376953,1.3886381387710571,1318.699951171875,3.065999984741211,101.37999725341797,22.209644317626953,58.599998474121094,17.030000686645508
2014-04-18,32.17094421386719,47.172149658203125,1864.8499755859375,1137.9000244140625,2.7209999561309814,79.83000183105469,50.4876823425293,78.3116683959961,83.40840148925781,0.02500000037252903,104.30000305175781,1.3812155723571777,1293.4000244140625,3.069499969482422,102.44300079345703,22.522457122802734,59.5,13.359999656677246
2014-04-25,31.259653091430664,47.08135223388672,1863.4000244140625,1123.030029296875,2.6659998893737793,79.7699966430664,50.55202102661133,78.63164520263672,83.75505065917969,0.007000000216066837,100.5999984741211,1.3832024335861206,1300.699951171875,3.127000093460083,102.302001953125,22.46327781677246,57.79999923706055,14.0600004196167
2014-05-02,31.8646240234375,47.779884338378906,1881.1400146484375,1128.800048828125,2.5910000801086426,79.5199966430664,50.67191696166992,79.2691650390625,84.30060577392578,0.014999999664723873,99.76000213623047,1.3870972394943237,1302.5999755859375,3.0815000534057617,102.26599884033203,22.218101501464844,55.29999923706055,12.90999984741211
2014-05-09,31.872283935546875,47.654144287109375,1878.47998046875,1107.219970703125,2.622999906539917,79.9000015258789,50.77431869506836,79.14886474609375,84.21189880371094,0.02199999988079071,99.98999786376953,1.3844279050827026,1287.300048828125,3.1005001068115234,101.59300231933594,22.0659236907959,56.099998474121094,12.920000076293945
2014-05-16,32.88312911987305,47.842742919921875,1877.8599853515625,1102.9100341796875,2.5179998874664307,80.04000091552734,50.98983383178711,79.68373107910156,84.98076629638672,0.014999999664723873,102.0199966430664,1.3716480731964111,1293.300048828125,3.1610000133514404,101.4990005493164,22.209644317626953,58.70000076293945,12.4399995803833
2014-05-23,33.03628921508789,48.00341033935547,1900.530029296875,1126.18994140625,2.5360000133514404,80.38999938964844,51.04910659790039,79.52327728271484,85.1729507446289,0.02800000086426735,104.3499984741211,1.3654487133026123,1291.5999755859375,3.180000066757202,101.76499938964844,22.34491539001465,58.20000076293945,11.359999656677246
2014-05-30,32.58447265625,48.48539733886719,1923.5699462890625,1134.5,2.4570000171661377,80.37000274658203,51.21617889404297,79.9646224975586,85.45391845703125,0.029999999329447746,102.70999908447266,1.360451579093933,1245.5999755859375,3.135999917984009,101.72000122070312,22.006742477416992,58.29999923706055,11.399999618530273
2014-06-06,33.3579216003418,49.05120849609375,1949.43994140625,1165.2099609375,2.5969998836517334,80.41000366210938,51.32928466796875,79.45367431640625,84.6025619506836,0.02800000086426735,102.66000366210938,1.3661948442459106,1252.0999755859375,3.052999973297119,102.4229965209961,22.023649215698242,59.29999923706055,10.729999542236328
2014-06-13,33.39622116088867,48.70194625854492,1936.1600341796875,1162.6800537109375,2.6040000915527344,80.58000183105469,51.394229888916016,79.44691467285156,84.64717864990234,0.029999999329447746,106.91000366210938,1.3554543256759644,1273.699951171875,3.0304999351501465,101.69999694824219,22.31109619140625,58.400001525878906,12.180000305175781
2014-06-20,33.3579216003418,49.281734466552734,1962.8699951171875,1188.4300537109375,2.624000072479248,80.37000274658203,51.599910736083984,79.50053405761719,85.21971130371094,0.009999999776482582,107.26000213623047,1.361136794090271,1316.199951171875,3.117500066757202,101.93000030517578,22.75918197631836,54.900001525878906,10.850000381469727
2014-06-27,33.4597053527832,48.88888931274414,1960.9599609375,1189.5,2.5320000648498535,80.04000091552734,51.57284164428711,80.043701171875,85.762451171875,0.017999999225139618,105.73999786376953,1.3613035678863525,1319.0,3.1489999294281006,101.63700103759766,22.60700035095215,53.29999923706055,11.260000228881836
2014-07-04,34.084903717041016,49.54016876220703,1985.43994140625,1208.1500244140625,2.6480000019073486,80.20999908447266,51.4996452331543,79.2975845336914,85.0942611694336,0.003000000026077032,104.05999755859375,1.3610072135925293,1320.4000244140625,3.265000104904175,102.18000030517578,22.319551467895508,56.900001525878906,10.319999694824219
2014-07-11,33.87649154663086,48.28771209716797,1967.5699462890625,1159.9300537109375,2.5199999809265137,80.19000244140625,51.363731384277344,80.0506591796875,85.97422790527344,0.014999999664723873,100.83000183105469,1.3605072498321533,1337.0,3.258500099182129,101.28299713134766,21.77001953125,54.79999923706055,12.079999923706055
2014-07-18,34.084903717041016,48.58114242553711,1978.219970703125,1151.6099853515625,2.4839999675750732,80.5199966430664,51.03754425048828,80.17839813232422,85.96675109863281,0.009999999776482582,103.12999725341797,1.3518811464309692,1309.199951171875,3.1740000247955322,101.2300033569336,21.592477798461914,54.400001525878906,12.0600004196167
2014-07-25,34.563446044921875,48.6312370300293,1978.3399658203125,1144.719970703125,2.4690001010894775,81.02999877929688,51.12454605102539,80.3263168334961,86.2575912475586,0.019999999552965164,102.08999633789062,1.3464748859405518,1303.0999755859375,3.2269999980926514,101.76000213623047,21.71929168701172,54.43000030517578,12.6899995803833
2014-08-01,34.007720947265625,47.328678131103516,1925.1500244140625,1114.8599853515625,2.505000114440918,81.30000305175781,50.27153015136719,80.12508392333984,86.01701354980469,0.017999999225139618,97.87999725341797,1.3389928340911865,1293.5999755859375,3.2065000534057617,102.77300262451172,21.23739242553711,52.2599983215332,17.030000686645508
2014-08-08,33.73756790161133,46.7203483581543,1931.5899658203125,1131.3499755859375,2.4149999618530273,81.38999938964844,50.7904052734375,80.2734603881836,86.29381561279297,0.019999999552965164,97.6500015258789,1.3358268737792969,1308.9000244140625,3.1659998893737793,102.12899780273438,21.372663497924805,62.470001220703125,15.770000457763672
2014-08-15,34.355045318603516,47.328678131103516,1955.06005859375,1141.6500244140625,2.3450000286102295,81.41999816894531,51.36940383911133,80.79945373535156,86.58545684814453,0.02199999988079071,97.3499984741211,1.3363981246948242,1304.5,3.0969998836517334,102.49600219726562,21.085214614868164,60.400001525878906,13.149999618530273
2014-08-22,34.54029083251953,47.572017669677734,1988.4000244140625,1160.3399658203125,2.4030001163482666,82.33999633789062,51.413082122802734,80.75899505615234,85.96461486816406,0.014999999664723873,93.6500015258789,1.3279330730438232,1278.5999755859375,3.1989998817443848,103.8489990234375,21.026033401489258,59.84000015258789,11.470000267028809
2014-08-29,34.779563903808594,47.7437858581543,2003.3699951171875,1174.3499755859375,2.3429999351501465,82.75,51.473167419433594,81.3119888305664,86.21150970458984,0.017999999225139618,95.95999908447266,1.3184958696365356,1285.800048828125,3.134999990463257,103.69599914550781,21.16130256652832,60.4900016784668,12.09000015258789
2014-09-05,35.38932800292969,47.95133972167969,2007.7099609375,1170.1300048828125,2.4609999656677246,83.76000213623047,51.17136001586914,80.4720458984375,85.4951171875,0.019999999552965164,93.29000091552734,1.2932761907577515,1265.800048828125,3.1579999923706055,105.58200073242188,20.8231258392334,60.29999923706055,12.09000015258789
2014-09-12,33.799312591552734,47.24995422363281,1985.5400390625,1160.6099853515625,2.614000082015991,84.23999786376953,50.847633361816406,79.54559326171875,84.41613006591797,0.009999999776482582,92.2699966430664,1.2923569679260254,1229.9000244140625,3.1019999980926514,107.1050033569336,20.14677619934082,65.5999984741211,13.3100004196167
2014-09-19,33.544593811035156,47.21417236328125,2010.4000244140625,1146.9200439453125,2.5869998931884766,84.80000305175781,51.11651611328125,79.78904724121094,83.95158386230469,0.007000000216066837,92.41000366210938,1.2920063734054565,1215.300048828125,3.0885000228881836,108.80000305175781,20.01996421813965,59.79999923706055,12.109999656677246
2014-09-26,32.74187469482422,46.355342864990234,1982.8499755859375,1119.3299560546875,2.5350000858306885,85.63999938964844,50.233131408691406,79.86341857910156,84.00402069091797,0.004999999888241291,93.54000091552734,1.2757054567337036,1214.0999755859375,3.0290000438690186,108.61000061035156,19.859329223632812,64.5,14.850000381469727
2014-10-03,31.861982345581055,44.85955047607422,1967.9000244140625,1104.739990234375,2.447000026702881,86.69000244140625,50.778236389160156,80.65328979492188,84.22882080078125,0.009999999776482582,89.73999786376953,1.2670577764511108,1192.199951171875,2.994499921798706,108.52300262451172,19.30133819580078,62.5,14.550000190734863
2014-10-10,31.267641067504883,43.21345520019531,1906.1300048828125,1053.3199462890625,2.306999921798706,85.91000366210938,49.93517303466797,81.12796020507812,85.26285552978516,0.004999999888241291,85.81999969482422,1.2689067125320435,1221.0,3.0320000648498535,107.83000183105469,19.09843635559082,68.69999694824219,21.239999771118164
2014-10-17,31.429750442504883,43.3995246887207,1886.760009765625,1082.3299560546875,2.1989998817443848,85.19000244140625,50.56886291503906,81.36534881591797,85.42021179199219,0.02199999988079071,82.75,1.280442476272583,1238.300048828125,3.000999927520752,106.40499877929688,18.827896118164062,82.9000015258789,21.989999771118164
2014-10-24,31.661291122436523,44.53748321533203,1964.5799560546875,1118.8199462890625,2.2730000019073486,85.7300033569336,51.130943298339844,81.20933532714844,84.88822937011719,0.004999999888241291,81.01000213623047,1.2654062509536743,1231.199951171875,3.0510001182556152,108.16100311279297,18.73489761352539,81.61000061035156,16.110000610351562
2014-10-31,32.53348922729492,45.76847457885742,2018.050048828125,1173.510009765625,2.3350000381469727,86.87999725341797,50.98766326904297,80.9312744140625,84.73088836669922,0.003000000026077032,80.54000091552734,1.2613362073898315,1171.0999755859375,3.061000108718872,109.21299743652344,18.870166778564453,68.69999694824219,14.029999732971191
2014-11-07,31.81565284729004,44.9812126159668,2031.9200439453125,1173.3199462890625,2.312000036239624,87.63999938964844,51.1060905456543,81.00269317626953,85.13550567626953,0.017999999225139618,78.6500015258789,1.238006830215454,1169.5999755859375,3.052500009536743,115.1760025024414,18.582719802856445,66.5999984741211,13.119999885559082
2014-11-14,31.985462188720703,45.346214294433594,2039.8199462890625,1173.81005859375,2.319999933242798,87.52999877929688,50.613487243652344,80.59468078613281,84.82078552246094,0.003000000026077032,75.81999969482422,1.2475982904434204,1185.0,3.058000087738037,115.8239974975586,18.29526710510254,67.0,13.3100004196167
2014-11-21,32.75731658935547,45.64680480957031,2063.5,1172.4200439453125,2.315000057220459,88.30999755859375,50.779541015625,80.6966781616211,84.71586608886719,0.003000000026077032,76.51000213623047,1.2545005083084106,1197.5,3.0350000858306885,118.23600006103516,18.379812240600586,67.0,12.899999618530273
2014-11-28,32.03178024291992,45.79710006713867,2067.56005859375,1173.22998046875,2.194000005722046,88.36000061035156,50.436424255371094,81.669189453125,84.86571502685547,0.004999999888241291,66.1500015258789,1.246199131011963,1175.199951171875,2.859999895095825,117.83999633789062,17.263837814331055,66.5999984741211,13.329999923706055
2014-12-05,31.55322265625,45.775634765625,2075.3701171875,1182.4300537109375,2.306999921798706,89.33000183105469,50.21233367919922,80.71784973144531,83.96610260009766,0.009999999776482582,65.83999633789062,1.2386661767959595,1190.0999755859375,2.92549991607666,119.81199645996094,17.05247688293457,64.80000305175781,11.890000343322754
2014-12-12,29.59273338317871,43.642860412597656,2002.3299560546875,1152.43994140625,2.1029999256134033,88.36000061035156,48.5109748840332,81.18841552734375,84.55087280273438,0.014999999664723873,57.810001373291016,1.2394952774047852,1222.0,2.946500062942505,119.00700378417969,16.325397491455078,68.19999694824219,21.079999923706055
2014-12-19,30.40985679626465,44.59004592895508,2070.64990234375,1195.9599609375,2.1760001182556152,89.5999984741211,50.1678466796875,81.4134292602539,84.22847747802734,0.02500000037252903,56.52000045776367,1.229044795036316,1195.9000244140625,2.9079999923706055,118.93800354003906,16.24930763244629,70.69999694824219,16.489999771118164
2014-12-26,30.86397361755371,44.98030471801758,2088.77001953125,1215.2099609375,2.25,90.02999877929688,50.237972259521484,81.374755859375,83.64372253417969,0.009999999776482582,54.72999954223633,1.2210012674331665,1195.300048828125,2.8355000019073486,120.37000274658203,15.885773658752441,55.400001525878906,14.5
2015-01-02,30.355052947998047,43.780635833740234,2058.199951171875,1198.800048828125,2.122999906539917,91.08000183105469,50.03137969970703,81.94232177734375,84.51338958740234,0.014999999664723873,52.689998626708984,1.2089413404464722,1186.0,2.8385000228881836,119.87000274658203,15.412328720092773,70.0,17.790000915527344
2015-01-09,30.74652099609375,43.10130310058594,2044.81005859375,1185.6800537109375,1.9709999561309814,91.94000244140625,50.3105583190918,82.6739730834961,84.7757339477539,0.014999999664723873,48.36000061035156,1.1796069145202637,1216.0,2.7904999256134033,119.79199981689453,14.989607810974121,80.5999984741211,17.549999237060547
2015-01-16,30.91877555847168,43.9323844909668,2019.4200439453125,1176.6500244140625,1.815000057220459,92.5199966430664,50.01463317871094,83.01593780517578,85.31556701660156,0.017999999225139618,48.689998626708984,1.1637378931045532,1276.9000244140625,2.6540000438690186,116.12999725341797,14.83742904663086,92.5999984741211,20.950000762939453
2015-01-23,31.913124084472656,44.344329833984375,2051.820068359375,1188.9300537109375,1.8170000314712524,95.0,50.260337829589844,83.61771392822266,85.7054214477539,0.013000000268220901,45.59000015258789,1.1346745491027832,1292.5999755859375,2.5374999046325684,118.7509994506836,14.617618560791016,89.9000015258789,16.65999984741211
2015-01-30,30.55078887939453,44.24315643310547,1994.989990234375,1165.3900146484375,1.6749999523162842,94.80000305175781,50.3831672668457,84.71863555908203,86.6874771118164,0.004999999888241291,48.2400016784668,1.13355553150177,1278.5,2.5280001163482666,118.24800109863281,14.710613250732422,86.5999984741211,20.969999313354492
2015-02-06,31.177152633666992,45.168190002441406,2055.469970703125,1205.4599609375,1.937999963760376,94.69999694824219,50.98585510253906,83.08329772949219,85.36051177978516,0.014999999664723873,51.689998626708984,1.147196888923645,1233.9000244140625,2.6029999256134033,117.53500366210938,15.234786987304688,93.69999694824219,17.290000915527344
2015-02-13,31.842660903930664,46.12215042114258,2096.989990234375,1223.1300048828125,2.0209999084472656,94.19999694824219,51.08679962158203,82.85017395019531,84.4609146118164,0.004999999888241291,52.779998779296875,1.140393853187561,1226.5,2.6135001182556152,118.91600036621094,15.471508026123047,91.4000015258789,14.6899995803833
2015-02-20,31.842660903930664,46.996612548828125,2110.300048828125,1231.7900390625,2.132999897003174,94.25,51.249366760253906,82.87073516845703,84.32596588134766,0.009999999776482582,50.34000015258789,1.1366735696792603,1204.4000244140625,2.6105000972747803,118.98799896240234,15.18405818939209,98.30000305175781,14.300000190734863
2015-02-27,31.89748191833496,47.04718780517578,2104.5,1233.3699951171875,2.002000093460083,95.25,51.507232666015625,83.51526641845703,85.57042694091797,0.00800000037997961,49.7599983215332,1.1205360889434814,1212.5999755859375,2.7160000801086426,119.37699890136719,15.361601829528809,91.4000015258789,13.34000015258789
2015-03-06,30.738689422607422,46.11492919921875,2071.260009765625,1217.52001953125,2.240000009536743,97.62000274658203,51.024715423583984,81.91815185546875,83.94361877441406,0.004999999888241291,49.61000061035156,1.1032048463821411,1164.0999755859375,2.628999948501587,120.04499816894531,14.854338645935059,86.5999984741211,15.199999809265137
2015-03-13,29.98706817626953,45.594581604003906,2053.39990234375,1232.1400146484375,2.111999988555908,100.33000183105469,50.788211822509766,82.48194885253906,83.5987548828125,0.023000000044703484,44.84000015258789,1.0626314878463745,1152.5999755859375,2.678499937057495,121.31800079345703,14.330167770385742,86.0999984741211,16.0
2015-03-20,31.380720138549805,47.451908111572266,2108.10009765625,1266.3699951171875,1.9299999475479126,97.91000366210938,50.923377990722656,83.5269546508789,85.28557586669922,0.003000000026077032,45.720001220703125,1.066894292831421,1184.800048828125,2.7750000953674316,120.76200103759766,14.549981117248535,86.5,13.020000457763672
2015-03-27,30.895282745361328,47.076107025146484,2061.02001953125,1240.4100341796875,1.9479999542236328,97.29000091552734,50.940269470214844,83.38257598876953,85.2181167602539,0.029999999329447746,48.869998931884766,1.0886367559432983,1199.800048828125,2.7750000953674316,119.18299865722656,14.524616241455078,86.19999694824219,15.069999694824219
2015-04-03,32.288936614990234,47.11223602294922,2066.9599609375,1255.6600341796875,1.9040000438690186,97.44000244140625,51.16386795043945,83.78095245361328,85.50297546386719,0.009999999776482582,49.13999938964844,1.087074637413025,1200.9000244140625,2.747999906539917,119.6969985961914,14.617618560791016,84.30000305175781,14.670000076293945
2015-04-10,33.572975158691406,47.88551712036133,2102.06005859375,1264.77001953125,1.9509999752044678,99.38999938964844,51.62199020385742,83.8567886352539,85.4280014038086,0.014999999664723873,51.63999938964844,1.0669056177139282,1204.5999755859375,2.750499963760376,120.55000305175781,14.744433403015137,77.80000305175781,12.579999923706055
2015-04-17,33.43205261230469,47.675933837890625,2081.179931640625,1251.8599853515625,1.850000023841858,97.5199966430664,51.48628234863281,84.2566146850586,86.58251953125,0.013000000268220901,55.7400016784668,1.0755579471588135,1202.9000244140625,2.7834999561309814,119.04399871826172,15.16715145111084,74.4000015258789,13.890000343322754
2015-04-24,34.33244323730469,48.709388732910156,2117.68994140625,1267.5400390625,1.9170000553131104,96.91999816894531,51.65030288696289,83.8636703491211,86.23017120361328,0.014999999664723873,57.150001525878906,1.0815019607543945,1175.199951171875,2.752000093460083,119.57099914550781,15.217877388000488,71.5999984741211,12.289999961853027
2015-05-01,33.776554107666016,48.600982666015625,2108.2900390625,1228.1099853515625,2.117000102996826,95.30000305175781,51.57838821411133,82.22853088378906,85.38304901123047,0.003000000026077032,59.150001525878906,1.1214659214019775,1174.5,2.93149995803833,119.4520034790039,15.446147918701172,78.9000015258789,12.699999809265137
2015-05-08,33.56515121459961,48.89729309082031,2116.10009765625,1234.9300537109375,2.1500000953674316,94.79000091552734,51.74315643310547,82.27005767822266,84.90321350097656,0.003000000026077032,59.38999938964844,1.1246949434280396,1189.0999755859375,2.930999994277954,119.70899963378906,15.4038724899292,80.9000015258789,12.859999656677246
2015-05-15,33.78437805175781,49.446533203125,2122.72998046875,1243.949951171875,2.1410000324249268,93.13999938964844,51.703399658203125,82.09032440185547,84.8282470703125,0.009999999776482582,59.689998626708984,1.1404979228973389,1225.5,2.9489998817443848,119.19100189208984,15.5983247756958,83.19999694824219,12.380000114440918
2015-05-22,33.4633674621582,49.128536224365234,2126.06005859375,1252.219970703125,2.2149999141693115,96.01000213623047,51.58976745605469,81.4543685913086,84.66333770751953,0.009999999776482582,59.720001220703125,1.1111851930618286,1204.300048828125,2.8334999084472656,121.03900146484375,15.209421157836914,87.66999816894531,12.130000114440918
2015-05-29,32.19498062133789,48.1601448059082,2107.389892578125,1246.530029296875,2.0950000286102295,96.91000366210938,51.64656066894531,81.7585220336914,84.87322235107422,0.003000000026077032,60.29999923706055,1.0960345268249512,1189.4000244140625,2.759500026702881,123.81999969482422,14.972699165344238,82.69999694824219,13.84000015258789
2015-06-05,31.404211044311523,47.43022155761719,2092.830078125,1261.010009765625,2.4019999504089355,96.30999755859375,51.03714370727539,80.3713607788086,83.48628997802734,0.009999999776482582,59.130001068115234,1.120787262916565,1167.800048828125,2.7219998836517334,124.37999725341797,14.854338645935059,88.9000015258789,14.210000038146973
2015-06-12,31.505990982055664,47.842140197753906,2094.110107421875,1265.02001953125,2.384999990463257,94.97000122070312,50.9344367980957,80.3089599609375,83.56874084472656,0.004999999888241291,59.959999084472656,1.1240627765655518,1178.800048828125,2.69950008392334,123.58100128173828,14.871247291564941,87.69999694824219,13.779999732971191
2015-06-19,31.365062713623047,47.7409782409668,2109.989990234375,1284.6600341796875,2.2669999599456787,94.08999633789062,51.151275634765625,80.77342224121094,84.42342376708984,0.003000000026077032,59.61000061035156,1.1370742321014404,1201.5,2.5920000076293945,123.00199890136719,14.752886772155762,84.69999694824219,13.960000038146973
2015-06-26,31.495922088623047,48.31190872192383,2101.489990234375,1279.800048828125,2.4760000705718994,95.47000122070312,50.780357360839844,79.67813110351562,83.5462875366211,0.004999999888241291,59.630001068115234,1.1202975511550903,1172.9000244140625,2.6449999809265137,123.5979995727539,14.96424674987793,84.30000305175781,14.020000457763672
2015-07-03,31.377599716186523,47.01849365234375,2076.780029296875,1248.260009765625,2.3929998874664307,96.11000061035156,50.86970520019531,80.26752471923828,84.06356048583984,0.003000000026077032,56.93000030517578,1.1086965799331665,1163.0,2.634500026702881,123.05899810791016,15.006518363952637,88.0,16.790000915527344
2015-07-10,30.320642471313477,47.253662109375,2076.6201171875,1252.02001953125,2.4170000553131104,96.02999877929688,50.898338317871094,79.9825210571289,83.83114624023438,0.00800000037997961,52.7400016784668,1.1063048839569092,1157.699951171875,2.5455000400543213,121.69999694824219,14.6007080078125,90.19999694824219,16.829999923706055
2015-07-17,30.57305335998535,47.981201171875,2126.639892578125,1267.0899658203125,2.3489999771118164,97.86000061035156,50.835323333740234,80.26752471923828,83.9810791015625,0.013000000268220901,50.88999938964844,1.0886012315750122,1131.800048828125,2.504499912261963,124.14900207519531,14.245622634887695,74.20999908447266,11.949999809265137
2015-07-24,29.232120513916016,46.952354431152344,2079.64990234375,1225.989990234375,2.2709999084472656,97.23999786376953,50.009925842285156,80.55255889892578,84.0410385131836,0.029999999329447746,48.13999938964844,1.0989010334014893,1085.5999755859375,2.381500005722046,123.8759994506836,13.64536190032959,73.0,13.739999771118164
2015-07-31,29.27945327758789,47.60639953613281,2103.840087890625,1238.6800537109375,2.2049999237060547,97.37000274658203,50.42259979248047,80.88626098632812,84.4533920288086,0.057999998331069946,47.119998931884766,1.0939244031906128,1094.9000244140625,2.367500066757202,124.07099914550781,13.29873275756836,75.80000305175781,12.119999885559082
2015-08-07,28.632654190063477,47.481475830078125,2077.570068359375,1206.9000244140625,2.174999952316284,97.55999755859375,49.92511749267578,80.78170776367188,84.02605438232422,0.054999999701976776,43.869998931884766,1.0927051305770874,1094.0999755859375,2.3415000438690186,124.73400115966797,13.0451021194458,76.19999694824219,13.390000343322754
2015-08-14,28.025291442871094,47.03318786621094,2091.5400390625,1212.68994140625,2.196000099182129,96.56999969482422,49.73514175415039,80.46794891357422,83.74118041992188,0.07999999821186066,42.5,1.1160963773727417,1112.9000244140625,2.364000082015991,124.36299896240234,12.96055793762207,77.0999984741211,12.829999923706055
2015-08-21,25.83249282836914,44.034812927246094,1970.8900146484375,1156.7900390625,2.053999900817871,94.83000183105469,49.20541000366211,80.87931060791016,84.07853698730469,0.019999999552965164,40.45000076293945,1.1236965656280518,1159.5999755859375,2.306999921798706,123.41999816894531,12.520931243896484,88.5,28.030000686645508
2015-08-28,26.64493179321289,44.40227508544922,1988.8699951171875,1162.9100341796875,2.186000108718872,96.11000061035156,49.7236213684082,80.41914367675781,83.72620391845703,0.05000000074505806,45.220001220703125,1.1247961521148682,1133.0999755859375,2.3464999198913574,121.00299835205078,12.952104568481445,91.0999984741211,26.049999237060547
2015-09-04,25.351337432861328,42.33722686767578,1921.219970703125,1136.1700439453125,2.128000020980835,96.2300033569336,49.7140998840332,81.150390625,83.37905883789062,0.02500000037252903,46.04999923706055,1.1125946044921875,1120.5999755859375,2.319499969482422,120.05599975585938,12.85910701751709,86.80000305175781,27.799999237060547
2015-09-11,26.39252281188965,43.68206787109375,1961.050048828125,1157.7900390625,2.183000087738037,95.19000244140625,50.02639389038086,80.84276580810547,83.44673919677734,0.023000000044703484,44.630001068115234,1.1290887594223022,1103.5,2.4619998931884766,120.61900329589844,12.87601375579834,83.80000305175781,23.200000762939453
2015-09-18,26.684370040893555,43.22644805908203,1958.030029296875,1163.3499755859375,2.130000114440918,94.86000061035156,49.65047836303711,81.2833023071289,83.61215209960938,0.009999999776482582,44.68000030517578,1.1400948762893677,1138.0999755859375,2.3970000743865967,120.0459976196289,12.690017700195312,75.80000305175781,22.280000686645508
2015-09-25,25.556413650512695,42.22697830200195,1931.3399658203125,1122.7900390625,2.1679999828338623,96.2699966430664,48.62100601196289,80.94066619873047,82.79267883300781,0.019999999552965164,45.70000076293945,1.1178929805755615,1146.0,2.2915000915527344,120.23999786376953,12.808378219604492,75.9000015258789,23.6200008392334
2015-10-02,26.692258834838867,42.97658157348633,1951.3599853515625,1114.1199951171875,1.9889999628067017,95.83000183105469,47.90725326538086,81.51079559326172,83.99746704101562,0.00800000037997961,45.540000915527344,1.1193444728851318,1137.0999755859375,2.3294999599456787,119.80999755859375,12.808378219604492,78.9000015258789,20.940000534057617
2015-10-09,28.348695755004883,44.86525344848633,2014.8900146484375,1165.3599853515625,2.0989999771118164,94.80999755859375,49.4588508605957,81.4547119140625,83.70413970947266,0.003000000026077032,49.630001068115234,1.1286935806274414,1156.300048828125,2.4170000553131104,119.92900085449219,13.3240966796875,78.19999694824219,17.079999923706055
2015-10-16,28.59321403503418,45.019588470458984,2033.1099853515625,1162.31005859375,2.0230000019073486,94.54000091552734,49.55765914916992,82.03668212890625,83.71161651611328,0.004999999888241291,47.2599983215332,1.1368157863616943,1183.5999755859375,2.4070000648498535,119.05000305175781,13.03664779663086,74.69999694824219,15.050000190734863
2015-10-23,28.62476921081543,45.60749435424805,2075.14990234375,1166.06005859375,2.0829999446868896,97.06999969482422,49.877254486083984,82.15594482421875,83.68907928466797,0.003000000026077032,44.599998474121094,1.108094573020935,1163.300048828125,2.3499999046325684,120.86000061035156,12.681563377380371,70.80000305175781,14.460000038146973
2015-10-30,27.50469970703125,44.90935134887695,2079.360107421875,1161.8599853515625,2.1510000228881836,96.94999694824219,49.72615051269531,81.63703918457031,83.46341705322266,0.06800000369548798,46.59000015258789,1.0993843078613281,1141.5,2.313499927520752,121.0,12.850651741027832,73.0999984741211,15.069999694824219
2015-11-06,27.8438720703125,44.784420013427734,2099.199951171875,1199.75,2.3329999446868896,99.16000366210938,49.35487365722656,80.69538879394531,82.56077575683594,0.0729999989271164,44.290000915527344,1.0883997678756714,1087.5999755859375,2.241499900817871,121.66999816894531,12.613930702209473,74.30000305175781,14.329999923706055
2015-11-13,26.455631256103516,43.57184600830078,2023.0400390625,1146.550048828125,2.2799999713897705,98.98999786376953,48.4558219909668,80.96965026855469,82.60588836669922,0.11299999803304672,40.7400016784668,1.0815019607543945,1080.800048828125,2.1700000762939453,122.55999755859375,12.081302642822266,68.30000305175781,20.079999923706055
2015-11-20,27.701902389526367,44.769718170166016,2089.169921875,1175.1500244140625,2.26200008392334,99.56999969482422,48.36240005493164,81.3142318725586,83.19261932373047,0.09300000220537186,40.38999938964844,1.0726161003112793,1076.4000244140625,2.053999900817871,122.91200256347656,11.98830509185791,70.5,15.470000267028809
2015-11-27,26.771135330200195,44.6080436706543,2090.110107421875,1202.3800048828125,2.2249999046325684,100.0199966430664,48.51419448852539,81.47595977783203,83.38069152832031,0.1599999964237213,41.709999084472656,1.0604453086853027,1056.199951171875,2.05049991607666,122.63400268554688,12.072848320007324,69.5999984741211,15.119999885559082
2015-12-04,26.723817825317383,44.71092987060547,2091.68994140625,1183.4000244140625,2.2750000953674316,98.3499984741211,48.48967742919922,81.2776870727539,83.0572509765625,0.20499999821186066,39.970001220703125,1.0915957689285278,1084.5,2.0739998817443848,122.65299987792969,11.996759414672852,71.30000305175781,14.8100004196167
2015-12-11,24.885955810546875,42.74876022338867,2012.3699951171875,1123.6099853515625,2.1389999389648438,97.56999969482422,46.64772033691406,81.24243927001953,82.98200225830078,0.21299999952316284,35.619998931884766,1.0948106050491333,1076.9000244140625,2.1080000400543213,121.70999908447266,11.438770294189453,75.0,24.389999389648438
2015-12-18,25.75361442565918,42.88103485107422,2005.550048828125,1121.02001953125,2.1989998817443848,98.69999694824219,46.65355682373047,80.72763061523438,82.61345672607422,0.17499999701976776,34.72999954223633,1.0844104290008545,1066.199951171875,2.1029999256134033,122.44999694824219,11.218955993652344,67.80000305175781,20.700000762939453
2015-12-25,26.435325622558594,44.05830001831055,2060.989990234375,1154.760009765625,2.243000030517578,97.9800033569336,47.4659309387207,81.01185607910156,82.56829833984375,0.18299999833106995,38.099998474121094,1.0969964265823364,1077.199951171875,2.1115000247955322,120.16999816894531,11.320408821105957,65.5,15.739999771118164
2016-01-01,25.786455154418945,43.53193664550781,2043.93994140625,1135.8900146484375,2.2690000534057617,98.62999725341797,47.51902389526367,80.6299819946289,82.50057220458984,0.14800000190734863,37.040000915527344,1.0859060287475586,1060.300048828125,2.125499963760376,120.28800201416016,11.295045852661133,67.80000305175781,18.209999084472656
2016-01-08,23.639589309692383,40.722232818603516,1922.030029296875,1046.199951171875,2.130000114440918,98.54000091552734,46.893951416015625,81.07551574707031,83.03465270996094,0.1899999976158142,33.15999984741211,1.0925976037979126,1097.800048828125,2.0164999961853027,117.54000091552734,10.821600914001465,71.01000213623047,27.010000228881836
2016-01-15,22.798463821411133,39.48418045043945,1880.3299560546875,1007.719970703125,2.0329999923706055,98.95999908447266,45.94453811645508,80.72190856933594,82.92184448242188,0.22300000488758087,29.420000076293945,1.085894227027893,1091.5,1.9394999742507935,118.2030029296875,10.484449758529664,78.05999755859375,27.020000457763672
2016-01-22,23.49539566040039,40.38862609863281,1906.9000244140625,1020.6599731445312,2.0480000972747803,99.56999969482422,46.4870491027832,80.29755401611328,82.70368194580078,0.2879999876022339,32.189998626708984,1.0862009525299072,1097.199951171875,1.9984999895095825,117.92400360107422,10.484449758529664,77.3499984741211,22.34000015258789
2016-01-29,24.488723754882812,41.129981994628906,1940.239990234375,1035.3800048828125,1.930999994277954,99.61000061035156,46.75829315185547,80.72896575927734,83.79438781738281,0.30000001192092896,33.619998931884766,1.0936970710754395,1116.4000244140625,2.063999891281128,118.93000030517578,10.804691314697266,74.0,20.200000762939453
2016-02-05,24.040122985839844,39.89192581176758,1880.050048828125,985.6199951171875,1.8480000495910645,97.02999877929688,45.869956970214844,80.44310760498047,83.78687286376953,0.27799999713897705,30.889999389648438,1.119996428489685,1157.800048828125,2.1005001068115234,116.86599731445312,10.593332290649414,81.66999816894531,23.3799991607666
2016-02-12,23.487382888793945,38.757667541503906,1864.780029296875,971.989990234375,1.7480000257492065,95.9800033569336,45.466941833496094,80.4998550415039,83.94480895996094,0.27000001072883606,29.440000534057617,1.1317979097366333,1239.0999755859375,2.0269999504089355,112.49700164794922,10.567970275878906,93.72000122070312,25.399999618530273
2016-02-19,24.224369049072266,39.973472595214844,1917.780029296875,1010.010009765625,1.7480000257492065,96.5999984741211,46.01215744018555,80.69140625,83.75675201416016,0.28299999237060547,29.639999389648438,1.1110987663269043,1230.4000244140625,2.075500011444092,113.25,10.517243385314941,90.0999984741211,20.530000686645508
2016-02-26,24.08017921447754,39.995704650878906,1948.050048828125,1037.1800537109375,1.7619999647140503,98.1500015258789,46.954471588134766,81.52130126953125,84.53152465820312,0.30300000309944153,32.779998779296875,1.1024993658065796,1219.800048828125,2.118000030517578,113.11799621582031,10.644059181213379,82.54000091552734,19.809999465942383
2016-03-04,26.291128158569336,41.78236770629883,1999.989990234375,1081.9300537109375,1.8830000162124634,97.33999633789062,48.17847442626953,81.66695404052734,84.67449188232422,0.26499998569488525,35.91999816894531,1.094894528388977,1269.9000244140625,2.2709999084472656,113.66999816894531,11.117505073547363,78.01000213623047,16.860000610351562
2016-03-11,26.54747200012207,42.494056701660156,2022.18994140625,1087.56005859375,1.9769999980926514,96.16999816894531,48.935062408447266,82.67710876464844,84.2833023071289,0.30799999833106995,38.5,1.1178430318832397,1258.699951171875,2.2385001182556152,112.86000061035156,11.36268138885498,81.41999816894531,16.5
2016-03-18,27.260425567626953,42.62749099731445,2049.580078125,1101.6700439453125,1.871000051498413,94.98999786376953,49.0899772644043,83.73704528808594,85.38902282714844,0.2800000011920929,39.439998626708984,1.1317979097366333,1253.800048828125,2.2795000076293945,111.3499984741211,11.48104190826416,71.26000213623047,14.020000457763672
2016-03-25,26.723712921142578,41.77494812011719,2035.93994140625,1079.5400390625,1.899999976158142,96.13999938964844,48.464439392089844,83.8651123046875,85.0881576538086,0.2750000059604645,39.459999084472656,1.1167943477630615,1221.4000244140625,2.2244999408721924,112.83000183105469,11.286592483520508,72.68000030517578,14.739999771118164
2016-04-01,27.356557846069336,41.923213958740234,2072.780029296875,1117.6800537109375,1.7920000553131104,94.62000274658203,48.70227813720703,84.7991943359375,86.2991943359375,0.21799999475479126,36.790000915527344,1.1379671096801758,1222.199951171875,2.1610000133514404,112.4800033569336,11.04141616821289,67.0,13.100000381469727
2016-04-08,26.739730834960938,41.85648727416992,2047.5999755859375,1097.31005859375,1.7200000286102295,94.23999786376953,48.79206848144531,85.04176330566406,86.39697265625,0.21799999475479126,39.720001220703125,1.1373976469039917,1242.5,2.0864999294281006,108.427001953125,11.210502624511719,70.87999725341797,15.359999656677246
2016-04-15,27.69300651550293,43.220584869384766,2080.72998046875,1130.9200439453125,1.7519999742507935,94.69999694824219,49.37262725830078,85.29143524169922,85.9983139038086,0.20999999344348907,40.36000061035156,1.1270017623901367,1233.0999755859375,2.1519999504089355,109.31600189208984,11.464133262634277,66.48999786376953,13.619999885559082
2016-04-22,27.668977737426758,44.13985061645508,2091.580078125,1146.68994140625,1.8880000114440918,95.12000274658203,49.917320251464844,85.36279296875,85.61468505859375,0.22499999403953552,43.72999954223633,1.12920343875885,1228.699951171875,2.2690000534057617,109.43699645996094,11.886853218078613,67.77999877929688,13.220000267028809
2016-04-29,27.54881477355957,43.31694793701172,2065.300048828125,1130.8499755859375,1.819000005722046,93.08000183105469,50.186649322509766,85.84075927734375,86.41200256347656,0.19300000369548798,45.91999816894531,1.135589361190796,1289.199951171875,2.2790000438690186,108.07599639892578,12.3264799118042,64.91999816894531,15.699999809265137
2016-05-06,26.29914093017578,42.538543701171875,2057.139892578125,1114.719970703125,1.7790000438690186,93.88999938964844,49.622657775878906,85.72270965576172,86.23900604248047,0.18000000715255737,44.65999984741211,1.1406019926071167,1292.9000244140625,2.1510000228881836,107.2750015258789,11.937579154968262,65.1500015258789,14.720000267028809
2016-05-13,25.850542068481445,42.23458480834961,2046.6099853515625,1102.43994140625,1.7050000429153442,94.61000061035156,49.77299499511719,85.85150146484375,86.69036102294922,0.257999986410141,46.209999084472656,1.1376951932907104,1271.9000244140625,2.075000047683716,109.0999984741211,12.241936683654785,64.06999969482422,15.039999961853027
2016-05-20,25.80247688293457,42.48664093017578,2052.320068359375,1112.280029296875,1.8489999771118164,95.30999755859375,49.989418029785156,85.06463623046875,85.81778717041016,0.2980000078678131,47.75,1.1205987930297852,1252.4000244140625,2.058500051498413,109.88099670410156,12.39411449432373,68.51000213623047,15.199999809265137
2016-05-27,26.499412536621094,43.48746871948242,2099.06005859375,1150.449951171875,1.8509999513626099,95.5199966430664,50.32013702392578,85.2506103515625,85.98326873779297,0.2980000078678131,49.33000183105469,1.1192066669464111,1213.800048828125,2.114000082015991,109.71299743652344,12.512475967407227,66.76000213623047,13.119999885559082
2016-06-03,27.140274047851562,43.52452850341797,2099.1298828125,1164.1300048828125,1.7039999961853027,94.02999877929688,50.45448684692383,86.3218765258789,86.57472229003906,0.27000001072883606,48.619998931884766,1.115200161933899,1240.0999755859375,2.111999988555908,108.86000061035156,12.673110008239746,67.58999633789062,13.470000267028809
2016-06-10,26.859891891479492,42.36802673339844,2096.070068359375,1163.9300537109375,1.6390000581741333,94.5999984741211,50.647850036621094,86.75225067138672,87.1390380859375,0.23999999463558197,49.06999969482422,1.1315033435821533,1273.4000244140625,2.0315001010894775,107.08999633789062,12.985920906066895,75.0999984741211,17.030000686645508
2016-06-17,26.651613235473633,41.85648727416992,2071.219970703125,1144.699951171875,1.6180000305175781,94.20999908447266,50.224918365478516,86.62315368652344,86.8230209350586,0.24799999594688416,47.97999954223633,1.1252011060714722,1292.5,2.052500009536743,104.74299621582031,12.909832000732422,82.58000183105469,19.40999984741211
2016-06-24,26.36045265197754,40.598541259765625,2037.4100341796875,1127.5400390625,1.5789999961853027,95.44999694824219,50.297420501708984,86.91724395751953,87.11644744873047,0.23800000548362732,47.63999938964844,1.1324002742767334,1320.0,2.111999988555908,104.89600372314453,12.690017700195312,77.94000244140625,25.760000228881836
2016-07-01,28.007482528686523,42.23277282714844,2102.949951171875,1156.77001953125,1.4559999704360962,95.6500015258789,51.274845123291016,88.50448608398438,88.46783447265625,0.24300000071525574,48.9900016784668,1.1106051206588745,1336.699951171875,2.2149999141693115,103.072998046875,13.138100624084473,74.3499984741211,14.770000457763672
2016-07-08,27.854084014892578,41.801517486572266,2129.89990234375,1177.3599853515625,1.3660000562667847,96.30000305175781,51.95467758178711,89.4754867553711,88.8381576538086,0.27300000190734863,45.40999984741211,1.1065741777420044,1356.5999755859375,2.118499994277954,100.79000091552734,12.58011245727539,72.30999755859375,13.199999809265137
2016-07-15,28.814842224121094,43.09528350830078,2161.739990234375,1205.31005859375,1.593999981880188,96.58000183105469,51.97898483276367,88.53325653076172,87.9765853881836,0.2980000078678131,45.95000076293945,1.1106051206588745,1326.5,2.2304999828338623,105.19100189208984,12.622383117675781,74.7699966430664,12.670000076293945
2016-07-22,29.0408992767334,43.15581130981445,2175.030029296875,1212.8900146484375,1.5700000524520874,97.47000122070312,52.306758880615234,88.71308135986328,87.72721099853516,0.30300000309944153,44.189998626708984,1.1032899618148804,1323.0999755859375,2.2339999675750732,105.81099700927734,12.309571266174316,69.91000366210938,12.020000457763672
2016-07-29,29.234670639038086,43.91239929199219,2173.60009765625,1219.93994140625,1.4579999446868896,95.52999877929688,51.84542465209961,89.18055725097656,88.3469009399414,0.23999999463558197,41.599998474121094,1.108438491821289,1349.0,2.2204999923706055,104.74500274658203,12.072848320007324,64.1500015258789,11.869999885559082
2016-08-05,29.565696716308594,43.70054626464844,2182.8701171875,1231.300048828125,1.5820000171661377,96.19000244140625,52.158226013183594,88.31021118164062,87.79373931884766,0.25,41.79999923706055,1.1134741306304932,1336.4000244140625,2.1530001163482666,101.1989974975586,12.140482902526855,66.58999633789062,11.390000343322754
2016-08-12,30.260021209716797,44.49496841430664,2184.050048828125,1229.8199462890625,1.5149999856948853,95.72000122070312,52.627716064453125,89.24762725830078,88.08209228515625,0.2630000114440918,44.4900016784668,1.113908290863037,1335.800048828125,2.140500068664551,101.80799865722656,12.309571266174316,64.37000274658203,11.550000190734863
2016-08-19,30.356916427612305,44.4798469543457,2183.8701171875,1236.77001953125,1.5779999494552612,94.51000213623047,52.79847717285156,89.00968933105469,88.00621032714844,0.2930000126361847,48.52000045776367,1.1349449157714844,1340.4000244140625,2.1665000915527344,100.11199951171875,12.7830171585083,64.81999969482422,11.34000015258789
2016-08-26,29.67872428894043,44.16206741333008,2169.0400390625,1238.030029296875,1.6349999904632568,95.56999969482422,52.78020095825195,88.988037109375,87.78620910644531,0.3050000071525574,47.63999938964844,1.1290504932403564,1321.5,2.075000047683716,100.55500030517578,12.571657180786133,71.23999786376953,13.649999618530273
2016-09-02,30.203506469726562,44.964054107666016,2179.97998046875,1251.8299560546875,1.5959999561309814,95.87999725341797,53.21519088745117,89.18234252929688,88.01976776123047,0.30300000309944153,44.439998626708984,1.1200717687606812,1322.0999755859375,2.071500062942505,103.25800323486328,12.165847778320312,66.45999908447266,11.979999542236328
2016-09-09,29.63835906982422,44.28312683105469,2127.81005859375,1219.2099609375,1.6720000505447388,95.33999633789062,52.52321243286133,88.07614135742188,87.63143157958984,0.3330000042915344,45.880001068115234,1.1271415948867798,1330.0999755859375,2.0885000228881836,102.30599975585938,12.385660171508789,69.12000274658203,17.5
2016-09-16,29.476884841918945,43.49627685546875,2139.159912109375,1224.780029296875,1.7009999752044678,96.11000061035156,52.60893249511719,88.01107788085938,87.5324478149414,0.27300000190734863,43.029998779296875,1.124593734741211,1305.800048828125,2.1514999866485596,102.00800323486328,12.208118438720703,69.20999908447266,15.369999885559082
2016-09-23,30.38113784790039,44.83544158935547,2164.68994140625,1254.6199951171875,1.6150000095367432,95.4800033569336,53.12946319580078,88.84254455566406,88.49956512451172,0.16500000655651093,44.47999954223633,1.1210134029388428,1337.199951171875,2.192500114440918,100.83100128173828,12.318025588989258,59.75,12.289999961853027
2016-09-30,30.235811233520508,44.737083435058594,2168.27001953125,1251.6500244140625,1.6080000400543213,95.45999908447266,53.435665130615234,89.05941009521484,88.70514678955078,0.25999999046325684,48.2400016784668,1.121956706047058,1313.300048828125,2.2019999027252197,101.1989974975586,12.690017700195312,60.560001373291016,13.289999961853027
2016-10-07,30.429576873779297,44.320960998535156,2153.739990234375,1236.56005859375,1.7359999418258667,96.5199966430664,53.605411529541016,88.5172119140625,88.06550598144531,0.3100000023841858,49.810001373291016,1.1144545078277588,1248.9000244140625,2.1565001010894775,103.76499938964844,12.83374309539795,62.84000015258789,13.479999542236328
2016-10-14,29.77560806274414,43.6324577331543,2132.97998046875,1212.4100341796875,1.7940000295639038,98.0199966430664,53.42704772949219,88.16202545166016,87.89791107177734,0.28999999165534973,50.349998474121094,1.1049723625183105,1253.0999755859375,2.1034998893737793,103.72200012207031,12.901376724243164,64.9800033569336,16.1200008392334
2016-10-21,30.356916427612305,44.02588653564453,2141.159912109375,1218.0999755859375,1.7400000095367432,98.69999694824219,53.74073791503906,88.8071517944336,88.43097686767578,0.3149999976158142,50.849998474121094,1.0930395126342773,1265.9000244140625,2.0834999084472656,104.10900115966797,12.96055793762207,57.09000015258789,13.34000015258789
2016-10-28,29.815977096557617,43.72325897216797,2126.409912109375,1187.6099853515625,1.8450000286102295,98.3499984741211,53.070289611816406,87.6183090209961,88.0578842163086,0.27300000190734863,48.70000076293945,1.0900371074676514,1275.5,2.188499927520752,105.20899963378906,12.81683349609375,64.37999725341797,16.190000534057617
2016-11-04,29.00861358642578,42.800209045410156,2085.179931640625,1163.43994140625,1.7829999923706055,97.06999969482422,52.50629425048828,87.80558776855469,88.24821472167969,0.3580000102519989,44.06999969482422,1.1102476119995117,1303.300048828125,2.260999917984009,103.052001953125,12.427933692932129,74.61000061035156,22.510000228881836
2016-11-11,27.894447326660156,43.163368225097656,2164.449951171875,1282.3800048828125,2.117000102996826,98.79000091552734,51.57331085205078,85.82144165039062,86.9994125366211,0.4580000042915344,44.65999984741211,1.0889687538146973,1265.5,2.549499988555908,106.85600280761719,12.182756423950195,82.56999969482422,14.170000076293945
2016-11-18,27.926742553710938,42.52028274536133,2181.89990234375,1315.6400146484375,2.3350000381469727,101.20999908447266,52.290035247802734,84.7385025024414,86.29125213623047,0.4180000126361847,45.689998626708984,1.062304139137268,1208.5,2.4639999866485596,110.25599670410156,12.402569770812988,81.6500015258789,12.850000381469727
2016-11-25,28.459596633911133,42.9666633605957,2213.35009765625,1347.199951171875,2.371999979019165,101.48999786376953,52.96968078613281,84.7385025024414,86.13896179199219,0.47999998927116394,46.060001373291016,1.0561892986297607,1178.199951171875,2.6670000553131104,113.29199981689453,12.690017700195312,79.69000244140625,12.34000015258789
2016-12-02,28.354650497436523,42.9061393737793,2191.949951171875,1314.25,2.390000104904175,100.7699966430664,52.989158630371094,84.83055877685547,86.19483184814453,0.45500001311302185,51.68000030517578,1.0663141012191772,1175.0999755859375,2.615000009536743,113.90899658203125,13.188827514648438,82.05999755859375,14.119999885559082
2016-12-09,29.202375411987305,44.42687225341797,2259.530029296875,1388.0699462890625,2.4639999866485596,101.56999969482422,53.67806625366211,84.68478393554688,86.08037567138672,0.5199999809265137,51.5,1.062134861946106,1159.4000244140625,2.6419999599456787,114.07499694824219,13.188827514648438,75.55000305175781,11.75
2016-12-16,28.378868103027344,43.98049545288086,2258.070068359375,1364.18994140625,2.5969998836517334,102.94999694824219,53.40496063232422,84.24754333496094,84.77542877197266,0.48500001430511475,51.900001525878906,1.0418837070465088,1135.300048828125,2.561000108718872,118.24099731445312,13.222643852233887,78.22000122070312,12.199999809265137
2016-12-23,27.99290657043457,44.09123992919922,2263.7900390625,1371.510009765625,2.5429999828338623,103.01000213623047,53.924503326416016,85.01165771484375,85.79039001464844,0.5,53.02000045776367,1.0437650680541992,1131.9000244140625,2.4725000858306885,117.54199981689453,13.138100624084473,72.56999969482422,11.4399995803833
2016-12-30,28.589025497436523,44.129451751708984,2238.830078125,1357.1300048828125,2.446000099182129,102.38999938964844,53.89337921142578,85.6328353881836,86.3626937866211,0.47999998927116394,53.720001220703125,1.0575296878814697,1150.0,2.497499942779541,116.26699829101562,13.391732215881348,71.62999725341797,14.039999961853027
2017-01-06,29.34845542907715,45.13847351074219,2276.97998046875,1367.280029296875,2.4179999828338623,102.22000122070312,54.31683349609375,86.00553894042969,86.57643127441406,0.503000020980835,53.9900016784668,1.0605915784835815,1171.9000244140625,2.5380001068115234,115.26499938964844,13.383277893066406,75.23999786376953,11.319999694824219
2017-01-13,29.952743530273438,45.55126190185547,2274.639892578125,1372.050048828125,2.380000114440918,101.18000030517578,54.37284851074219,86.07133483886719,86.98087310791016,0.5130000114440918,52.369998931884766,1.0616837739944458,1195.300048828125,2.680500030517578,114.66400146484375,13.434003829956055,74.5,11.229999542236328
2017-01-20,29.740419387817383,45.39837646484375,2271.31005859375,1351.8499755859375,2.4670000076293945,100.73999786376953,54.298118591308594,85.73514556884766,86.7748031616211,0.47999998927116394,52.41999816894531,1.0659730434417725,1204.300048828125,2.617000102996826,114.9800033569336,13.417095184326172,76.70999908447266,11.539999961853027
2017-01-27,30.59785270690918,45.84173583984375,2294.68994140625,1370.699951171875,2.4809999465942383,100.52999877929688,54.553470611572266,85.74972534179688,86.97322845458984,0.49799999594688416,53.16999816894531,1.068296194076538,1188.0999755859375,2.680000066757202,114.45500183105469,13.315642356872559,72.19000244140625,10.579999923706055
2017-02-03,30.82650375366211,45.97168731689453,2297.419921875,1377.8399658203125,2.490999937057495,99.87000274658203,54.71178436279297,85.76880645751953,86.86640930175781,0.4880000054836273,53.83000183105469,1.0761713981628418,1218.5,2.609499931335449,112.78900146484375,13.450911521911621,67.38999938964844,10.970000267028809
2017-02-10,31.210294723510742,45.97168731689453,2316.10009765625,1388.8399658203125,2.4089999198913574,100.80000305175781,54.74302291870117,86.1205062866211,87.14875030517578,0.5230000019073486,53.86000061035156,1.0658594369888306,1234.4000244140625,2.76200008392334,113.43399810791016,13.5692720413208,69.62999725341797,10.850000381469727
2017-02-17,31.349119186401367,46.24687194824219,2351.159912109375,1399.8599853515625,2.424999952316284,100.94999694824219,54.89316940307617,86.27442169189453,87.11825561523438,0.5080000162124634,53.400001525878906,1.0672245025634766,1237.5999755859375,2.7054998874664307,113.30500030517578,13.341005325317383,69.77999877929688,11.489999771118164
2017-02-24,31.422603607177734,46.16278839111328,2367.340087890625,1394.52001953125,2.316999912261963,101.08999633789062,55.193336486816406,87.03646087646484,87.72872924804688,0.49799999594688416,53.9900016784668,1.0584474802017212,1256.9000244140625,2.680000066757202,112.68199920654297,13.273371696472168,69.8499984741211,11.470000267028809
2017-03-03,31.18579864501953,46.5755729675293,2383.1201171875,1394.1300048828125,2.492000102996826,101.54000091552734,55.2711067199707,86.33222961425781,86.8892822265625,0.6830000281333923,53.33000183105469,1.0509721040725708,1225.5,2.687000036239624,114.34200286865234,13.205735206604004,65.79000091552734,10.960000038146973
2017-03-10,31.038806915283203,46.66730499267578,2372.60009765625,1365.260009765625,2.5820000171661377,101.25,54.20958709716797,85.23747253417969,86.20249938964844,0.7250000238418579,48.4900016784668,1.0578428506851196,1200.699951171875,2.5864999294281006,115.14900207519531,12.605475425720215,67.69999694824219,11.65999984741211
2017-03-17,32.24736785888672,47.56930923461914,2378.25,1391.52001953125,2.500999927520752,100.30000305175781,54.69952392578125,85.83259582519531,86.8510971069336,0.7080000042915344,48.779998779296875,1.077470064163208,1229.800048828125,2.679500102996826,113.33999633789062,12.673110008239746,60.720001220703125,11.279999732971191
2017-03-24,32.5086784362793,47.50050735473633,2343.97998046875,1354.6400146484375,2.4000000953674316,99.62999725341797,54.542484283447266,86.49391174316406,87.33950805664062,0.7480000257492065,47.970001220703125,1.0783880949020386,1248.199951171875,2.623500108718872,111.00399780273438,12.605475425720215,64.44999694824219,12.960000038146973
2017-03-31,32.165714263916016,47.615169525146484,2362.719970703125,1385.9200439453125,2.3959999084472656,100.3499984741211,55.13924789428711,86.63345336914062,87.49214935302734,0.7379999756813049,50.599998474121094,1.0687072277069092,1247.300048828125,2.6465001106262207,111.7760009765625,12.85910701751709,60.70000076293945,12.369999885559082
2017-04-07,32.149375915527344,47.255897521972656,2355.5400390625,1364.56005859375,2.372999906539917,101.18000030517578,55.12849044799805,86.77198791503906,87.38135528564453,0.7979999780654907,52.2400016784668,1.0644639730453491,1254.300048828125,2.6449999809265137,110.89700317382812,13.028194427490234,68.66000366210938,12.869999885559082
2017-04-14,31.96156120300293,47.08008575439453,2328.949951171875,1345.239990234375,2.2320001125335693,100.55999755859375,55.021270751953125,87.77392578125,88.05377960205078,0.7900000214576721,53.18000030517578,1.0616387128829956,1285.9000244140625,2.569499969482422,109.10099792480469,13.197281837463379,74.4800033569336,15.960000038146973
2017-04-21,32.08406066894531,47.37055969238281,2348.68994140625,1379.8499755859375,2.236999988555908,99.9800033569336,55.26097106933594,87.72974395751953,87.66409301757812,0.7630000114440918,49.619998931884766,1.0714898109436035,1287.4000244140625,2.5364999771118164,109.375,12.664655685424805,77.1500015258789,14.630000114440918
2017-04-28,32.71284103393555,48.76943588256836,2384.199951171875,1400.4300537109375,2.2820000648498535,99.05000305175781,55.58900833129883,87.6634292602539,87.88569641113281,0.7799999713897705,49.33000183105469,1.0864251852035522,1266.0999755859375,2.5964999198913574,111.22599792480469,12.512475967407227,60.189998626708984,10.819999694824219
2017-05-05,32.818992614746094,50.13771438598633,2399.2900390625,1397.0,2.3519999980926514,98.6500015258789,55.48446273803711,87.4654769897461,87.13800811767578,0.8679999709129333,46.220001220703125,1.098152995109558,1224.800048828125,2.5195000171661377,112.53700256347656,12.225028038024902,58.720001220703125,10.569999694824219
2017-05-12,33.66007995605469,49.870182037353516,2390.89990234375,1382.77001953125,2.3350000381469727,99.25,55.73792266845703,87.93084716796875,87.1533432006836,0.8550000190734863,47.84000015258789,1.0864958763122559,1226.199951171875,2.5179998874664307,113.80899810791016,12.360298156738281,55.709999084472656,10.399999618530273
2017-05-19,33.60292434692383,50.53522491455078,2381.72998046875,1367.3299560546875,2.244999885559082,97.1500015258789,55.86460876464844,88.6252670288086,87.78153228759766,0.8880000114440918,50.33000183105469,1.1113580465316772,1252.699951171875,2.5739998817443848,111.4010009765625,12.740743637084961,57.81999969482422,12.039999961853027
2017-05-26,34.08470916748047,50.48935317993164,2415.820068359375,1382.239990234375,2.25,97.4000015258789,56.11166000366211,88.52188110351562,87.63597869873047,0.9100000262260437,49.79999923706055,1.121076226234436,1267.5999755859375,2.559499979019165,111.7300033569336,12.571657180786133,54.04999923706055,9.863099946975709
2017-06-02,34.10104751586914,51.38372039794922,2439.070068359375,1405.3900146484375,2.1589999198913574,96.72000122070312,56.357666015625,89.26612854003906,88.1637191772461,0.953000009059906,47.65999984741211,1.1215791702270508,1276.800048828125,2.571500062942505,111.43699645996094,12.191210746765137,53.7400016784668,9.863099946975709
2017-06-09,33.97856140136719,50.688106536865234,2431.77001953125,1421.7099609375,2.1989998817443848,97.2699966430664,56.19227981567383,88.91799926757812,87.65702819824219,0.9800000190734863,45.83000183105469,1.1184805631637573,1268.5,2.6459999084472656,109.85900115966797,12.106666564941406,52.560001373291016,10.699999809265137
2017-06-16,33.66007995605469,50.749263763427734,2433.14990234375,1406.72998046875,2.1570000648498535,97.16000366210938,56.08409118652344,89.50314331054688,87.28076171875,0.9850000143051147,44.7400016784668,1.1146905422210693,1254.0,2.5625,110.9520034790039,11.937579154968262,51.47999954223633,10.380000114440918
2017-06-23,34.04574966430664,50.59988021850586,2438.300048828125,1414.780029296875,2.1440000534057617,97.30000305175781,56.11590576171875,89.7549819946289,87.76447296142578,0.9330000281333923,43.0099983215332,1.1149640083312988,1256.199951171875,2.622999906539917,111.29000091552734,11.683947563171387,51.15999984741211,10.020000457763672
2017-06-30,33.95550537109375,50.646480560302734,2423.409912109375,1415.3599853515625,2.302000045776367,95.66000366210938,56.23680877685547,89.25875854492188,87.08883666992188,0.9929999709129333,46.040000915527344,1.144164800643921,1240.699951171875,2.6989998817443848,112.00900268554688,12.216572761535645,55.220001220703125,11.180000305175781
2017-07-07,33.74221420288086,50.36684036254883,2425.179931640625,1415.8399658203125,2.3929998874664307,96.01000213623047,55.972904205322266,88.90966033935547,86.56693267822266,1.0080000162124634,44.22999954223633,1.1424784660339355,1208.5999755859375,2.637500047683716,113.14900207519531,12.0474853515625,55.7599983215332,11.1899995803833
2017-07-14,35.620880126953125,51.51649475097656,2459.27001953125,1428.8199462890625,2.319000005722046,95.11000061035156,56.56713104248047,89.54094696044922,87.02108764648438,1.0080000162124634,46.540000915527344,1.140393853187561,1226.5999755859375,2.684000015258789,113.41799926757812,12.284208297729492,51.029998779296875,9.863099946975709
2017-07-21,35.79316711425781,51.69514083862305,2472.5400390625,1435.8399658203125,2.2320001125335693,93.94000244140625,56.694908142089844,90.26871490478516,87.4290771484375,1.1380000114440918,45.77000045776367,1.1628718376159668,1254.300048828125,2.7149999141693115,111.88500213623047,12.216572761535645,47.45000076293945,9.863099946975709
2017-07-28,35.8916015625,51.8815803527832,2472.10009765625,1429.260009765625,2.2890000343322754,93.26000213623047,56.80991744995117,89.94195556640625,87.49063110351562,1.0529999732971191,49.709999084472656,1.1688660383224487,1268.4000244140625,2.870500087738037,111.09700012207031,12.639291763305664,48.529998779296875,10.289999961853027
2017-08-04,36.05568313598633,52.40202331542969,2476.830078125,1412.3199462890625,2.2669999599456787,93.54000091552734,56.78298568725586,89.90324401855469,87.63481903076172,1.0529999732971191,49.58000183105469,1.1884952783584595,1258.300048828125,2.884999990463257,109.9000015258789,12.529385566711426,47.279998779296875,10.029999732971191
2017-08-11,35.21068572998047,51.22908020019531,2441.320068359375,1374.22998046875,2.188999891281128,93.06999969482422,56.03229522705078,89.71710205078125,88.12843322753906,1.0130000114440918,48.81999969482422,1.177024483680725,1287.699951171875,2.9140000343322754,109.10600280761719,12.495567321777344,52.060001373291016,15.510000228881836
2017-08-18,35.825984954833984,51.41550827026367,2425.550048828125,1357.7900390625,2.194000005722046,93.43000030517578,56.12214660644531,89.83625030517578,87.90476989746094,0.9879999756813049,48.5099983215332,1.1715501546859741,1285.699951171875,2.940500020980835,109.3280029296875,12.546294212341309,50.15999984741211,14.260000228881836
2017-08-25,36.85966110229492,51.850502014160156,2443.050048828125,1377.449951171875,2.1689999103546143,92.73999786376953,56.60334014892578,90.25318145751953,87.9896011352539,0.9950000047683716,47.869998931884766,1.1802195310592651,1292.5,3.0329999923706055,109.51399993896484,12.504022598266602,50.560001373291016,11.279999732971191
2017-09-01,37.04834747314453,52.03693771362305,2476.550048828125,1413.5699462890625,2.1570000648498535,92.80999755859375,56.90517044067383,90.19268035888672,88.19514465332031,0.9850000143051147,47.290000915527344,1.1910432577133179,1324.5,3.0980000495910645,110.12899780273438,12.7830171585083,49.439998626708984,10.130000114440918
2017-09-08,36.82684326171875,52.44086837768555,2461.429931640625,1399.4300537109375,2.061000108718872,91.33000183105469,56.563663482666016,90.51370239257812,89.04527282714844,1.0199999809265137,47.47999954223633,1.2029062509536743,1346.0,3.0215001106262207,108.2699966430664,12.7830171585083,54.0099983215332,12.119999885559082
2017-09-15,37.40110778808594,52.86810302734375,2500.22998046875,1431.7099609375,2.2019999027252197,91.87000274658203,56.96310806274414,90.34947967529297,88.4887924194336,1.0099999904632568,49.88999938964844,1.1921650171279907,1320.4000244140625,2.927999973297119,109.91899871826172,12.969013214111328,50.630001068115234,10.170000076293945
2017-09-22,37.22882843017578,53.12443542480469,2502.219970703125,1450.780029296875,2.26200008392334,92.16999816894531,56.97600555419922,90.31957244873047,88.12557983398438,1.003000020980835,50.65999984741211,1.194557547569275,1293.300048828125,2.924499988555908,112.4520034790039,13.03664779663086,50.52000045776367,9.863099946975709
2017-09-29,36.761207580566406,53.19435119628906,2519.360107421875,1490.8599853515625,2.3259999752044678,93.08000183105469,57.18864059448242,90.50623321533203,87.77777862548828,1.027999997138977,51.66999816894531,1.178175449371338,1281.5,2.9375,112.46700286865234,13.019739151000977,52.880001068115234,9.863099946975709
2017-10-06,37.43391799926758,53.155513763427734,2549.330078125,1510.219970703125,2.369999885559082,93.80000305175781,57.191864013671875,90.53843688964844,87.66027069091797,1.0429999828338623,49.290000915527344,1.1712344884872437,1271.5999755859375,3.0144999027252197,112.77400207519531,12.87601375579834,54.97999954223633,9.863099946975709
2017-10-13,38.27891540527344,54.041046142578125,2553.169921875,1502.6600341796875,2.2799999713897705,93.08999633789062,57.146575927734375,91.01002502441406,88.24015808105469,1.0499999523162842,51.45000076293945,1.1831799745559692,1301.5,3.118499994277954,112.23899841308594,13.171917915344238,50.849998474121094,9.863099946975709
2017-10-20,37.95075607299805,53.86238098144531,2575.2099609375,1509.25,2.38100004196167,93.69999694824219,57.37947082519531,90.62078857421875,87.6834716796875,1.0750000476837158,51.470001220703125,1.184805989265442,1277.4000244140625,3.1514999866485596,112.68000030517578,13.188827514648438,53.97999954223633,9.970000267028809
2017-10-27,37.85231399536133,53.738094329833984,2581.070068359375,1508.3199462890625,2.427999973297119,94.91999816894531,57.237178802490234,90.50849914550781,87.71440124511719,1.0729999542236328,53.900001525878906,1.163724422454834,1268.5,3.0934998989105225,114.1240005493164,13.467820167541504,54.66999816894531,9.863099946975709
2017-11-03,38.01639938354492,54.21970748901367,2587.840087890625,1494.9100341796875,2.3429999351501465,94.94000244140625,57.15660095214844,90.91412353515625,88.27005767822266,1.1480000019073486,55.63999938964844,1.1661807298660278,1266.5,3.1105000972747803,114.01599884033203,13.712996482849121,45.83000183105469,9.863099946975709
2017-11-10,37.975364685058594,53.81577682495117,2582.300048828125,1475.27001953125,2.4000000953674316,94.38999938964844,56.59141540527344,89.98340606689453,88.08416748046875,1.2000000476837158,56.7400016784668,1.164686679840088,1272.4000244140625,3.069499969482422,113.375,13.8651762008667,47.290000915527344,11.289999961853027
2017-11-17,38.41017150878906,53.52836990356445,2578.85009765625,1492.8199462890625,2.3540000915527344,93.66000366210938,56.825260162353516,90.41120910644531,88.40174102783203,1.2400000095367432,56.54999923706055,1.1777453422546387,1295.800048828125,3.0625,113.02799987792969,13.797541618347168,49.09000015258789,11.430000305175781
2017-11-24,39.14030838012695,54.6391716003418,2602.419921875,1519.1600341796875,2.3399999141693115,92.76000213623047,57.08515548706055,90.95911407470703,88.41724395751953,1.2400000095367432,58.95000076293945,1.1853959560394287,1286.699951171875,3.1659998893737793,111.25399780273438,13.898994445800781,46.15999984741211,9.863099946975709
2017-12-01,37.60620880126953,54.243011474609375,2642.219970703125,1537.02001953125,2.361999988555908,92.9000015258789,57.008384704589844,90.84879302978516,88.39624786376953,1.2350000143051147,58.36000061035156,1.1898245811462402,1278.800048828125,3.065500020980835,112.55599975585938,13.780632019042969,50.16999816894531,11.430000305175781
2017-12-08,37.688236236572266,54.25077819824219,2651.5,1521.719970703125,2.382999897003174,93.9000015258789,56.988826751708984,91.04444122314453,88.45851135253906,1.253000020980835,57.36000061035156,1.1772184371948242,1245.199951171875,2.9549999237060547,113.1729965209961,13.493185043334961,47.4900016784668,9.863099946975709
2017-12-15,37.87692642211914,54.351768493652344,2675.81005859375,1530.4200439453125,2.3550000190734863,93.93000030517578,56.89747619628906,91.65403747558594,88.61414337158203,1.284999966621399,57.29999923706055,1.1774957180023193,1254.300048828125,3.109999895095825,112.39600372314453,13.391732215881348,46.43000030517578,9.863099946975709
2017-12-22,38.72576141357422,55.03810119628906,2683.340087890625,1542.9300537109375,2.484999895095825,93.3499984741211,56.99646759033203,90.98788452148438,88.18346405029297,1.2979999780654907,58.470001220703125,1.1857331991195679,1275.4000244140625,3.2144999504089355,113.322998046875,13.696090698242188,50.380001068115234,9.899999618530273
2017-12-29,39.242103576660156,55.195106506347656,2673.610107421875,1535.510009765625,2.4049999713897705,92.12000274658203,57.166812896728516,91.67416381835938,88.88469696044922,1.3550000190734863,60.41999816894531,1.1941723823547363,1306.300048828125,3.2795000076293945,112.875,14.042718887329102,46.599998474121094,11.039999961853027
2018-01-05,40.916053771972656,56.79655075073242,2743.14990234375,1560.010009765625,2.4760000705718994,91.94999694824219,57.63195037841797,91.16889953613281,88.760009765625,1.3700000047683716,61.439998626708984,1.2068840265274048,1320.300048828125,3.2070000171661377,112.78299713134766,14.127262115478516,46.06999969482422,9.863099946975709
2018-01-12,41.23252868652344,57.699337005615234,2786.239990234375,1591.969970703125,2.552000045776367,90.97000122070312,57.37643051147461,91.12364196777344,88.33929443359375,1.409999966621399,64.30000305175781,1.2042099237442017,1333.4000244140625,3.200000047683716,111.29399871826172,14.347073554992676,47.61000061035156,10.15999984741211
2018-01-19,42.00703811645508,58.19389343261719,2810.300048828125,1597.6300048828125,2.63700008392334,90.56999969482422,57.350257873535156,90.32423400878906,88.19903564453125,1.402999997138977,63.369998931884766,1.2236607074737549,1331.9000244140625,3.1670000553131104,111.0260009765625,14.270986557006836,48.54999923706055,11.270000457763672
2018-01-26,43.37285614013672,59.0731201171875,2872.8701171875,1608.06005859375,2.6619999408721924,89.06999969482422,57.49436950683594,90.91252136230469,88.33148956298828,1.3880000114440918,66.13999938964844,1.239234209060669,1351.5999755859375,3.182499885559082,109.7040023803711,14.583800315856934,55.630001068115234,11.079999923706055
2018-02-02,40.849422454833984,56.95355987548828,2762.1298828125,1547.27001953125,2.8540000915527344,89.19999694824219,56.723270416259766,89.68921661376953,87.568603515625,1.4500000476837158,65.44999694824219,1.2510008811950684,1333.699951171875,3.176500082015991,109.40599822998047,14.363984107971191,60.33000183105469,17.309999465942383
2018-02-09,38.65913772583008,53.844852447509766,2619.550048828125,1477.8399658203125,2.8289999961853027,90.44000244140625,55.887760162353516,88.63813781738281,86.89063262939453,1.524999976158142,59.20000076293945,1.2260762453079224,1313.0999755859375,3.0244998931884766,108.52899932861328,13.636907577514648,67.8499984741211,29.059999465942383
2018-02-16,41.257503509521484,56.06647872924805,2732.219970703125,1543.550048828125,2.877000093460083,89.0999984741211,56.87458419799805,88.96331024169922,87.12443542480469,1.5700000524520874,61.68000030517578,1.2503595352172852,1353.199951171875,3.243000030517578,106.11100006103516,14.00890064239502,63.029998779296875,19.459999084472656
2018-02-23,41.40740966796875,56.0036735534668,2747.300048828125,1549.18994140625,2.871000051498413,89.87999725341797,56.83512878417969,88.63056945800781,87.2023696899414,1.6050000190734863,63.54999923706055,1.2326656579971313,1328.199951171875,3.2084999084472656,106.81400299072266,14.25407886505127,64.5999984741211,16.489999771118164
2018-03-02,40.083251953125,54.496429443359375,2691.25,1533.1700439453125,2.8570001125335693,89.94000244140625,56.63816833496094,88.15312957763672,87.41275024414062,1.6050000190734863,61.25,1.2270842790603638,1321.0999755859375,3.1010000705718994,106.16300201416016,14.059627532958984,65.30000305175781,19.59000015258789
2018-03-09,41.432395935058594,55.564064025878906,2786.570068359375,1597.1400146484375,2.8940000534057617,90.08999633789062,56.849517822265625,88.03182983398438,87.2881088256836,1.6349999904632568,62.040000915527344,1.2306632995605469,1322.4000244140625,3.115999937057495,106.40599822998047,14.093446731567383,58.970001220703125,14.640000343322754
2018-03-16,40.982669830322266,55.32071304321289,2752.010009765625,1586.050048828125,2.8480000495910645,90.2300033569336,56.671180725097656,88.5398941040039,87.42832946777344,1.7380000352859497,62.34000015258789,1.2309207916259766,1311.300048828125,3.0929999351501465,106.30899810791016,14.068081855773926,59.0099983215332,15.800000190734863
2018-03-23,39.05055618286133,53.334590911865234,2588.260009765625,1510.0799560546875,2.8299999237060547,89.44000244140625,56.08995056152344,87.7512435913086,87.7322769165039,1.687999963760376,65.87999725341797,1.2324985265731812,1349.300048828125,2.984499931335449,104.96800231933594,14.33862018585205,56.16999816894531,24.8700008392334
2018-03-30,40.20816421508789,54.70054244995117,2640.8701171875,1529.4300537109375,2.740999937057495,90.1500015258789,56.565513610839844,89.01762390136719,88.0985336303711,1.6699999570846558,64.94000244140625,1.2302846908569336,1322.800048828125,3.0190000534057617,106.47899627685547,14.35552978515625,58.540000915527344,19.969999313354492
2018-04-06,39.20879364013672,54.480735778808594,2604.469970703125,1513.300048828125,2.7750000953674316,90.11000061035156,56.55158996582031,89.03057098388672,88.18605041503906,1.6799999475479126,62.060001373291016,1.2251598834991455,1331.9000244140625,3.053999900817871,107.052001953125,14.144171714782715,56.06999969482422,21.489999771118164
2018-04-13,39.61686706542969,55.5719108581543,2656.300048828125,1549.510009765625,2.8289999961853027,89.80000305175781,57.228050231933594,88.94686889648438,88.37355041503906,1.718000054359436,67.38999938964844,1.2329696416854858,1344.800048828125,3.067500114440918,107.22200012207031,14.626070976257324,51.13999938964844,17.40999984741211
2018-04-20,39.35869598388672,55.776023864746094,2670.139892578125,1564.1199951171875,2.9509999752044678,90.31999969482422,56.96274948120117,87.81378173828125,87.80321502685547,1.7649999856948853,68.37999725341797,1.2345526218414307,1336.699951171875,3.131500005722046,107.43199920654297,14.769794464111328,52.709999084472656,16.8799991607666
2018-04-27,39.35869598388672,55.71322250366211,2669.909912109375,1556.239990234375,2.9570000171661377,91.54000091552734,56.8765869140625,87.6996841430664,87.91259002685547,1.7699999809265137,68.0999984741211,1.2109616994857788,1320.300048828125,3.0460000038146973,109.30000305175781,14.778250694274902,51.27000045776367,15.40999984741211
2018-05-04,38.66746139526367,55.681819915771484,2663.419921875,1565.5999755859375,2.944000005722046,92.56999969482422,56.89204025268555,87.45510864257812,87.97427368164062,1.7929999828338623,69.72000122070312,1.1989257335662842,1312.699951171875,3.065500020980835,109.09600067138672,14.955792427062988,49.43000030517578,14.770000457763672
2018-05-11,39.47528839111328,56.34123229980469,2727.719970703125,1606.7900390625,2.9709999561309814,92.54000091552734,57.09850311279297,87.90507507324219,87.95072174072266,1.8600000143051147,70.69999694824219,1.1917530298233032,1319.0,3.0950000286102295,109.43599700927734,15.107970237731934,47.060001373291016,12.649999618530273
2018-05-18,38.367652893066406,55.99582290649414,2712.969970703125,1626.6300048828125,3.066999912261963,93.63999938964844,56.87870788574219,87.15765380859375,87.39352416992188,1.8550000190734863,71.27999877929688,1.1795234680175781,1290.199951171875,3.0510001182556152,110.8280029296875,15.344691276550293,53.2599983215332,13.420000076293945
2018-05-25,38.66746139526367,55.124454498291016,2721.330078125,1626.9300537109375,2.930999994277954,94.19000244140625,56.985294342041016,87.99658966064453,87.86439514160156,1.8530000448226929,67.87999725341797,1.1722642183303833,1303.300048828125,3.066999912261963,109.31199645996094,15.234786987304688,54.099998474121094,13.220000267028809
2018-06-01,38.58417510986328,54.951744079589844,2734.6201171875,1647.97998046875,2.8949999809265137,94.19000244140625,56.99519729614258,87.91144561767578,88.14339447021484,1.8680000305175781,65.80999755859375,1.1693171262741089,1294.800048828125,3.0915000438690186,108.7490005493164,15.1417875289917,56.939998626708984,13.460000038146973
2018-06-08,38.58417510986328,55.27360534667969,2779.030029296875,1672.489990234375,2.937000036239624,93.55000305175781,57.309627532958984,87.59774780273438,88.08829498291016,1.8799999952316284,65.73999786376953,1.1795234680175781,1298.0999755859375,3.2929999828338623,109.69400024414062,15.091060638427734,59.56999969482422,12.180000305175781
2018-06-15,37.668087005615234,54.951744079589844,2779.659912109375,1683.9100341796875,2.9240000247955322,94.79000091552734,57.617393493652344,87.7125015258789,88.22210693359375,1.8880000114440918,65.05999755859375,1.1566576957702637,1274.5999755859375,3.1410000324249268,110.6449966430664,14.6007080078125,53.08000183105469,11.979999542236328
2018-06-22,36.816062927246094,54.28220748901367,2754.8798828125,1685.5799560546875,2.9000000953674316,94.5199966430664,57.476890563964844,87.21522521972656,88.47398376464844,1.8700000047683716,68.58000183105469,1.1605775356292725,1267.4000244140625,3.0325000286102295,109.9520034790039,14.735977172851562,53.029998779296875,13.770000457763672
2018-06-29,36.32149124145508,53.617706298828125,2718.3701171875,1643.0699462890625,2.8489999771118164,94.62999725341797,56.92156219482422,87.65129089355469,88.84394836425781,1.8799999952316284,74.1500015258789,1.1562966108322144,1251.300048828125,2.9509999752044678,110.48600006103516,14.94733715057373,51.16999816894531,16.09000015258789
2018-07-06,36.388553619384766,54.106082916259766,2759.820068359375,1694.050048828125,2.8310000896453857,94.04000091552734,57.345638275146484,88.38414001464844,89.29515075683594,1.9049999713897705,73.80000305175781,1.1695905923843384,1254.300048828125,2.812999963760376,110.5790023803711,14.769794464111328,50.130001068115234,13.369999885559082
2018-07-13,36.757381439208984,54.27421569824219,2801.31005859375,1687.0799560546875,2.8310000896453857,94.75,57.53384780883789,88.78315734863281,89.17658996582031,1.9279999732971191,71.01000213623047,1.1665889024734497,1239.5999755859375,2.7699999809265137,112.66500091552734,14.39780330657959,48.279998779296875,12.180000305175781
2018-07-20,36.84959411621094,54.49838638305664,2801.830078125,1696.81005859375,2.8949999809265137,94.45999908447266,57.540550231933594,88.4378433227539,88.59187316894531,1.9329999685287476,70.45999908447266,1.1655147075653076,1229.5,2.746000051498413,112.36299896240234,14.321712493896484,49.04999923706055,12.859999656677246
2018-07-27,37.461517333984375,55.08284378051758,2818.820068359375,1663.3399658203125,2.9600000381469727,94.68000030517578,57.73546600341797,88.6757583618164,88.28375244140625,1.9450000524520874,68.69000244140625,1.1642934083938599,1222.5999755859375,2.7874999046325684,111.14600372314453,14.583800315856934,48.83000183105469,13.029999732971191
2018-08-03,37.05915451049805,54.538421630859375,2840.35009765625,1673.3699951171875,2.953000068664551,95.13999938964844,58.009525299072266,88.90077209472656,88.37696838378906,1.9600000381469727,68.48999786376953,1.1586008071899414,1214.199951171875,2.753499984741211,111.69000244140625,14.507708549499512,47.66999816894531,11.640000343322754
2018-08-10,36.204139709472656,53.43355941772461,2833.280029296875,1686.800048828125,2.8570001125335693,96.36000061035156,57.969085693359375,88.7853012084961,88.77373504638672,2.0,67.62999725341797,1.1523923873901367,1211.0999755859375,2.7325000762939453,111.09100341796875,14.406259536743164,50.630001068115234,13.15999984741211
2018-08-17,35.38264846801758,53.14533615112305,2850.1298828125,1692.949951171875,2.872999906539917,96.0999984741211,58.070281982421875,89.2547836303711,88.80547332763672,1.9950000047683716,65.91000366210938,1.1371389627456665,1176.5,2.624500036239624,111.00399780273438,14.211806297302246,50.689998626708984,12.640000343322754
2018-08-24,36.35502624511719,53.89792251586914,2874.68994140625,1725.6700439453125,2.8259999752044678,95.1500015258789,58.29975509643555,89.46259307861328,89.27360534667969,2.0480000972747803,68.72000122070312,1.154334545135498,1206.300048828125,2.6989998817443848,111.36699676513672,14.549981117248535,49.15999984741211,11.989999771118164
2018-08-31,36.1873664855957,53.913936614990234,2901.52001953125,1740.75,2.8529999256134033,95.13999938964844,58.2862548828125,88.84686279296875,88.94035339355469,2.055000066757202,69.80000305175781,1.1664663553237915,1200.300048828125,2.6489999294281006,110.9990005493164,14.693705558776855,50.709999084472656,12.859999656677246
2018-09-07,34.82939910888672,52.384742736816406,2871.679931640625,1713.1800537109375,2.941999912261963,95.37000274658203,58.09035110473633,88.50566101074219,88.55498504638672,2.0880000591278076,67.75,1.1620069742202759,1193.5999755859375,2.6034998893737793,110.49500274658203,14.499253273010254,49.43000030517578,14.880000114440918
2018-09-14,35.173091888427734,53.44956588745117,2904.97998046875,1721.719970703125,2.99399995803833,94.9800033569336,58.517391204833984,88.85307312011719,88.18872833251953,2.1029999256134033,68.98999786376953,1.1691803932189941,1195.0,2.627500057220459,112.01200103759766,14.541526794433594,47.45000076293945,12.069999694824219
2018-09-21,36.237667083740234,54.946739196777344,2929.669921875,1712.3199462890625,3.068000078201294,94.22000122070312,58.4564323425293,88.55204772949219,88.05337524414062,2.122999906539917,70.77999877929688,1.1775927543640137,1196.199951171875,2.8364999294281006,112.49500274658203,14.786703109741211,48.83000183105469,11.680000305175781
2018-09-28,35.977806091308594,54.43433380126953,2913.97998046875,1696.5699462890625,3.055999994277954,95.19000244140625,58.59196853637695,88.72183227539062,88.07727813720703,2.1500000953674316,73.25,1.1637378931045532,1191.5,2.7869999408721924,113.35700225830078,15.192512512207031,46.15999984741211,12.119999885559082
2018-10-05,34.234249114990234,53.169349670410156,2885.570068359375,1632.1099853515625,3.2249999046325684,95.62000274658203,58.080596923828125,87.45350646972656,87.08189392089844,2.1649999618530273,74.33999633789062,1.1518083810806274,1201.199951171875,2.750999927520752,113.89399719238281,15.471508026123047,55.189998626708984,14.819999694824219
2018-10-12,33.7732048034668,51.11975860595703,2767.1298828125,1546.6800537109375,3.1410000324249268,95.22000122070312,57.97847366333008,87.74773406982422,87.20938873291016,2.2179999351501465,71.33999633789062,1.1590440273284912,1218.0999755859375,2.7929999828338623,112.08000183105469,15.124876976013184,54.369998931884766,21.309999465942383
2018-10-19,33.25349044799805,51.03169250488281,2767.780029296875,1542.0400390625,3.197999954223633,95.70999908447266,57.808258056640625,87.26762390136719,86.92247772216797,2.259999990463257,69.12000274658203,1.1460003852844238,1225.300048828125,2.7679998874664307,112.18499755859375,15.006518363952637,52.040000915527344,19.889999389648438
2018-10-26,32.41522979736328,49.182247161865234,2658.68994140625,1483.8199462890625,3.0769999027252197,96.36000061035156,57.352073669433594,87.44576263427734,87.2572250366211,2.2730000019073486,67.58999633789062,1.1377859115600586,1232.5,2.74399995803833,112.3499984741211,14.761341094970703,62.70000076293945,24.15999984741211
2018-11-02,34.21748352050781,50.71945571899414,2723.06005859375,1547.97998046875,3.2139999866485596,96.54000091552734,57.662994384765625,86.81745147705078,86.36511993408203,2.2730000019073486,63.13999938964844,1.1403288841247559,1230.9000244140625,2.802999973297119,112.71499633789062,14.203351974487305,61.41999816894531,19.510000228881836
2018-11-09,33.36246109008789,50.76748275756836,2781.010009765625,1549.489990234375,3.188999891281128,96.91000366210938,57.72456359863281,87.15150451660156,86.64427947998047,2.299999952316284,60.189998626708984,1.1368415355682373,1206.4000244140625,2.686500072479248,113.9530029296875,13.8651762008667,53.540000915527344,17.360000610351562
2018-11-16,34.284542083740234,50.407203674316406,2736.27001953125,1527.530029296875,3.0739998817443848,96.47000122070312,56.97870635986328,86.80193328857422,87.19462585449219,2.299999952316284,56.459999084472656,1.1324899196624756,1220.800048828125,2.803999900817871,113.55500030517578,13.62845516204834,60.43000030517578,18.139999389648438
2018-11-23,33.312164306640625,49.46247100830078,2632.56005859375,1488.6800537109375,3.053999900817871,96.91999816894531,56.59555435180664,86.73200225830078,86.85166931152344,2.3480000495910645,50.41999816894531,1.1403158903121948,1221.0,2.7704999446868896,112.97799682617188,12.935194969177246,57.310001373291016,21.520000457763672
2018-11-30,34.4354248046875,50.25508499145508,2760.169921875,1533.27001953125,3.013000011444092,97.2699966430664,57.20451736450195,86.59217834472656,87.15473937988281,2.308000087738037,50.93000030517578,1.1392766237258911,1220.199951171875,2.7774999141693115,113.41100311279297,12.926740646362305,52.43000030517578,18.06999969482422
2018-12-07,33.42951202392578,48.6378288269043,2633.080078125,1448.0899658203125,2.8499999046325684,96.51000213623047,56.93370819091797,87.20238494873047,87.71784973144531,2.3399999141693115,52.61000061035156,1.1374752521514893,1246.800048828125,2.757499933242798,112.68900299072266,13.273371696472168,60.7400016784668,23.229999542236328
2018-12-14,33.38760757446289,48.40565490722656,2599.949951171875,1410.81005859375,2.8910000324249268,97.44000244140625,57.16054916381836,87.85706329345703,87.10283660888672,2.368000030517578,51.20000076293945,1.1363636255264282,1237.0,2.760499954223633,113.55999755859375,13.062010765075684,56.130001068115234,21.6299991607666
2018-12-21,32.77454376220703,46.579307556152344,2416.6201171875,1292.0899658203125,2.7920000553131104,96.95999908447266,55.408817291259766,87.81920623779297,87.34579467773438,2.3299999237060547,45.59000015258789,1.1456853151321411,1253.800048828125,2.678499937057495,111.1709976196289,12.461750030517578,61.61000061035156,30.110000610351562
2018-12-28,33.38716506958008,47.49373245239258,2485.739990234375,1337.9200439453125,2.7360000610351562,96.38999938964844,55.96821212768555,87.95995330810547,87.5538101196289,2.328000068664551,45.33000183105469,1.143105387687683,1279.9000244140625,2.678999900817871,110.8550033569336,12.375251770019531,66.66000366210938,28.34000015258789
2019-01-04,33.770042419433594,48.480987548828125,2531.93994140625,1380.75,2.6589999198913574,96.19000244140625,56.900543212890625,88.4603271484375,88.08187866210938,2.3580000400543213,47.959999084472656,1.1391078233718872,1282.699951171875,2.6514999866485596,107.80799865722656,12.717819213867188,65.81999969482422,21.3799991607666
2019-01-11,34.6549186706543,49.3873291015625,2596.260009765625,1447.3800048828125,2.7009999752044678,95.66999816894531,57.936485290527344,88.92936706542969,88.22591400146484,2.369999885559082,51.59000015258789,1.151012897491455,1287.0999755859375,2.6695001125335693,108.2979965209961,13.120335578918457,55.939998626708984,18.190000534057617
2019-01-18,35.35261154174805,50.23702621459961,2670.7099609375,1482.5,2.7839999198913574,96.33999633789062,58.357749938964844,89.25774383544922,87.80184936523438,2.3480000495910645,53.79999923706055,1.13926362991333,1281.300048828125,2.740999937057495,109.15299987792969,13.32587718963623,53.779998779296875,17.799999237060547
2019-01-25,35.905662536621094,50.30984878540039,2664.760009765625,1482.8499755859375,2.753000020980835,95.79000091552734,58.295623779296875,89.94574737548828,87.75383758544922,2.328000068664551,53.689998626708984,1.1313496828079224,1297.4000244140625,2.73799991607666,109.59700012207031,13.317314147949219,52.5,17.420000076293945
2019-02-01,36.38212966918945,50.70636749267578,2706.530029296875,1502.050048828125,2.690999984741211,95.58000183105469,58.7505989074707,90.9559555053711,88.55393981933594,2.3399999141693115,55.2599983215332,1.1449507474899292,1316.9000244140625,2.7750000953674316,108.84400177001953,13.411519050598145,48.790000915527344,16.139999389648438
2019-02-08,35.87162780761719,50.1884651184082,2707.8798828125,1506.3900146484375,2.631999969482422,96.63999938964844,58.82691955566406,91.23822784423828,88.6179428100586,2.365000009536743,52.720001220703125,1.1338768005371094,1313.699951171875,2.809999942779541,109.75599670410156,13.2659273147583,49.630001068115234,15.720000267028809
2019-02-15,35.81206512451172,51.483238220214844,2775.60009765625,1569.25,2.6659998893737793,96.91999816894531,59.25015640258789,91.13626861572266,88.68194580078125,2.369999885559082,55.59000015258789,1.1295350790023804,1318.0999755859375,2.802500009536743,110.53800201416016,13.62562370300293,45.72999954223633,14.90999984741211
2019-02-22,36.62038040161133,51.88785171508789,2792.669921875,1590.06005859375,2.6549999713897705,96.51000213623047,59.38193893432617,91.26177215576172,89.00199127197266,2.3929998874664307,57.2599983215332,1.1343011856079102,1329.199951171875,2.9609999656677246,110.70800018310547,13.779779434204102,47.220001220703125,13.510000228881836
2019-03-01,36.152408599853516,52.292457580566406,2803.68994140625,1589.6400146484375,2.755000114440918,96.52999877929688,59.66159439086914,90.82841491699219,88.5379409790039,2.378000020980835,55.79999923706055,1.1373459100723267,1296.4000244140625,2.933500051498413,111.35700225830078,13.514288902282715,47.900001525878906,13.569999694824219
2019-03-08,35.429195404052734,51.36185836791992,2743.070068359375,1521.8800048828125,2.625,97.37000274658203,59.30620193481445,91.56781005859375,89.06599426269531,2.3929998874664307,56.06999969482422,1.1198333501815796,1297.0,2.8940000534057617,111.63400268554688,13.505725860595703,45.83000183105469,16.049999237060547
2019-03-15,36.65439987182617,52.77800369262695,2822.47998046875,1553.5400390625,2.5929999351501465,96.5999984741211,59.780067443847656,91.9217529296875,89.61005401611328,2.388000011444092,58.52000045776367,1.1308379173278809,1301.800048828125,2.9035000801086426,111.75299835205078,13.634188652038574,46.04999923706055,12.880000114440918
2019-03-22,36.101356506347656,52.041603088378906,2800.7099609375,1505.9200439453125,2.4549999237060547,96.6500015258789,59.82190704345703,93.25114440917969,90.37815856933594,2.3980000019073486,59.040000915527344,1.1375011205673218,1311.5999755859375,2.8359999656677246,110.80599975585938,13.65131664276123,52.2599983215332,16.479999542236328
2019-03-29,36.518272399902344,52.4866828918457,2834.39990234375,1539.739990234375,2.4140000343322754,97.27999877929688,60.26092529296875,93.65232849121094,90.46614837646484,2.328000068664551,60.13999938964844,1.1230024099349976,1293.0,2.936000108718872,110.63700103759766,13.617058753967285,58.54999923706055,13.710000038146973
2019-04-05,37.777523040771484,53.61151123046875,2892.739990234375,1582.56005859375,2.500999927520752,97.4000015258789,60.49824142456055,93.53237915039062,90.10611724853516,2.369999885559082,63.08000183105469,1.1225864887237549,1290.4000244140625,2.8924999237060547,111.65799713134766,13.84829330444336,49.220001220703125,12.819999694824219
2019-04-12,37.743492126464844,53.765262603759766,2907.409912109375,1584.800048828125,2.559999942779541,96.97000122070312,60.869197845458984,93.90316009521484,90.05810546875,2.375,63.88999938964844,1.1260753870010376,1290.5999755859375,2.946000099182129,111.62100219726562,13.968191146850586,48.84000015258789,12.010000228881836
2019-04-19,37.913658142089844,53.951385498046875,2905.030029296875,1565.75,2.559999942779541,97.47000122070312,60.6732292175293,93.55607604980469,90.13811492919922,2.365000009536743,64.0,1.1235954761505127,1271.9000244140625,2.927500009536743,111.98899841308594,13.882548332214355,49.22999954223633,12.09000015258789
2019-04-26,37.3350830078125,53.77334213256836,2939.8798828125,1589.9000244140625,2.505000114440918,98.01000213623047,60.87622833251953,94.39232635498047,90.77017974853516,2.359999895095825,63.29999923706055,1.113684892654419,1284.9000244140625,2.9700000286102295,111.53900146484375,13.728395462036133,49.43000030517578,12.729999542236328
2019-05-03,37.624366760253906,54.21034622192383,2945.639892578125,1614.02001953125,2.5309998989105225,97.5199966430664,60.85239791870117,94.1100082397461,90.35005187988281,2.368000030517578,61.939998626708984,1.1173559427261353,1279.199951171875,2.825000047683716,111.49500274658203,13.591365814208984,45.779998779296875,12.869999885559082
2019-05-10,35.718475341796875,52.86701965332031,2881.39990234375,1572.989990234375,2.4549999237060547,97.33000183105469,60.613399505615234,94.05465698242188,90.65418243408203,2.369999885559082,61.65999984741211,1.1222084760665894,1285.699951171875,2.7850000858306885,109.80699920654297,13.437211036682129,53.4900016784668,16.040000915527344
2019-05-17,34.28054428100586,52.41384506225586,2859.530029296875,1535.760009765625,2.3929998874664307,98.0,60.40956115722656,94.36322021484375,90.86225891113281,2.3299999237060547,62.7599983215332,1.1173559427261353,1274.5,2.747999906539917,109.87100219726562,13.617058753967285,56.970001220703125,15.960000038146973
2019-05-24,33.99126434326172,52.421939849853516,2826.06005859375,1514.1099853515625,2.3239998817443848,97.61000061035156,60.20573043823242,94.74311065673828,91.16637420654297,2.2880001068115234,58.630001068115234,1.1184556484222412,1283.0,2.7065000534057617,109.55799865722656,13.385826110839844,60.540000915527344,15.850000381469727
2019-05-31,34.63790512084961,51.305206298828125,2752.06005859375,1465.489990234375,2.1419999599456787,97.75,59.67850875854492,95.61355590820312,92.25483703613281,2.2929999828338623,53.5,1.1131147146224976,1305.800048828125,2.6459999084472656,109.35700225830078,12.957616806030273,72.68000030517578,18.709999084472656
2019-06-07,35.03779983520508,53.05314254760742,2873.340087890625,1514.3900146484375,2.0840001106262207,96.61000061035156,60.79844665527344,96.4874496459961,92.65644836425781,2.2149999141693115,53.9900016784668,1.1276500225067139,1341.199951171875,2.630500078201294,108.4540023803711,12.991874694824219,68.69000244140625,16.299999237060547
2019-06-14,34.96973419189453,52.729454040527344,2886.97998046875,1522.5,2.0929999351501465,97.56999969482422,60.932613372802734,96.65409851074219,91.97235107421875,2.125,52.5099983215332,1.1280443668365479,1340.0999755859375,2.634500026702881,108.32099914550781,13.07751750946045,80.81999969482422,15.279999732971191
2019-06-21,36.66810989379883,54.04058074951172,2950.4599609375,1549.6300048828125,2.068000078201294,96.22000122070312,61.66700744628906,98.138427734375,92.80935668945312,2.055000066757202,57.43000030517578,1.1295605897903442,1396.199951171875,2.7060000896453857,107.2770004272461,13.445775985717773,74.62999725341797,15.399999618530273
2019-06-28,36.78813934326172,54.33818435668945,2941.760009765625,1566.5699462890625,2.0,96.12999725341797,61.561073303222656,98.7178726196289,92.94615936279297,2.0350000858306885,58.470001220703125,1.1372941732406616,1409.699951171875,2.7054998874664307,107.74700164794922,13.471467018127441,70.43000030517578,15.079999923706055
2019-07-05,36.80527877807617,54.701927185058594,2990.409912109375,1575.6199951171875,2.0480000972747803,97.25,61.700069427490234,98.57054901123047,92.76171112060547,2.1630001068115234,57.5099983215332,1.128579020500183,1396.699951171875,2.6584999561309814,107.80799865722656,13.394391059875488,65.27999877929688,13.279999732971191
2019-07-12,36.73670196533203,54.396053314208984,3013.77001953125,1570.0,2.1059999465942383,96.80999755859375,61.657527923583984,97.96559143066406,92.90735626220703,2.0899999141693115,60.209999084472656,1.1252391338348389,1409.9000244140625,2.691499948501587,108.58799743652344,13.754085540771484,62.779998779296875,12.390000343322754
2019-07-19,36.74527359008789,54.156314849853516,2976.610107421875,1547.9000244140625,2.0480000972747803,97.1500015258789,61.41638946533203,98.52283477783203,93.23092651367188,2.013000011444092,55.630001068115234,1.1261515617370605,1425.0999755859375,2.744499921798706,107.4010009765625,13.32587718963623,63.86000061035156,14.449999809265137
2019-07-26,36.608089447021484,54.14805603027344,3025.860107421875,1578.969970703125,2.0810000896453857,98.01000213623047,61.8277587890625,98.97651672363281,93.03678894042969,2.062999963760376,56.20000076293945,1.1146159172058105,1418.5,2.676500082015991,108.66600036621094,13.274492263793945,58.900001525878906,12.15999984741211
2019-08-02,34.76483154296875,52.660011291503906,2932.050048828125,1533.6600341796875,1.8550000190734863,98.0999984741211,61.53434371948242,99.87698364257812,93.64454650878906,2.0,55.65999984741211,1.1078859567642212,1445.5999755859375,2.565000057220459,107.43099975585938,12.966181755065918,66.11000061035156,17.610000610351562
2019-08-09,34.181846618652344,52.0317268371582,2918.64990234375,1513.0400390625,1.7339999675750732,97.48999786376953,61.43461608886719,100.53155517578125,94.5123062133789,1.9500000476837158,54.5,1.1187183856964111,1496.5999755859375,2.5840001106262207,105.8740005493164,12.803461074829102,78.97000122070312,17.969999313354492
2019-08-16,33.898929595947266,51.46131134033203,2888.679931640625,1493.6400146484375,1.5390000343322754,98.13999938964844,61.3277473449707,102.05619049072266,95.06377410888672,1.8229999542236328,54.869998931884766,1.1113580465316772,1512.5,2.5899999141693115,106.08300018310547,12.700691223144531,89.5199966430664,18.469999313354492
2019-08-23,33.47882843017578,51.22157669067383,2847.110107421875,1459.489990234375,1.527999997138977,97.63999938964844,61.64827346801758,102.49525451660156,95.19357299804688,1.909999966621399,54.16999816894531,1.1084016561508179,1526.5999755859375,2.5260000228881836,106.46800231933594,12.683563232421875,91.81999969482422,19.8700008392334
2019-08-30,34.45618438720703,52.25492858886719,2926.4599609375,1494.8399658203125,1.50600004196167,98.91999816894531,62.082759857177734,102.81454467773438,95.41250610351562,1.9329999685287476,55.099998474121094,1.1061947345733643,1519.0999755859375,2.5329999923706055,106.43800354003906,12.700691223144531,86.88999938964844,18.979999542236328
2019-09-06,35.364959716796875,53.34615707397461,2978.7099609375,1505.1700439453125,1.5499999523162842,98.38999938964844,62.33386993408203,102.52561950683594,95.18451690673828,1.909999966621399,56.52000045776367,1.1036310195922852,1506.199951171875,2.615499973297119,107.0719985961914,12.949051856994629,78.81999969482422,15.0
2019-09-13,36.213722229003906,54.51179122924805,3007.389892578125,1578.1400146484375,1.902999997138977,98.26000213623047,62.348175048828125,99.79618072509766,93.42376708984375,1.899999976158142,54.849998474121094,1.1058276891708374,1490.9000244140625,2.680999994277954,108.1760025024414,12.9404878616333,85.52999877929688,13.739999771118164
2019-09-20,35.673606872558594,54.19764709472656,2992.070068359375,1559.760009765625,1.7549999952316284,98.51000213623047,62.57708740234375,101.78921508789062,94.51917266845703,1.850000023841858,58.09000015258789,1.1048502922058105,1507.300048828125,2.5899999141693115,108.04100036621094,13.257363319396973,80.06999969482422,15.319999694824219
2019-09-27,34.84198760986328,53.709903717041016,2961.7900390625,1520.47998046875,1.6749999523162842,99.11000061035156,62.28377151489258,101.701171875,94.27577209472656,1.7300000190734863,55.90999984741211,1.0922753810882568,1499.0999755859375,2.5829999446868896,107.75599670410156,13.009001731872559,79.97000122070312,17.219999313354492
2019-10-04,35.12491226196289,53.04855728149414,2952.010009765625,1500.699951171875,1.5149999856948853,98.80999755859375,62.075233459472656,102.94100952148438,95.13389587402344,1.6549999713897705,52.810001373291016,1.0975382328033447,1506.199951171875,2.555500030517578,106.82599639892578,12.846282958984375,83.1500015258789,17.040000915527344
2019-10-11,35.776485443115234,54.18938446044922,2970.27001953125,1511.9000244140625,1.7519999742507935,98.30000305175781,62.319419860839844,101.58472442626953,93.99600982666016,1.6230000257492065,54.70000076293945,1.1011033058166504,1482.699951171875,2.618499994277954,107.87999725341797,13.094643592834473,79.86000061035156,15.579999923706055
2019-10-18,35.99081802368164,54.784603118896484,2986.199951171875,1535.47998046875,1.746999979019165,97.27999877929688,62.549251556396484,102.03416442871094,94.25609588623047,1.625,53.779998779296875,1.1127183437347412,1488.199951171875,2.625,108.58100128173828,13.060386657714844,78.3499984741211,14.25
2019-10-25,36.608089447021484,55.404605865478516,3022.550048828125,1558.7099609375,1.8009999990463257,97.83000183105469,62.76467514038086,102.08230590820312,94.3780288696289,1.625,56.65999984741211,1.1103955507278442,1499.5,2.6665000915527344,108.60600280761719,13.368697166442871,67.06999969482422,12.649999618530273
2019-11-01,37.05391311645508,56.231292724609375,3066.909912109375,1589.3299560546875,1.7280000448226929,97.23999786376953,62.61568832397461,102.5921859741211,94.4674301147461,1.4850000143051147,56.20000076293945,1.1157102584838867,1508.0,2.6510000228881836,107.99600219726562,13.368697166442871,57.279998779296875,12.300000190734863
2019-11-08,37.448280334472656,56.52891159057617,3093.080078125,1598.8599853515625,1.9329999685287476,98.3499984741211,62.63732147216797,101.1598129272461,93.93904876708984,1.5099999904632568,57.2400016784668,1.1019697189331055,1461.300048828125,2.677999973297119,109.27400207519531,13.368697166442871,64.44000244140625,12.069999694824219
2019-11-15,36.97675323486328,56.479305267333984,3120.4599609375,1596.449951171875,1.8339999914169312,98.0,62.70223617553711,102.0771484375,94.15852355957031,1.527999997138977,57.720001220703125,1.1020498275756836,1467.300048828125,2.634999990463257,108.49199676513672,13.343006134033203,61.70000076293945,12.050000190734863
2019-11-22,36.75384521484375,56.19823455810547,3110.2900390625,1588.93994140625,1.7740000486373901,98.2699966430664,62.521976470947266,102.57606506347656,94.7031478881836,1.5429999828338623,57.77000045776367,1.1065863370895386,1463.0999755859375,2.6475000381469727,108.58499908447266,13.368697166442871,62.16999816894531,12.34000015258789
2019-11-29,36.47092056274414,56.36357498168945,3140.97998046875,1624.5,1.7760000228881836,98.2699966430664,62.70223617553711,102.97843170166016,94.60563659667969,1.5399999618530273,55.16999816894531,1.101176142692566,1465.5999755859375,2.6419999599456787,109.51200103759766,13.111772537231445,56.56999969482422,12.619999885559082
2019-12-06,36.92531204223633,56.785179138183594,3145.909912109375,1633.8399658203125,1.8420000076293945,97.69999694824219,62.941925048828125,103.0155258178711,94.78788757324219,1.4800000190734863,59.20000076293945,1.1105434894561768,1459.0999755859375,2.7109999656677246,108.73799896240234,13.420083045959473,64.06999969482422,13.619999885559082
2019-12-13,38.08271026611328,57.58707809448242,3168.800048828125,1637.97998046875,1.819000005722046,97.16999816894531,63.43426513671875,103.59650421142578,95.04012298583984,1.5230000019073486,60.06999969482422,1.1186057329177856,1475.5999755859375,2.7804999351501465,109.41300201416016,13.591365814208984,56.439998626708984,12.630000114440918
2019-12-20,39.06256103515625,57.83452224731445,3221.219970703125,1671.9000244140625,1.9170000553131104,97.70999908447266,63.740814208984375,103.2787857055664,94.94993591308594,1.527999997138977,60.439998626708984,1.1125946044921875,1474.699951171875,2.811000108718872,109.38300323486328,13.796908378601074,54.189998626708984,12.510000228881836
2019-12-27,39.46535110473633,58.219085693359375,3240.02001953125,1669.030029296875,1.8739999532699585,96.91999816894531,63.886112213134766,103.76419067382812,94.99876403808594,1.5180000066757202,61.720001220703125,1.110111951828003,1513.800048828125,2.8364999294281006,109.54199981689453,13.99181842803955,55.29999923706055,13.430000305175781
2020-01-03,39.342769622802734,57.90975570678711,3234.85009765625,1660.8699951171875,1.7879999876022339,96.83999633789062,64.10418701171875,104.09585571289062,95.83759307861328,1.4730000495910645,63.04999923706055,1.1171437501907349,1549.199951171875,2.7985000610351562,108.54299926757812,14.061429023742676,60.119998931884766,14.020000457763672
2020-01-10,39.920692443847656,58.060245513916016,3265.35009765625,1657.6400146484375,1.8250000476837158,97.36000061035156,64.22766876220703,104.1201400756836,95.48738861083984,1.4980000257492065,59.040000915527344,1.1111111640930176,1557.5,2.81850004196167,109.50700378417969,13.809088706970215,53.31999969482422,12.5600004196167
2020-01-17,40.48110580444336,58.83772277832031,3329.6201171875,1699.6400146484375,1.8359999656677246,97.61000061035156,64.20588684082031,104.35478210449219,95.36524200439453,1.5230000019073486,58.540000915527344,1.1139578819274902,1558.800048828125,2.8494999408721924,110.17500305175781,13.722076416015625,49.66999816894531,12.100000381469727
2020-01-24,39.053802490234375,58.093685150146484,3295.469970703125,1662.22998046875,1.680999994277954,97.8499984741211,63.719032287597656,105.22850036621094,96.01673889160156,1.4900000095367432,54.189998626708984,1.1055220365524292,1571.0999755859375,2.685499906539917,109.552001953125,13.147784233093262,59.939998626708984,14.5600004196167
2020-01-31,36.873443603515625,56.413330078125,3225.52001953125,1614.06005859375,1.5199999809265137,97.38999938964844,63.60272979736328,106.05368041992188,96.96143341064453,1.5099999904632568,51.560001373291016,1.1029127836227417,1582.9000244140625,2.5199999809265137,108.87699890136719,12.68661117553711,72.9800033569336,18.84000015258789
2020-02-07,37.96800231933594,57.650596618652344,3327.7099609375,1656.780029296875,1.5779999494552612,98.68000030517578,64.19087219238281,106.00257873535156,96.60029602050781,1.5180000066757202,50.31999969482422,1.0982975959777832,1568.5999755859375,2.559000015258789,109.96800231933594,12.64310359954834,65.58999633789062,15.470000267028809
2020-02-14,38.70353317260742,57.85123825073242,3380.159912109375,1687.5799560546875,1.5880000591278076,99.12000274658203,64.5046615600586,106.23782348632812,96.64105987548828,1.534999966621399,52.04999923706055,1.0845986604690552,1582.699951171875,2.6054999828338623,109.75800323486328,12.747520446777344,62.380001068115234,13.680000305175781
2020-02-21,37.90670394897461,57.065406799316406,3337.75,1678.6099853515625,1.4709999561309814,99.26000213623047,64.45353698730469,106.8624038696289,97.17911529541016,1.5180000066757202,53.380001068115234,1.078799843788147,1644.5999755859375,2.618000030517578,111.9540023803711,12.860638618469238,74.54000091552734,17.079999923706055
2020-02-28,35.481163024902344,52.03268051147461,2954.219970703125,1476.4300537109375,1.1269999742507935,98.12999725341797,62.78257369995117,107.21112060546875,97.8558120727539,1.2300000190734863,44.7599983215332,1.0997228622436523,1564.0999755859375,2.5460000038146973,109.66000366210938,11.842577934265137,109.66999816894531,40.11000061035156
2020-03-06,35.13966369628906,51.62303924560547,2972.3701171875,1449.219970703125,0.7059999704360962,95.94999694824219,62.33548355102539,109.19465637207031,99.90208435058594,0.41499999165534973,41.279998779296875,1.1223849058151245,1670.800048828125,2.572999954223633,106.24800109863281,11.625042915344238,125.20999908447266,41.939998626708984
2020-03-13,31.64583396911621,44.23279571533203,2711.02001953125,1210.1300048828125,0.9509999752044678,98.75,58.67086410522461,100.07002258300781,93.03761291503906,0.24300000071525574,31.729999542236328,1.1184931993484497,1515.699951171875,2.4739999771118164,104.61000061035156,10.537370681762695,138.39999389648438,49.312300300598146
2020-03-20,27.460250854492188,39.33382797241211,2304.919921875,1013.8900146484375,0.9380000233650208,102.81999969482422,51.1217041015625,86.80594635009766,94.4561538696289,0.003000000026077032,22.43000030517578,1.0657345056533813,1484.0,2.190500020980835,111.29100036621094,10.484449758529664,133.3699951171875,49.312300300598146
2020-03-27,29.202781677246094,44.19099044799805,2541.469970703125,1131.989990234375,0.7490000128746033,98.37000274658203,56.45740509033203,99.56581115722656,98.03517150878906,0.003000000026077032,21.510000228881836,1.1048258543014526,1623.9000244140625,2.197000026702881,109.10900115966797,10.484449758529664,88.33000183105469,49.312300300598146
2020-04-03,29.010143280029297,42.552433013916016,2488.64990234375,1052.050048828125,0.6581799900531768,100.58000183105469,54.17748260498047,98.73198699951172,99.0634994506836,0.057999998331069946,28.34000015258789,1.0847399234771729,1633.699951171875,2.2100000381469727,108.0009994506836,10.484449758529664,65.01000213623047,46.79999923706055
2020-04-10,30.954076766967773,46.45655822753906,2789.820068359375,1246.72998046875,0.7289999723434448,99.5199966430664,60.66694641113281,107.48011016845703,99.22676849365234,0.20999999344348907,22.760000228881836,1.0927408933639526,1736.199951171875,2.2774999141693115,108.56099700927734,10.484449758529664,74.38999938964844,41.66999816894531
2020-04-17,31.75090980529785,46.59868240356445,2874.56005859375,1229.0999755859375,0.6581799900531768,99.77999877929688,59.731502532958984,106.4446792602539,98.46742248535156,0.10300000011920929,20.33849977493286,1.0858471393585205,1689.199951171875,2.3534998893737793,107.94499969482422,10.484449758529664,69.83999633789062,38.150001525878906
2020-04-24,31.15547752380371,46.15559387207031,2836.739990234375,1233.050048828125,0.6581799900531768,100.37999725341797,57.691097259521484,105.90657043457031,99.76567077636719,0.10000000149011612,20.33849977493286,1.077702283859253,1723.5,2.3480000495910645,107.66699981689453,10.484449758529664,66.08999633789062,35.93000030517578
2020-05-01,30.927806854248047,46.264278411865234,2830.7099609375,1260.47998046875,0.6581799900531768,98.80000305175781,58.223392486572266,104.8945541381836,99.04552459716797,0.09300000220537186,20.33849977493286,1.094546914100647,1694.5,2.31850004196167,107.28500366210938,10.484449758529664,48.11000061035156,37.189998626708984
2020-05-08,32.2587890625,47.51827621459961,2929.800048828125,1329.6400146484375,0.6819999814033508,99.7300033569336,59.01516342163086,103.52149963378906,99.3647232055664,0.0949999988079071,24.739999771118164,1.0837171077728271,1709.9000244140625,2.4084999561309814,106.35900115966797,10.484449758529664,57.400001525878906,27.979999542236328
2020-05-15,31.549510955810547,46.11379623413086,2863.699951171875,1256.989990234375,0.6581799900531768,100.4000015258789,58.24559020996094,105.06623840332031,99.48751068115234,0.10300000011920929,29.43000030517578,1.0806955099105835,1753.4000244140625,2.3334999084472656,107.36499786376953,10.484449758529664,56.529998779296875,31.889999389648438
2020-05-22,31.899776458740234,47.610233306884766,2955.449951171875,1355.530029296875,0.6581799900531768,99.86000061035156,60.11039733886719,106.82344818115234,99.61026000976562,0.10999999940395355,33.25,1.0952903032302856,1734.5999755859375,2.4089999198913574,107.63099670410156,10.484449758529664,51.66999816894531,28.15999984741211
2020-05-29,33.038108825683594,49.85908126831055,3044.31005859375,1394.0400390625,0.6581799900531768,98.33999633789062,60.99101257324219,107.9023666381836,99.69213104248047,0.12800000607967377,35.4900016784668,1.1079105138778687,1736.9000244140625,2.426500082015991,107.64299774169922,10.484449758529664,51.54999923706055,27.510000228881836
2020-06-05,35.831424713134766,53.35356521606445,3193.929931640625,1507.1500244140625,0.9039999842643738,96.94000244140625,62.744964599609375,108.36275482177734,98.88180541992188,0.14499999582767487,39.54999923706055,1.1337867975234985,1676.199951171875,2.556999921798706,109.1500015258789,10.720099449157715,61.970001220703125,24.520000457763672
2020-06-12,34.91199493408203,51.24684524536133,3041.31005859375,1387.6800537109375,0.6990000009536743,97.31999969482422,61.24430465698242,108.42829132080078,99.71671295166016,0.15000000596046448,36.2599983215332,1.1288082599639893,1729.300048828125,2.6015000343322754,106.8030014038086,10.484449758529664,55.810001373291016,36.09000015258789
2020-06-19,35.158599853515625,51.753868103027344,3097.739990234375,1418.6300048828125,0.6970000267028809,97.62000274658203,61.571197509765625,109.78016662597656,100.28963470458984,0.14300000667572021,39.75,1.1211000680923462,1745.9000244140625,2.615000009536743,107.00599670410156,10.728801727294922,53.45000076293945,35.119998931884766
2020-06-26,35.176212310791016,51.28753662109375,3009.050048828125,1378.780029296875,0.6581799900531768,97.5,60.42713165283203,109.3787612915039,100.72344207763672,0.13300000131130219,38.4900016784668,1.1222084760665894,1772.5,2.671999931335449,107.15499877929688,10.485161781311035,51.209999084472656,34.72999954223633
2020-07-03,36.42684555053711,52.372806549072266,3130.010009765625,1431.8599853515625,0.6690000295639038,97.31999969482422,61.27150344848633,110.90428161621094,101.01807403564453,0.13300000131130219,40.650001525878906,1.1237848997116089,1784.0,2.7335000038146973,107.49700164794922,10.8419189453125,50.959999084472656,27.68000030517578
2020-07-10,38.08261489868164,52.847618103027344,3185.0400390625,1422.6800537109375,0.6581799900531768,96.6500015258789,61.54009246826172,111.5776596069336,101.21454620361328,0.11999999731779099,40.54999923706055,1.1287955045700073,1798.199951171875,2.88700008392334,107.23600006103516,11.015946388244629,49.189998626708984,27.290000915527344
2020-07-17,37.66867446899414,53.84809875488281,3224.72998046875,1473.3199462890625,0.6581799900531768,95.94000244140625,62.30851364135742,112.7684326171875,101.7874755859375,0.10499999672174454,40.59000015258789,1.139211654663086,1808.300048828125,2.887500047683716,107.27799987792969,11.015946388244629,45.68000030517578,25.68000030517578
2020-07-24,37.994537353515625,53.63612747192383,3215.6298828125,1467.550048828125,0.6581799900531768,94.44000244140625,63.11421203613281,113.42538452148438,102.18035888671875,0.09799999743700027,41.290000915527344,1.1596084833145142,1897.300048828125,2.881999969482422,106.83799743652344,11.224780082702637,43.57429920196533,25.84000015258789
2020-07-31,38.126644134521484,52.61021041870117,3271.1201171875,1480.4300537109375,0.6581799900531768,93.48999786376953,63.70358657836914,113.61430358886719,103.01521301269531,0.08299999684095383,40.27000045776367,1.1872254610061646,1962.800048828125,2.8589999675750732,104.68299865722656,11.2595853805542,43.57429920196533,24.459999084472656
2020-08-07,38.63746643066406,53.94984436035156,3351.280029296875,1569.1800537109375,0.6581799900531768,93.44000244140625,63.794189453125,113.96851875305177,103.2689208984375,0.08799999952316284,41.220001220703125,1.1876484155654907,2010.0999755859375,2.7904999256134033,105.58100128173828,11.459716796875,43.57429920196533,22.209999084472656
2020-08-14,38.96333694458008,54.94185256958008,3372.85009765625,1577.8800048828125,0.7089999914169312,93.0999984741211,62.97779083251953,111.43751525878906,102.54866790771484,0.08799999952316284,42.0099983215332,1.1816558837890625,1937.0,2.8559999465942383,106.98600006103516,11.520626068115234,43.57429920196533,22.049999237060547
2020-08-21,38.998558044433594,54.61965560913086,3397.159912109375,1552.47998046875,0.6581799900531768,93.25,63.47212600708008,112.29341125488281,103.17071533203125,0.08799999952316284,42.34000015258789,1.1873664855957031,1934.5999755859375,2.9135000705718994,105.66500091552734,11.572834968566895,45.13999938964844,22.540000915527344
2020-08-28,40.11709213256836,55.51840591430664,3508.010009765625,1578.3399658203125,0.7289999723434448,92.37000274658203,63.77919387817383,111.1001205444336,103.46538543701172,0.0949999988079071,42.970001220703125,1.1819632053375244,1964.5999755859375,2.994999885559082,106.63700103759766,11.790369987487793,48.189998626708984,22.959999084472656
2020-09-04,39.05140686035156,54.70444107055664,3426.9599609375,1535.300048828125,0.7210000157356262,92.72000122070312,63.5396842956543,111.30111694335938,103.35078430175781,0.10300000011920929,39.77000045776367,1.1839784383773804,1923.9000244140625,3.0464999675750732,106.08599853515625,11.433613777160645,47.040000915527344,30.75
2020-09-11,38.69031524658203,54.94185256958008,3340.969970703125,1497.27001953125,0.6690000295639038,93.33000183105469,63.509586334228516,111.64749908447266,103.53903198242188,0.10300000011920929,37.33000183105469,1.1824384927749634,1937.800048828125,3.0339999198913574,106.14299774169922,11.224780082702637,43.57429920196533,26.8700008392334
2020-09-18,39.20994567871094,55.22163391113281,3319.469970703125,1536.780029296875,0.6940000057220459,92.93000030517578,63.38926696777344,111.94440460205078,103.51448059082031,0.08299999684095383,41.11000061035156,1.1848200559616089,1952.0999755859375,3.1135001182556152,104.697998046875,11.685952186584473,43.57429920196533,25.829999923706055
2020-09-25,37.818389892578125,53.48351287841797,3298.4599609375,1474.9100341796875,0.6589999794960022,94.58000183105469,62.381526947021484,110.69902038574219,103.46538543701172,0.09000000357627869,40.25,1.1673243045806885,1857.699951171875,2.9730000495910645,105.43499755859375,11.26828670501709,43.57429920196533,26.3799991607666
2020-10-02,38.7431640625,54.170284271240234,3348.419921875,1539.300048828125,0.6959999799728394,93.83999633789062,63.312721252441406,111.42884063720703,103.53657531738281,0.08500000089406967,37.04999923706055,1.1744946241378784,1900.199951171875,2.9784998893737793,105.54299926757812,11.085556983947754,43.57429920196533,27.6299991607666
2020-10-09,40.36369323730469,55.68796920776367,3477.139892578125,1637.550048828125,0.7749999761581421,93.05999755859375,64.15863037109375,111.52799987792969,103.67617797851562,0.09300000220537186,40.599998474121094,1.1767003536224365,1919.5,3.0794999599456787,106.01799774169922,11.607640266418457,57.52000045776367,25.0
2020-10-16,40.12590408325195,54.89097213745117,3483.81005859375,1633.81005859375,0.7440000176429749,93.68000030517578,63.916927337646484,111.86690521240234,103.75005340576172,0.09000000357627869,40.880001068115234,1.1707134246826172,1900.800048828125,3.065000057220459,105.36000061035156,11.546731948852539,57.25,27.40999984741211
2020-10-23,40.795249938964844,55.09447479248047,3465.389892578125,1640.5,0.8410000205039978,92.7699966430664,64.09818267822266,111.27177429199219,103.3476791381836,0.08299999684095383,39.849998474121094,1.1815024614334106,1902.0,3.125499963760376,104.9209976196289,11.538029670715332,58.459999084472656,27.549999237060547
2020-10-30,39.377281188964844,52.05061721801758,3269.9599609375,1538.47998046875,0.8600000143051147,94.04000091552734,63.350486755371094,110.53611755371094,102.83856201171875,0.08299999684095383,35.790000915527344,1.1678695678710938,1877.4000244140625,3.0434999465942383,104.55400085449219,11.007244110107422,61.90999984741211,38.02000045776367
2020-11-06,42.21322250366211,56.13734436035156,3509.43994140625,1648.260009765625,0.8199999928474426,92.2300033569336,64.64675903320312,112.80816650390625,102.91924285888672,0.08299999684095383,37.13999938964844,1.1817537546157837,1950.300048828125,3.1489999294281006,103.60299682617188,11.407508850097656,43.57429920196533,24.860000610351562
2020-11-13,42.56550598144531,58.81660079956055,3585.14990234375,1744.0400390625,0.8930000066757202,92.76000213623047,64.80606079101562,112.4520492553711,103.18268585205078,0.08299999684095383,40.130001068115234,1.1803393363952637,1885.699951171875,3.17549991607666,105.08999633789062,11.616342544555664,43.57429920196533,23.100000381469727
2020-11-20,43.20844268798828,59.64751434326172,3557.5400390625,1785.3399658203125,0.8289999961853027,92.38999938964844,65.17015075683594,113.95128631591797,103.58609771728516,0.057999998331069946,42.150001525878906,1.1866477727890015,1872.5999755859375,3.2934999465942383,103.82499694824219,11.83387565612793,43.57429920196533,23.700000762939453
2020-11-27,44.07154846191406,60.80061340332031,3638.35009765625,1855.27001953125,0.8420000076293945,91.79000091552734,65.54182434082031,113.96851875305177,103.96479034423828,0.0729999989271164,45.529998779296875,1.191599726676941,1781.9000244140625,3.3994998931884766,104.24199676513672,12.199335098266602,43.57429920196533,20.84000015258789
2020-12-04,44.78493881225586,61.50434494018555,3699.1201171875,1892.449951171875,0.968999981880188,90.69999694824219,66.13678741455078,113.70578002929688,103.9836654663086,0.07500000298023224,46.2599983215332,1.2145650386810303,1835.9000244140625,3.5139999389648438,103.822998046875,12.216737747192383,43.88999938964844,20.790000915527344
2020-12-11,44.670448303222656,61.1991081237793,3663.4599609375,1911.699951171875,0.8930000066757202,90.9800033569336,66.00733947753906,113.93817901611328,104.52758026123047,0.06499999761581421,46.56999969482422,1.2144293785095215,1839.800048828125,3.5239999294281006,104.18199920654297,12.390764236450195,47.52000045776367,23.309999465942383
2020-12-18,45.37252426147461,62.212730407714844,3709.409912109375,1969.989990234375,0.9480000138282776,90.0199966430664,66.28135681152344,113.96851875305177,104.71963500976562,0.07999999821186066,49.099998474121094,1.226271629333496,1885.699951171875,3.628499984741211,103.13099670410156,12.782326698303223,44.63999938964844,21.56999969482422
2020-12-25,44.60726547241211,61.947349548339844,3703.06005859375,2003.949951171875,0.9279999732971191,90.33000183105469,66.56429290771484,113.96851875305177,104.89273834228516,0.07500000298023224,48.22999954223633,1.2184720039367676,1879.9000244140625,3.559999942779541,103.65299987792969,12.704015731811523,43.57429920196533,21.530000686645508
2021-01-01,45.97760009765625,62.46099853515625,3756.070068359375,1974.8599853515625,0.9169999957084656,89.94000244140625,66.75544738769531,113.96851875305177,105.22244262695312,0.06499999761581421,48.52000045776367,1.218026876449585,1893.0999755859375,3.5139999389648438,103.22599792480469,12.791028022766113,48.97999954223633,22.75
2021-01-08,48.68269729614258,64.83241271972656,3824.679931640625,2091.659912109375,1.1050000190734863,90.0999984741211,66.80895233154297,112.90678405761719,104.51354217529297,0.07999999821186066,52.2400016784668,1.227144479751587,1834.0999755859375,3.6735000610351562,103.79000091552734,13.260903358459473,44.810001373291016,21.559999465942383
2021-01-15,48.36235427856445,63.693782806396484,3768.25,2123.199951171875,1.097000002861023,90.77999877929688,66.61017608642578,113.22283172607422,104.82679748535156,0.07500000298023224,52.36000061035156,1.2151259183883667,1829.300048828125,3.6029999256134033,103.8280029296875,13.3131103515625,45.13999938964844,24.34000015258789
2021-01-22,49.67930603027344,64.33585357666016,3841.469970703125,2168.760009765625,1.090999960899353,90.23999786376953,66.75544738769531,112.85686492919922,105.32137298583984,0.07000000029802322,52.27000045776367,1.2166293859481812,1855.699951171875,3.635499954223633,103.50599670410156,13.130382537841797,43.57429920196533,21.90999984741211
2021-01-29,47.43693161010742,61.9730339050293,3714.239990234375,2073.639892578125,1.093000054359436,90.58000183105469,66.50309753417969,112.77371978759766,105.5027084350586,0.04800000041723251,52.20000076293945,1.2120037078857422,1847.300048828125,3.573499917984009,104.29100036621094,13.217395782470703,47.40999984741211,33.09000015258789
2021-02-05,50.04413604736328,63.95917510986328,3886.830078125,2233.330078125,1.1699999570846558,91.04000091552734,67.16931915283203,112.32124328613281,105.27191925048828,0.023000000044703484,56.849998474121094,1.1966731548309326,1810.9000244140625,3.6389999389648438,105.5719985961914,13.809088706970215,47.20000076293945,20.8700008392334
2021-02-12,51.43227767944336,65.32894134521484,3934.830078125,2289.360107421875,1.2000000476837158,90.4800033569336,67.36882019042969,112.22954559326172,105.22244262695312,0.03500000014901161,59.470001220703125,1.2131506204605103,1821.5999755859375,3.802000045776367,104.74099731445312,14.200652122497559,47.0099983215332,19.969999313354492
2021-02-19,51.192020416259766,65.2775650024414,3906.7099609375,2266.68994140625,1.3450000286102295,90.36000061035156,67.15393829345703,110.97126770019531,103.78815460205078,0.023000000044703484,59.2400016784668,1.209189772605896,1775.800048828125,4.090000152587891,105.6520004272461,14.374679565429688,60.43000030517578,22.049999237060547
2021-02-26,47.81066131591797,63.359893798828125,3811.14990234375,2201.050048828125,1.4600000381469727,90.93000030517578,66.3404312133789,110.22132873535156,103.72222137451172,0.03500000014901161,61.5,1.2160420417785645,1728.0999755859375,4.0945000648498535,106.37899780273438,14.557409286499023,75.66000366210938,27.950000762939453
2021-03-05,47.8996467590332,63.89069747924805,3841.93994140625,2192.2099609375,1.5540000200271606,91.9800033569336,66.71551513671875,108.35005950927734,103.24411010742188,0.02800000086426735,66.08999633789062,1.1967735290527344,1698.0,4.086999893188477,107.95500183105469,15.114296913146973,69.37000274658203,24.65999984741211
2021-03-12,48.04201889038086,65.30326080322266,3943.340087890625,2352.7900390625,1.6349999904632568,91.68000030517578,66.59226989746094,107.47333526611328,103.06275177001953,0.02500000037252903,65.61000061035156,1.1986095905303955,1719.5,4.145500183105469,108.55500030517578,15.157803535461426,70.83000183105469,20.690000534057617
2021-03-19,48.12210464477539,65.43167877197266,3913.10009765625,2287.550048828125,1.7319999933242798,91.91999816894531,66.2842025756836,107.40653228759766,102.95561218261719,0.004999999888241291,61.41999816894531,1.1918240785598755,1741.4000244140625,4.123499870300293,108.93099975585938,14.64442253112793,68.80000305175781,20.950000762939453
2021-03-26,47.40134048461914,65.57720184326172,3974.5400390625,2221.47998046875,1.659999966621399,92.7699966430664,66.94657135009766,108.23316192626953,103.8870849609375,0.014999999664723873,60.970001220703125,1.1776621341705322,1732.199951171875,4.078499794006348,109.17900085449219,14.592214584350586,61.4900016784668,18.860000610351562
2021-04-02,47.926334381103516,65.79979705810547,4019.8701171875,2253.89990234375,1.6790000200271606,92.93000030517578,67.28902435302734,109.27326965332031,103.74765014648438,0.00800000037997961,61.45000076293945,1.177994966506958,1726.5,4.003499984741211,110.61299896240234,14.69662857055664,64.98999786376953,17.329999923706055
2021-04-09,47.65049362182617,66.7671890258789,4128.7998046875,2243.469970703125,1.6660000085830688,92.16000366210938,67.38947296142578,109.42382049560547,103.58242797851562,0.003000000026077032,59.31999969482422,1.1915684938430786,1743.300048828125,4.05049991607666,109.33000183105469,14.60091495513916,61.209999084472656,16.690000534057617
2021-04-16,48.36235427856445,67.8801040649414,4185.47021484375,2262.669921875,1.5729999542236328,91.55999755859375,67.4667739868164,109.65811157226562,104.50784301757812,0.00800000037997961,63.130001068115234,1.1971746683120728,1779.0,4.179999828338623,108.68900299072266,15.175206184387207,62.56999969482422,16.25
2021-04-23,48.61150360107422,67.69178771972656,4180.169921875,2271.860107421875,1.5670000314712524,90.86000061035156,67.52084350585938,110.16004943847656,104.66483306884766,0.014999999664723873,62.13999938964844,1.2014753818511963,1777.0,4.3429999351501465,107.97799682617188,15.34923267364502,59.97999954223633,17.329999923706055
2021-04-30,48.03311538696289,66.86990356445312,4181.169921875,2266.449951171875,1.63100004196167,91.27999877929688,67.57494354248047,109.72500610351562,104.92921447753906,0.003000000026077032,63.58000183105469,1.2127091884613037,1767.300048828125,4.479000091552734,108.90399932861328,15.5841703414917,58.130001068115234,18.610000610351562
2021-05-07,48.66489791870117,68.83894348144531,4232.60009765625,2271.6298828125,1.5770000219345093,90.2300033569336,67.71762084960938,110.44176483154297,106.00360870361328,0.00800000037997961,64.9000015258789,1.2068549394607544,1831.0999755859375,4.765999794006348,109.05000305175781,16.297683715820312,54.130001068115234,16.690000534057617
2021-05-14,47.11659240722656,68.11124420166016,4173.85009765625,2224.6298828125,1.6349999904632568,90.31999969482422,67.6246109008789,109.8549575805664,105.9870376586914,0.004999999888241291,65.37000274658203,1.207729458808899,1837.9000244140625,4.664000034332275,109.51599884033203,16.01923942565918,54.9900016784668,18.809999465942383
2021-05-21,47.2856559753418,68.51361846923828,4155.85986328125,2215.27001953125,1.6319999694824219,90.0199966430664,67.54707336425781,109.99747467041016,105.63027954101562,0.003000000026077032,63.58000183105469,1.222538709640503,1876.699951171875,4.495999813079834,108.86000061035156,15.79300308227539,54.59000015258789,20.149999618530273
2021-05-28,48.8250617980957,69.1985092163086,4204.10986328125,2268.969970703125,1.5809999704360962,90.02999877929688,67.60130310058594,110.40819549560547,106.00360870361328,0.00800000037997961,66.31999969482422,1.2193188667297363,1902.5,4.682499885559082,109.80899810791016,16.184566497802734,52.040000915527344,16.760000228881836
2021-06-04,49.82168197631836,69.92618560791016,4229.89013671875,2286.409912109375,1.559999942779541,90.13999938964844,67.89774322509766,110.94322967529297,106.32975006103516,0.014999999664723873,69.62000274658203,1.2133007049560547,1889.800048828125,4.537499904632568,110.26599884033203,16.602231979370117,49.779998779296875,16.420000076293945
2021-06-11,49.41422653198242,70.29228210449219,4247.43994140625,2335.81005859375,1.4620000123977661,90.55999755859375,68.17002868652344,112.27030181884766,106.48824310302734,0.017999999225139618,70.91000366210938,1.2172558307647705,1877.4000244140625,4.541500091552734,109.40899658203125,16.724050521850586,50.849998474121094,15.649999618530273
2021-06-18,48.46687316894531,68.14012145996094,4166.4501953125,2237.75,1.4500000476837158,92.2300033569336,68.02220916748047,112.8330078125,106.07951354980469,0.02800000086426735,71.63999938964844,1.1913414001464844,1767.9000244140625,4.162499904632568,110.32499694824219,16.201969146728516,60.45000076293945,20.700000762939453
2021-06-25,49.60190963745117,69.40711975097656,4280.7001953125,2334.39990234375,1.5360000133514404,91.80999755859375,68.41124725341797,112.1106948852539,106.41316223144531,0.0430000014603138,74.05000305175781,1.1930327415466309,1776.5999755859375,4.298999786376953,110.9209976196289,16.5239200592041,55.58000183105469,15.619999885559082
2021-07-02,48.95841598510742,68.85172271728516,4352.33984375,2305.760009765625,1.430999994277954,92.2300033569336,68.74037170410156,113.0711441040039,107.32843780517578,0.03799999877810478,75.16000366210938,1.1846235990524292,1782.5999755859375,4.2820000648498535,111.5719985961914,16.967689514160156,52.40999984741211,15.069999694824219
2021-07-09,47.85913848876953,69.04263305664062,4369.5498046875,2280.0,1.3559999465942383,92.12999725341797,68.69353485107422,113.44982147216797,107.40397644042969,0.0430000014603138,74.55999755859375,1.184800386428833,1810.0,4.352499961853027,109.8010025024414,16.637039184570312,59.91999816894531,16.18000030517578
2021-07-16,47.89488220214844,67.96656799316406,4327.16015625,2163.239990234375,1.2999999523162842,92.69000244140625,68.4359359741211,113.5760269165039,108.30232238769531,0.03799999877810478,71.80999755859375,1.1811814308166504,1814.5,4.332499980926514,109.77799987792969,16.55002212524414,58.2400016784668,18.450000762939453
2021-07-23,46.929664611816406,68.74759674072266,4411.7900390625,2209.64990234375,1.2860000133514404,92.91000366210938,68.65448760986328,113.96851875305177,108.83963012695312,0.04500000178813934,72.06999969482422,1.1772738695144653,1801.4000244140625,4.406499862670898,110.13999938964844,16.66314125061035,65.27999877929688,17.200000762939453
2021-07-30,46.11636734008789,68.98190307617188,4395.259765625,2226.25,1.2389999628067017,92.16999816894531,68.56864929199219,113.96851875305177,109.6288070678711,0.03999999910593033,73.94999694824219,1.1892997026443481,1812.5999755859375,4.480500221252441,109.40899658203125,16.967689514160156,61.189998626708984,18.239999771118164
2021-08-06,46.42023849487305,69.69348907470703,4436.52001953125,2247.760009765625,1.2899999618530273,92.80000305175781,68.43002319335938,113.51800537109375,108.92530059814453,0.0430000014603138,68.27999877929688,1.1835720539093018,1760.0,4.3454999923706055,109.75199890136719,16.541324615478516,62.63999938964844,16.149999618530273
2021-08-13,46.2325553894043,70.6567611694336,4468.0,2223.110107421875,1.2970000505447388,92.5199966430664,68.4926986694336,113.87203216552734,109.2039794921875,0.04500000178813934,68.44000244140625,1.173626184463501,1775.199951171875,4.38700008392334,110.40299987792969,16.593530654907227,55.45000076293945,15.449999809265137
2021-08-20,44.23953628540039,68.94718933105469,4441.669921875,2167.60009765625,1.2599999904632568,93.5,68.3595199584961,113.96851875305177,108.73946380615234,0.0430000014603138,62.31999969482422,1.1676595211029053,1781.0,4.134500026702881,109.76799774169922,15.575469970703125,59.95000076293945,18.559999465942383
2021-08-27,46.1074333190918,70.03194427490234,4509.3701171875,2277.14990234375,1.312000036239624,92.69000244140625,68.88423919677734,113.96851875305177,109.7867431640625,0.0430000014603138,68.73999786376953,1.1756407022476196,1816.5999755859375,4.316500186920166,110.0479965209961,16.70665168762207,57.97999954223633,16.389999389648438
2021-09-03,47.47483825683594,71.22083282470703,4535.43017578125,2292.050048828125,1.3220000267028809,92.04000091552734,69.13924407958984,113.96851875305177,109.385986328125,0.03999999910593033,69.29000091552734,1.1876484155654907,1830.9000244140625,4.325500011444092,109.94499969482422,16.819766998291016,53.2599983215332,16.40999984741211
2021-09-10,46.91178512573242,70.4311294555664,4458.580078125,2227.550048828125,1.340999960899353,92.58000183105469,68.99783325195312,113.96851875305177,109.82823944091797,0.03799999877810478,69.72000122070312,1.1825922727584839,1789.5999755859375,4.447999954223633,109.78099822998047,16.845869064331055,51.72999954223633,20.950000762939453
2021-09-17,45.91080856323242,69.8583755493164,4432.990234375,2236.8701171875,1.3700000047683716,93.19999694824219,69.13136291503906,113.96851875305177,109.45401000976562,0.02800000086426735,71.97000122070312,1.176747441291809,1749.4000244140625,4.245500087738037,109.6989974975586,16.98509407043457,56.060001373291016,20.809999465942383
2021-09-24,45.38351058959961,69.684814453125,4455.47998046875,2248.070068359375,1.4600000381469727,93.33000183105469,69.0606460571289,113.93421936035156,108.70565032958984,0.02500000037252903,73.9800033569336,1.1740258932113647,1749.699951171875,4.287499904632568,110.32599639892578,17.333148956298828,58.459999084472656,17.75
2021-10-01,44.98133850097656,67.8624267578125,4357.0400390625,2241.6298828125,1.4789999723434448,94.04000091552734,68.89547729492188,113.15467834472656,109.06610870361328,0.02800000086426735,75.87999725341797,1.1574475765228271,1757.0,4.19350004196167,111.46099853515625,17.794321060180664,57.380001068115234,21.100000381469727
2021-10-08,45.41925811767578,67.67151641845703,4391.33984375,2233.090087890625,1.6050000190734863,94.06999969482422,68.38313293457031,111.52173614501953,109.04051208496094,0.03999999910593033,79.3499984741211,1.1559758186340332,1756.300048828125,4.2829999923706055,111.66200256347656,18.290302276611328,59.650001525878906,18.770000457763672
2021-10-15,46.42023849487305,69.40711975097656,4471.3701171875,2265.64990234375,1.5759999752044678,93.94000244140625,68.74571990966797,112.71470642089844,109.70610809326172,0.03799999877810478,82.27999877929688,1.159151554107666,1767.199951171875,4.734000205993652,113.83399963378906,18.864591598510742,62.70000076293945,16.299999237060547
2021-10-22,46.50960922241211,69.8583755493164,4544.89990234375,2291.27001953125,1.6549999713897705,93.61000061035156,68.44619750976562,111.94476318359375,109.87678527832031,0.05000000074505806,83.76000213623047,1.1625338792800903,1795.5,4.526000022888184,113.8499984741211,18.803682327270508,72.04000091552734,15.430000305175781
2021-10-29,45.50863265991211,69.84969329833984,4605.3798828125,2297.18994140625,1.5570000410079956,94.12000274658203,68.51714324951172,112.9346923828125,109.79998016357422,0.04800000041723251,83.56999969482422,1.1683608293533325,1783.0,4.375500202178955,113.61599731445312,18.57744598388672,75.44999694824219,16.260000228881836
2021-11-05,45.50863265991211,71.01255798339844,4697.52978515625,2437.080078125,1.4529999494552612,94.31999969482422,69.18685913085938,113.96851875305177,110.35818916320801,0.03999999910593033,81.2699966430664,1.1555349826812744,1816.4000244140625,4.348999977111816,113.83699798583984,18.429521560668945,66.9000015258789,16.479999542236328
2021-11-12,46.47385787963867,70.6220703125,4682.85009765625,2411.780029296875,1.5820000171661377,95.12999725341797,68.67290496826172,112.73291778564453,110.35818916320801,0.0430000014603138,80.79000091552734,1.145081877708435,1867.9000244140625,4.45550012588501,114.04299926757812,18.560043334960938,78.61000061035156,16.290000915527344
2021-11-19,45.50863265991211,69.71952819824219,4697.9599609375,2343.159912109375,1.5360000133514404,96.06999969482422,68.44359588623047,112.81766510009766,110.35818916320801,0.04500000178813934,76.0999984741211,1.1368415355682373,1851.199951171875,4.4085001945495605,114.28199768066406,18.142377853393555,73.38999938964844,17.90999984741211
2021-11-26,43.52455520629883,66.93387603759766,4594.6201171875,2245.93994140625,1.4819999933242798,96.08999633789062,67.58173370361328,112.47856140136719,110.35818916320801,0.0430000014603138,68.1500015258789,1.1209630966186523,1785.300048828125,4.281499862670898,115.06900024414062,17.428863525390625,89.44999694824219,28.6200008392334
2021-12-03,43.7211799621582,66.84709167480469,4538.43017578125,2159.31005859375,1.343000054359436,96.12000274658203,68.22547912597656,113.96851875305177,110.35818916320801,0.0430000014603138,66.26000213623047,1.1306205987930298,1782.0,4.266499996185303,113.02200317382812,16.967689514160156,79.13999938964844,30.670000076293945
2021-12-10,44.75790023803711,68.61742401123047,4712.02001953125,2211.81005859375,1.4889999628067017,96.05000305175781,68.7252426147461,112.77442932128906,109.985107421875,0.05000000074505806,71.66999816894531,1.1293309926986694,1782.9000244140625,4.2829999923706055,113.447998046875,17.689905166625977,74.36000061035156,18.690000534057617
2021-12-17,43.658287048339844,67.67447662353516,4620.64013671875,2173.929931640625,1.4019999504089355,96.56999969482422,68.75342559814453,113.1791763305664,110.07720947265625,0.029999999329447746,70.86000061035156,1.1334141492843628,1803.800048828125,4.290999889373779,113.66300201416016,17.428863525390625,72.45999908447266,21.56999969482422
2021-12-24,44.16594314575195,69.31668090820312,4725.7900390625,2241.580078125,1.4930000305175781,96.0199966430664,69.38229370117188,112.91536712646484,110.35818916320801,0.057999998331069946,73.79000091552734,1.132733702659607,1811.199951171875,4.38700008392334,114.45800018310547,17.97705078125,77.29000091552734,17.959999084472656
2021-12-31,44.30751419067383,69.61019134521484,4766.18017578125,2245.31005859375,1.5119999647140503,95.66999816894531,69.26286315917969,112.76221466064453,110.35818916320801,0.032999999821186066,75.20999908447266,1.132502794265747,1827.5,4.454999923706055,115.06300354003906,18.08146858215332,77.0999984741211,17.219999313354492
2022-01-07,44.343788146972656,69.68980407714844,4677.02978515625,2179.81005859375,1.7710000276565552,95.73999786376953,68.35539245605469,110.37969207763672,108.63995361328125,0.08799999952316284,78.9000015258789,1.1296881437301636,1797.0,4.4029998779296875,115.86499786376953,18.48172950744629,74.69000244140625,18.760000228881836
2022-01-14,45.450347900390625,69.8932876586914,4662.85009765625,2162.4599609375,1.7719999551773071,95.16999816894531,68.53053283691406,109.90316009521484,108.36453247070312,0.11800000071525574,83.81999969482422,1.1457115411758423,1816.5,4.411499977111816,114.11799621582031,18.95160675048828,76.58999633789062,19.190000534057617
2022-01-21,44.44356155395508,67.53992462158203,4397.93994140625,1987.9200439453125,1.746999979019165,95.63999938964844,68.01309967041016,109.68190002441406,108.42477416992188,0.15800000727176666,85.13999938964844,1.1313753128051758,1831.800048828125,4.512499809265137,113.99299621582031,19.151735305786133,81.02999877929688,28.850000381469727
2022-01-28,42.89257049560547,66.11551666259766,4431.85009765625,1968.510009765625,1.781999945640564,97.2699966430664,67.40811920166016,108.66083526611328,108.6141128540039,0.17299999296665192,86.81999969482422,1.1147029399871826,1784.9000244140625,4.302999973297119,115.35199737548828,19.43888282775879,85.29000091552734,27.65999984741211
2022-02-04,44.13518142700195,67.3010482788086,4500.52978515625,2002.3599853515625,1.9299999475479126,95.4800033569336,66.92472076416016,106.94886016845703,107.01448822021484,0.22300000488758087,92.30999755859375,1.14357590675354,1806.5999755859375,4.483500003814697,114.95700073242188,19.865249633789062,87.68000030517578,23.219999313354492
2022-02-11,44.18960189819336,66.95600891113281,4418.64013671875,2030.1500244140625,1.9550000429153442,96.08000183105469,66.03791809082031,106.42882537841797,107.13541412353516,0.33799999952316284,93.0999984741211,1.1415525674819946,1840.800048828125,4.505000114440918,116.0469970703125,20.126291275024414,94.02999877929688,27.360000610351562
2022-02-18,44.18960189819336,66.61981201171875,4348.8701171875,2009.3299560546875,1.9320000410079956,96.04000091552734,66.2217025756836,105.43991088867188,107.21310424804688,0.3179999887943268,91.06999969482422,1.1366478204727173,1898.5999755859375,4.519499778747559,114.86599731445312,20.169797897338867,94.36000061035156,27.75
2022-02-25,42.946990966796875,66.035888671875,4384.64990234375,2040.9300537109375,1.9859999418258667,96.62000274658203,66.79692077636719,105.26940155029297,107.96448516845703,0.2980000078678131,91.58999633789062,1.11906898021698,1886.5,4.4720001220703125,115.57099914550781,20.422138214111328,93.33999633789062,27.59000015258789
2022-03-04,40.470848083496094,61.07258987426758,4328.8701171875,2000.9000244140625,1.7239999771118164,98.6500015258789,66.1849136352539,105.62250518798828,110.35818916320801,0.3050000071525574,115.68000030517578,1.1066844463348389,1965.0999755859375,4.928999900817871,115.4739990234375,23.50242805480957,131.82000732421875,31.979999542236328
2022-03-11,38.611480712890625,60.736385345458984,4204.31005859375,1979.6700439453125,2.003999948501587,99.12000274658203,64.89393615722656,102.66669464111328,110.35818916320801,0.36500000953674316,109.33000183105469,1.1013944149017334,1982.699951171875,4.616000175476074,116.17900085449219,22.597482681274414,99.02999877929688,30.75
2022-03-18,41.14204025268555,65.26618194580078,4463.1201171875,2086.139892578125,2.1480000019073486,98.2300033569336,66.17689514160156,104.05916595458984,109.63874816894531,0.382999986410141,104.69999694824219,1.1099518537521362,1928.199951171875,4.730500221252441,118.48600006103516,22.336442947387695,91.7699966430664,23.8700008392334
2022-03-25,40.86086654663086,65.25733184814453,4543.06005859375,2077.97998046875,2.492000102996826,98.80999755859375,65.20663452148438,101.8893051147461,108.10733795166016,0.5199999809265137,113.9000015258789,1.1009578704833984,1953.800048828125,4.685999870300293,122.34600067138672,23.632946014404297,125.2699966430664,20.809999465942383
2022-04-01,41.63182830810547,65.72624206542969,4545.85986328125,2091.110107421875,2.377000093460083,98.62999725341797,65.97960662841797,103.66267395019531,107.18470001220703,0.5,99.2699966430664,1.1072357892990112,1919.0999755859375,4.682499885559082,121.75599670410156,22.823719024658203,108.33999633789062,19.6299991607666
2022-04-08,40.75202178955078,64.48762512207031,4488.27978515625,1994.56005859375,2.7130000591278076,99.80000305175781,64.60282135009766,100.33251953125,105.913330078125,0.6679999828338623,98.26000213623047,1.0864840745925903,1941.5999755859375,4.71999979019165,124.09600067138672,23.250085830688477,124.86000061035156,21.15999984741211
2022-04-15,40.117122650146484,63.7179069519043,4392.58984375,2004.97998046875,2.828000068664551,100.31999969482422,64.60282135009766,98.77442932128906,105.5127944946289,0.7480000257492065,106.94999694824219,1.0820988416671753,1970.9000244140625,4.7170000076293945,126.17900085449219,24.450878143310547,119.66000366210938,22.700000762939453
2022-04-22,38.43914794921875,62.34659194946289,4271.77978515625,1940.6600341796875,2.9059998989105225,101.22000122070312,63.813846588134766,97.0965347290039,105.73047637939453,0.7799999713897705,102.06999969482422,1.0835175514221191,1931.0,4.582499980926514,128.4080047607422,23.62424659729004,128.1199951171875,28.209999084472656
2022-04-29,38.43914794921875,60.72753143310547,4131.93017578125,1864.0999755859375,2.88700008392334,102.95999908447266,63.22609329223633,96.39452362060547,105.42571258544922,0.8080000281333923,104.69000244140625,1.0504201650619507,1909.300048828125,4.394999980926514,130.81100463867188,23.954898834228516,128.39999389648438,33.400001525878906
2022-05-06,37.12397384643555,59.515464782714844,4123.33984375,1839.56005859375,3.122999906539917,103.66000366210938,62.712860107421875,95.07660675048828,103.71268463134766,0.8149999976158142,109.7699966430664,1.0539740324020386,1881.199951171875,4.261499881744385,130.3300018310547,24.624902725219727,121.41999816894531,30.190000534057617
2022-05-13,36.72489547729492,59.26774215698242,4023.889892578125,1792.6700439453125,2.934999942779541,104.55999755859375,62.08241271972656,95.79735565185547,104.17778015136719,0.9430000185966492,110.48999786376953,1.0379581451416016,1807.4000244140625,4.180500030517578,128.58799743652344,24.38996696472168,114.61000061035156,28.8700008392334
2022-05-20,37.314449310302734,59.957828521728516,3901.360107421875,1773.27001953125,2.7869999408721924,103.1500015258789,61.79953384399414,96.45801544189453,104.08124542236328,0.9779999852180481,113.2300033569336,1.057898759841919,1841.800048828125,4.281000137329102,127.83200073242188,24.329055786132812,111.0999984741211,29.43000030517578
2022-05-27,38.13983154296875,62.31120300292969,4158.240234375,1887.9000244140625,2.743000030517578,101.66999816894531,64.81434631347656,98.92052459716797,105.12557220458984,1.024999976158142,115.06999969482422,1.0732953548431396,1851.300048828125,4.303999900817871,127.04499816894531,25.2340030670166,98.4800033569336,25.719999313354492
2022-06-03,38.43007278442383,61.66534423828125,4108.5400390625,1883.050048828125,2.9570000171661377,102.13999938964844,63.807926177978516,97.351806640625,105.033935546875,1.1349999904632568,118.87000274658203,1.0751069784164429,1845.4000244140625,4.477499961853027,129.91799926757812,25.99972152709961,97.7300033569336,24.790000915527344
2022-06-10,37.62240219116211,58.499046325683594,3900.860107421875,1800.280029296875,3.1559998989105225,104.1500015258789,61.365604400634766,95.0553970336914,103.86204528808594,1.2879999876022339,119.60800086975112,1.0619205236434937,1871.5,4.301000118255615,134.41799926757812,26.304271697998047,114.2300033569336,27.75
2022-06-17,36.28691101074219,55.596248626708984,3674.840087890625,1665.68994140625,3.239000082015991,104.69999694824219,60.0836296081543,94.11791229248047,101.85565185546875,1.5099999904632568,109.55999755859375,1.0546854734420776,1835.5999755859375,4.017499923706055,132.42100524902344,24.929452896118164,133.75,31.1299991607666
2022-06-24,37.18334197998047,57.66709518432617,3911.739990234375,1765.739990234375,3.125,104.19000244140625,60.88691329956055,94.6855697631836,102.48599243164062,1.5980000495910645,107.62000274658203,1.052011489868164,1826.5,3.759999990463257,134.83999633789062,24.10282325744629,127.0,27.229999542236328
2022-07-01,36.451560974121094,56.645233154296875,3825.330078125,1727.760009765625,2.8889999389648438,105.13999938964844,60.29633331298828,95.83013153076172,102.75596618652344,1.6030000448226929,108.43000030517578,1.0477677583694458,1798.9000244140625,3.61899995803833,135.78599548339844,23.293594360351562,144.1699981689453,26.700000762939453
2022-07-08,36.671104431152344,56.38298416137695,3899.3798828125,1769.3599853515625,3.1010000705718994,107.01000213623047,61.03802490234375,95.16606903076172,101.2748794555664,1.843000054359436,104.79000091552734,1.0183045613765715,1740.5999755859375,3.5320000648498535,135.91299438476562,22.68449592590332,145.25,24.639999389648438
2022-07-15,35.335601806640625,55.52389907836914,3863.159912109375,1744.3699951171875,2.930000066757202,108.05999755859375,61.535186767578125,96.44243621826172,102.26522827148438,2.240000009536743,97.58999633789062,1.0183045613765715,1702.4000244140625,3.234499931335449,138.9669952392578,21.81435775756836,129.85000610351562,24.229999542236328
2022-07-22,36.05823516845703,57.33250427246094,3961.6298828125,1806.8800048828125,2.7829999923706055,106.7300033569336,62.6681022644043,97.99475860595703,103.43403625488281,2.3550000190734863,94.69999694824219,1.0221081972122192,1727.0999755859375,3.3485000133514404,137.09800720214844,21.657733917236328,123.69999694824219,23.030000686645508
2022-07-29,36.552181243896484,59.43047332763672,4130.2900390625,1885.22998046875,2.6419999599456787,105.9000015258789,63.727638244628906,98.83988952636719,105.48612976074219,2.2980000972747803,98.62000274658203,1.0192328691482544,1762.9000244140625,3.5840001106262207,134.39700317382812,22.719301223754883,116.36000061035156,21.329999923706055
2022-08-05,36.643653869628906,58.78841781616211,4145.18994140625,1921.8199462890625,2.8399999141693115,106.62000274658203,63.85365295410156,97.7039566040039,103.7688217163086,2.4100000858306885,89.01000213623047,1.024779200553894,1772.9000244140625,3.552999973297119,132.62100219726562,21.64033317565918,122.58000183105469,21.149999618530273
2022-08-12,37.54922866821289,60.37094497680664,4280.14990234375,2016.6199951171875,2.8489999771118164,105.62999725341797,64.59003448486328,98.75862884521484,104.05713653564453,2.5,92.08999633789062,1.0316723585128784,1798.5999755859375,3.6760001182556152,132.99400329589844,22.701900482177734,106.27999877929688,19.530000686645508
2022-08-19,36.4973030090332,58.499046325683594,4228.47998046875,1957.3499755859375,2.989000082015991,108.16999816894531,62.96177673339844,96.47637939453125,104.01206970214844,2.5799999237060547,90.7699966430664,1.0183045613765715,1747.5999755859375,3.683500051498413,135.7949981689453,22.588781356811523,123.80999755859375,20.600000381469727
2022-08-26,36.59791564941406,56.70853805541992,4057.659912109375,1899.8299560546875,3.0350000858306885,108.80000305175781,62.02900314331055,96.05281066894531,104.13822937011719,2.755000114440918,93.05999755859375,1.0183045613765715,1736.0999755859375,3.7114999294281006,136.56300354003906,23.171775817871094,122.94999694824219,25.559999465942383
2022-09-02,35.454524993896484,54.68290710449219,3924.260009765625,1809.75,3.193000078201294,109.52999877929688,61.101741790771484,93.96281433105469,102.45832824707031,2.819999933242798,86.87000274658203,1.0183045613765715,1709.800048828125,3.4214999675750732,140.08099365234375,22.04929542541504,120.72000122070312,25.469999313354492
2022-09-09,35.67405700683594,56.46437454223633,4067.360107421875,1882.8499755859375,3.321000099182129,109.0,62.33512496948242,93.95413970947266,101.3815689086914,2.9679999351501465,86.79000091552734,1.0183045613765715,1716.199951171875,3.5810000896453857,143.8560028076172,22.092802047729492,121.54000091552734,22.790000915527344
2022-09-16,34.56724166870117,54.61960220336914,3873.330078125,1798.18994140625,3.447999954223633,109.76000213623047,61.011295318603516,92.84452056884766,100.1040267944336,3.069999933242798,85.11000061035156,1.0183045613765715,1671.699951171875,3.561000108718872,143.36500549316406,21.649032592773438,124.94999694824219,26.299999237060547
2022-09-23,32.91160202026367,51.32795333862305,3693.22998046875,1679.5899658203125,3.697000026702881,113.19000244140625,59.309242248535156,90.85932159423828,98.13296508789062,3.1080000400543213,78.73999786376953,1.0183045613765715,1645.300048828125,3.371500015258789,142.27999877929688,20.892011642456055,137.27999877929688,29.920000076293945
2022-09-30,31.905410766601562,50.64973068237305,3585.6201171875,1664.719970703125,3.803999900817871,112.12000274658203,58.70075225830078,88.81344604492188,95.72388458251953,3.180000066757202,79.48999786376953,1.0183045613765715,1662.4000244140625,3.441999912261963,144.43099975585938,20.80500030517578,141.88999938964844,31.6200008392334
2022-10-07,32.609745025634766,51.391265869140625,3639.659912109375,1702.1500244140625,3.882999897003174,112.80000305175781,59.59402847290039,89.08222198486328,96.28053283691406,3.2929999828338623,92.63999938964844,1.0183045613765715,1700.5,3.4124999046325684,145.03900146484375,22.614885330200195,148.4600067138672,31.360000610351562
2022-10-14,31.29254913330078,50.64973068237305,3583.070068359375,1682.4000244140625,4.010000228881836,113.30999755859375,59.0899543762207,87.30785369873047,96.44480895996094,3.628000020980835,85.61000061035156,1.0183045613765715,1641.699951171875,3.450500011444092,147.29299926757812,21.901371002197266,152.88999938964844,32.02000045776367
2022-10-21,32.26214599609375,52.44024658203125,3752.75,1742.239990234375,4.2129998207092285,112.01000213623047,59.89975357055664,86.52508544921875,96.11628723144531,3.884999990463257,85.05000305175781,1.0183045613765715,1651.0,3.5230000019073486,150.17599487304688,21.649032592773438,156.9499969482422,29.690000534057617
2022-10-28,31.3657283782959,54.14032745361328,3901.06005859375,1846.9200439453125,4.010000228881836,110.66999816894531,61.60196304321289,88.62991333007812,97.22045135498047,3.9700000286102295,87.9000015258789,1.0183045613765715,1639.5999755859375,3.4660000801086426,146.2740020751953,22.014488220214844,144.60000610351562,25.75
2022-11-04,33.11284255981445,54.93611145019531,3770.550048828125,1799.8699951171875,4.156000137329102,110.87999725341797,60.469120025634766,88.21874237060547,96.12539672851562,4.013000011444092,92.61000061035156,1.0183045613765715,1672.5,3.7144999504089355,148.39300537109375,23.128265380859375,128.44000244140625,24.549999237060547
2022-11-11,34.90568923950195,59.19535827636719,3992.929931640625,1882.739990234375,3.812999963760376,106.29000091552734,61.754783630371094,91.22856140136719,97.72232818603516,4.063000202178955,88.95999908447266,1.0192224979400635,1766.0,3.9509999752044678,141.73399353027344,22.754108428955078,111.69000244140625,22.520000457763672
2022-11-18,34.786773681640625,58.91502380371094,3965.340087890625,1849.72998046875,3.818000078201294,106.93000030517578,61.57235336303711,92.31035614013672,96.71854400634766,4.135000228881836,80.08000183105469,1.036172866821289,1751.9000244140625,3.631999969482422,140.41200256347656,21.892671585083008,129.3300018310547,23.1200008392334
2022-11-25,34.5489501953125,60.24434280395508,4026.1201171875,1869.18994140625,3.690999984741211,105.95999908447266,62.219337463378906,94.0202865600586,98.0690689086914,4.175000190734863,76.27999877929688,1.040810227394104,1753.300048828125,3.626499891281128,138.60299682617188,21.544614791870117,129.60000610351562,20.5
2022-12-02,36.16801071166992,61.239070892333984,4071.699951171875,1892.8399658203125,3.50600004196167,104.55000305175781,62.940921783447266,95.76551055908203,100.66374206542969,4.208000183105469,79.9800033569336,1.052842140197754,1795.9000244140625,3.8480000495910645,135.14999389648438,21.831762313842773,118.62000274658203,19.059999465942383
2022-12-09,35.69234848022461,60.50658416748047,3934.3798828125,1796.6600341796875,3.566999912261963,104.80999755859375,62.50775146484375,95.2753677368164,99.06488037109375,4.172999858856201,71.0199966430664,1.0559661388397217,1798.0999755859375,3.875999927520752,136.61399841308594,20.81369972229004,132.7899932861328,22.829999923706055
2022-12-16,35.13125228881836,59.39638137817383,3852.360107421875,1763.4200439453125,3.4820001125335693,104.69999694824219,62.46812057495117,95.73999786376953,98.60551452636719,4.163000106811523,74.29000091552734,1.064056158065796,1790.0,3.7614998817443848,137.75100708007812,21.022533416748047,113.6500015258789,22.6200008392334
2022-12-23,35.103389739990234,59.82310104370117,3844.820068359375,1760.9300537109375,3.750999927520752,104.30999755859375,62.2922477722168,93.9842529296875,98.00973510742188,4.192999839782715,79.55999755859375,1.060333013534546,1795.9000244140625,3.802999973297119,132.35699462890625,21.4646053314209,113.16999816894531,20.8700008392334
2022-12-30,35.19625473022461,59.59612274169922,3839.5,1761.25,3.878999948501587,103.5199966430664,61.655860900878906,92.55335235595703,97.56060791015625,4.260000228881836,80.26000213623047,1.066075325012207,1819.699951171875,3.805500030517578,132.91600036621094,21.578405380249023,121.61000061035156,21.670000076293945
2023-01-06,37.21145248413086,61.85685348510742,3895.080078125,1792.800048828125,3.569000005722046,103.87999725341797,63.24685287475586,95.33616638183594,98.89883422851562,4.493000030517578,73.7699966430664,1.0522217750549316,1864.199951171875,3.9084999561309814,133.3070068359375,20.69426155090332,113.87000274658203,21.1299991607666
2023-01-13,38.353702545166016,64.03588104248047,3999.090087890625,1887.030029296875,3.510999917984009,102.19999694824219,64.17636108398438,96.97779083251953,99.14628601074219,4.48799991607666,79.86000061035156,1.0860239267349243,1918.4000244140625,4.207499980926514,129.1719970703125,21.70096206665039,113.55000305175781,18.350000381469727
2023-01-20,38.75303268432617,64.4716796875,3972.610107421875,1867.3399658203125,3.4839999675750732,102.01000213623047,63.78279495239258,97.04801177978516,99.58626556396484,4.538000106811523,81.30999755859375,1.083388328552246,1926.4000244140625,4.248499870300293,128.3699951171875,21.963579177856445,114.76000213623047,19.850000381469727
2023-01-27,39.28236770629883,65.00735473632812,4070.56005859375,1911.4599609375,3.5179998874664307,101.93000030517578,63.7744026184082,97.00409698486328,100.03539276123047,4.547999858856201,79.68000030517578,1.0894432067871094,1928.5999755859375,4.223999977111816,129.8000030517578,21.683454513549805,100.69999694824219,18.510000228881836
2023-02-03,37.96366882324219,64.84391784667969,4136.47998046875,1985.530029296875,3.5320000648498535,102.91999816894531,64.27691650390625,97.3395004272461,99.18295288085938,4.5229997634887695,73.38999938964844,1.0905125141143799,1862.9000244140625,4.063000202178955,128.74600219726562,20.668001174926758,98.98999786376953,18.329999923706055
2023-02-10,37.32289123535156,64.16297149658203,4090.4599609375,1918.81005859375,3.74399995803833,103.62999725341797,62.922183990478516,94.89148712158203,98.69715881347656,4.635000228881836,79.72000122070312,1.0742292404174805,1862.800048828125,4.027500152587891,131.5189971923828,21.298282623291016,109.62999725341797,20.530000686645508
2023-02-17,36.849273681640625,64.48075866699219,4079.090087890625,1946.3599853515625,3.828000068664551,103.86000061035156,62.737083435058594,94.25746154785156,98.48634338378906,4.679999828338623,76.33999633789062,1.0665756464004517,1840.4000244140625,4.113999843597412,134.07400512695312,20.878093719482422,110.11000061035156,20.020000457763672
2023-02-24,35.567726135253906,62.68306350708008,3970.0400390625,1890.489990234375,3.9489998817443848,105.20999908447266,62.40892028808594,93.20957946777344,97.67059326171875,4.703000068664551,76.31999969482422,1.0598047971725464,1808.800048828125,3.9549999237060547,134.6280059814453,20.720523834228516,122.83999633789062,21.670000076293945
2023-03-03,36.71926498413086,64.3536376953125,4045.639892578125,1928.260009765625,3.9639999866485596,104.5199966430664,63.25362777709961,93.82086944580078,98.99964141845703,4.7179999351501465,79.68000030517578,1.0599732398986816,1847.699951171875,4.078000068664551,136.7050018310547,21.41208267211914,122.5199966430664,18.489999771118164
2023-03-10,35.140533447265625,62.32897186279297,3861.590087890625,1772.699951171875,3.694999933242798,104.58000183105469,62.17005920410156,94.3952865600586,99.07295989990234,4.802999973297119,76.68000030517578,1.0584698915481567,1862.0,4.045499801635742,136.39500427246094,20.720523834228516,140.05999755859375,24.799999237060547
2023-03-17,34.92694854736328,60.994319915771484,3916.639892578125,1725.8900146484375,3.3949999809265137,103.70999908447266,62.11078643798828,95.42916870117188,99.5587387084961,4.293000221252441,66.73999786376953,1.0614134073257446,1969.800048828125,3.9135000705718994,133.3679962158203,19.853885650634766,180.11000061035156,25.510000228881836
2023-03-24,35.911319732666016,62.48331832885742,3970.989990234375,1734.9200439453125,3.380000114440918,103.12000274658203,62.305503845214844,96.73702239990234,100.73197174072266,4.502999782562256,69.26000213623047,1.0835057497024536,1982.0999755859375,4.101500034332275,130.86500549316406,20.0989933013916,173.66000366210938,21.739999771118164
2023-03-31,36.64496994018555,64.9347152709961,4109.31005859375,1802.47998046875,3.49399995803833,102.51000213623047,63.95625305175781,96.86072540283203,101.05276489257812,4.585000038146973,75.66999816894531,1.0904649496078491,1969.0,4.104499816894531,133.2010040283203,20.781801223754883,135.92999267578125,18.700000762939453
2023-04-07,36.5799674987793,65.31604766845703,4105.02001953125,1754.4599609375,3.2880001068115234,101.81999969482422,63.6432991027832,97.80033874511719,101.99518585205078,4.710000038146973,80.69999694824219,1.0920130014419556,2011.9000244140625,4.026000022888184,131.66900634765625,21.114450454711914,147.72999572753906,18.399999618530273
2023-04-14,36.88642120361328,66.47819519042969,4137.64013671875,1781.1500244140625,3.5220000743865967,101.55000305175781,64.01748657226562,96.96710205078125,100.7930679321289,4.9029998779296875,82.5199966430664,1.1054610013961792,2002.199951171875,4.107500076293945,132.48699951171875,21.42083740234375,118.83999633789062,17.06999969482422
2023-04-21,36.22706985473633,66.85043334960938,4133.52001953125,1791.510009765625,3.569999933242798,101.81999969482422,63.77085876464844,96.62140655517578,100.70132446289062,4.949999809265137,77.87000274658203,1.0970927476882935,1979.5,3.9800000190734863,133.99600219726562,20.851831436157227,120.83999633789062,16.770000457763672
2023-04-28,36.3385124206543,66.84135437011719,4169.47998046875,1768.989990234375,3.4519999027252197,101.66999816894531,64.08550262451172,97.44580078125,101.10506439208984,4.922999858856201,76.77999877929688,1.1032048463821411,1990.0999755859375,3.869999885559082,133.802001953125,20.624229431152344,122.45999908447266,15.779999732971191
2023-05-05,36.5799674987793,67.0774154663086,4136.25,1759.8800048828125,3.446000099182129,101.20999908447266,63.851497650146484,96.54032897949219,101.2609634399414,5.079999923706055,71.33999633789062,1.102292776107788,2017.4000244140625,3.871500015258789,134.1790008544922,20.25656509399414,130.2100067138672,17.190000534057617
2023-05-12,35.799888610839844,66.40554809570312,4124.080078125,1740.8499755859375,3.4630000591278076,102.68000030517578,63.561073303222656,96.3446273803711,100.92889404296875,5.0279998779296875,70.04000091552734,1.0912145376205444,2014.5,3.7165000438690186,134.4980010986328,19.84513282775879,120.5199966430664,17.030000686645508
2023-05-19,36.19921112060547,66.87767791748047,4191.97998046875,1773.719970703125,3.691999912261963,103.19999694824219,63.373191833496094,94.82371520996094,99.89582061767578,5.085000038146973,71.55000305175781,1.0775396823883057,1978.699951171875,3.7225000858306885,138.6199951171875,19.88014793395996,127.51000213623047,16.809999465942383
2023-05-26,36.21778869628906,65.49762725830078,4205.4501953125,1773.02001953125,3.809999942779541,104.20999908447266,63.2194709777832,94.6991958618164,99.37006378173828,5.114999771118164,72.66999816894531,1.0724436044692993,1944.0999755859375,3.6735000610351562,140.01699829101562,19.985193252563477,145.3699951171875,17.950000762939453
2023-06-02,36.71926498413086,65.9606704711914,4282.3701171875,1830.9100341796875,3.690999984741211,104.0199966430664,64.00262451171875,95.75682830810547,99.56555938720703,5.215000152587891,71.73999786376953,1.0760787725448608,1952.4000244140625,3.7225000858306885,138.7480010986328,19.87139320373535,120.94999694824219,14.600000381469727
2023-06-09,37.306427001953125,66.1250228881836,4298.85986328125,1865.7099609375,3.744999885559082,103.55999755859375,64.12276458740234,95.26605224609375,99.50080871582031,5.09499979019165,70.16999816894531,1.078271746635437,1962.199951171875,3.7890000343322754,138.86300659179688,19.83637809753418,115.7699966430664,13.829999923706055
2023-06-16,38.26108932495117,67.85396575927734,4409.58984375,1875.469970703125,3.7690000534057617,102.30000305175781,64.30296325683594,96.0959243774414,99.69505310058594,5.065000057220459,71.77999877929688,1.0945948362350464,1958.4000244140625,3.884500026702881,140.26800537109375,20.54544448852539,104.43000030517578,13.539999961853027
2023-06-23,36.6606330871582,65.60726165771484,4348.330078125,1821.6300048828125,3.739000082015991,102.9000015258789,63.667930603027344,96.10485076904297,99.80606842041016,5.138000011444092,69.16000366210938,1.0958904027938843,1919.0999755859375,3.805999994277954,143.02999877929688,20.055225372314453,105.73999786376953,13.4399995803833
2023-06-30,37.02565002441406,67.0311050415039,4450.3798828125,1888.72998046875,3.819000005722046,102.91000366210938,64.42312622070312,96.49747467041016,99.55631256103516,5.1529998779296875,70.63999938964844,1.0868029594421387,1921.0999755859375,3.740999937057495,144.77999877929688,19.87139320373535,110.63999938964844,13.59000015258789
2023-07-07,36.866539001464844,65.55178833007812,4398.9501953125,1864.6600341796875,4.050000190734863,102.2699966430664,63.718204498291016,94.4814453125,98.37965393066406,5.2129998207092285,73.86000061035156,1.0890636444091797,1926.199951171875,3.7669999599456787,143.9510040283203,20.11650276184082,130.41000366210938,14.829999923706055
2023-07-14,38.382755279541016,68.28851318359375,4505.419921875,1931.0899658203125,3.819000005722046,99.91000366210938,64.79671478271484,96.19132232666016,99.5693130493164,5.215000152587891,75.41999816894531,1.1223469972610474,1960.0999755859375,3.921999931335449,138.0749969482422,20.69426155090332,112.4800033569336,13.34000015258789
2023-07-21,37.73696517944336,68.39945220947266,4536.33984375,1960.260009765625,3.8369998931884766,101.06999969482422,65.02967834472656,96.6568374633789,100.01545715332031,5.248000144958496,77.06999969482422,1.113709807395935,1964.300048828125,3.802999973297119,139.86399841308594,21.088186264038086,106.66000366210938,13.600000381469727
2023-07-28,39.24381637573242,68.82475280761719,4582.22998046875,1981.5400390625,3.9690001010894775,101.62000274658203,64.98653411865234,96.28083801269531,99.5693130493164,5.255000114440918,80.58000183105469,1.0978755950927734,1960.4000244140625,3.9170000553131104,138.86399841308594,21.517127990722656,109.76000213623047,13.329999923706055
2023-08-04,37.942867279052734,66.71675109863281,4478.02978515625,1957.4599609375,4.059999942779541,102.0199966430664,64.71532440185547,95.12920379638672,99.160400390625,5.252999782562256,82.81999969482422,1.095158338546753,1939.5999755859375,3.8450000286102295,142.59800720214844,21.403329849243164,115.91000366210938,17.100000381469727
2023-08-11,37.02565002441406,66.68900299072266,4464.0498046875,1925.1099853515625,4.168000221252441,102.83999633789062,64.87138366699219,94.36566162109375,98.52709197998047,5.264999866485596,83.19000244140625,1.0981649160385132,1912.9000244140625,3.7144999504089355,144.85400390625,21.385822296142578,112.12999725341797,14.84000015258789
2023-08-18,35.939964294433594,64.57174682617188,4369.7099609375,1859.4200439453125,4.250999927520752,103.37999725341797,64.2298355102539,93.51228332519531,97.8658447265625,5.2779998779296875,81.25,1.0874648094177246,1886.0999755859375,3.6989998817443848,145.71400451660156,21.140710830688477,120.51000213623047,17.299999237060547
2023-08-25,36.41728973388672,64.93233489990234,4405.7099609375,1853.6300048828125,4.238999843597412,104.08000183105469,64.68061828613281,94.28483581542969,98.19180297851562,5.315000057220459,79.83000183105469,1.07991361618042,1911.0999755859375,3.759999990463257,146.06700134277344,21.36831283569336,110.37000274658203,15.680000305175781
2023-09-01,37.09117126464844,66.09728240966797,4515.77001953125,1920.8299560546875,4.172999858856201,104.23999786376953,65.38427734375,94.6839370727539,98.27686309814453,5.26800012588501,85.55000305175781,1.0844104290008545,1939.800048828125,3.8125,145.47300720214844,21.779747009277344,102.91999816894531,13.09000015258789
2023-09-08,36.230098724365234,65.08026885986328,4457.490234375,1851.5400390625,4.257999897003174,105.08999633789062,64.99234771728516,94.40447998046875,98.51039123535156,5.293000221252441,87.51000213623047,1.0697818994522095,1918.4000244140625,3.680500030517578,147.33099365234375,21.93731689453125,104.33999633789062,13.84000015258789
2023-09-15,36.623199462890625,65.99557495117188,4450.31982421875,1847.030029296875,4.322000026702881,105.31999969482422,65.00975799560547,94.08895874023438,98.1927719116211,5.297999858856201,90.7699966430664,1.0637166500091553,1923.699951171875,3.7634999752044678,147.48199462890625,22.348752975463867,96.61000061035156,13.789999961853027
2023-09-22,36.00547790527344,64.6272201538086,4320.06005859375,1776.5,4.438000202178955,105.58000183105469,64.45233917236328,93.61115264892578,97.73502349853516,5.304999828338623,90.02999877929688,1.0661548376083374,1925.4000244140625,3.6654999256134033,147.6439971923828,22.121150970458984,101.11000061035156,17.200000762939453
2023-09-29,35.518795013427734,63.72114562988281,4288.0498046875,1785.0999755859375,4.572999954223633,106.16999816894531,64.20846557617188,91.9704360961914,96.89425659179688,5.300000190734863,90.79000091552734,1.0562450885772705,1848.0999755859375,3.7260000705718994,149.33700561523438,21.849777221679688,113.55000305175781,17.520000457763672
2023-10-06,35.40647888183594,63.35131072998047,4308.5,1745.56005859375,4.783999919891357,106.04000091552734,63.643733978271484,90.48528289794922,95.5571060180664,5.3480000495910645,82.79000091552734,1.0546631813049316,1830.199951171875,3.624500036239624,148.46299743652344,20.93937110900879,126.63999938964844,17.450000762939453
2023-10-13,35.43455505371094,63.26811599731445,4327.77978515625,1719.7099609375,4.629000186920166,106.6500015258789,63.69626235961914,91.75233459472656,96.97940826416016,5.328000068664551,87.69000244140625,1.0536741018295288,1927.4000244140625,3.5799999237060547,149.7899932861328,21.75348663330078,128.3300018310547,19.31999969482422
2023-10-20,34.43310546875,61.54841232299805,4224.16015625,1680.7900390625,4.923999786376953,106.16000366210938,62.978294372558594,89.2996826171875,96.23081970214844,5.300000190734863,88.75,1.0586491823196411,1982.5,3.5420000553131104,149.802001953125,21.998594284057617,135.4499969482422,21.709999084472656
2023-10-27,34.18975830078125,60.873477935791016,4117.3701171875,1636.93994140625,4.84499979019165,106.55999755859375,63.35481262207031,90.15042114257812,96.5864028930664,5.304999828338623,85.54000091552734,1.0564459562301636,1988.5999755859375,3.634000062942505,150.36599731445312,21.88479232788086,129.16000366210938,21.270000457763672
2023-11-03,35.99612045288086,64.40533447265625,4358.33984375,1760.699951171875,4.558000087738037,105.0199966430664,65.49986267089844,92.57176971435547,97.97163391113281,5.252999782562256,80.51000213623047,1.0619093179702759,1991.5,3.674499988555908,150.4969940185547,21.60466957092285,118.73999786376953,14.90999984741211
2023-11-10,35.893165588378906,63.887577056884766,4415.240234375,1705.3199462890625,4.627999782562256,105.86000061035156,65.19178771972656,92.8079605102539,97.40772247314453,5.25,77.16999816894531,1.0667576789855957,1932.5999755859375,3.5834999084472656,151.3489990234375,21.044418334960938,116.79000091552734,14.170000076293945
2023-11-17,36.83845901489258,66.43013000488281,4514.02001953125,1797.77001953125,4.440999984741211,103.81999969482422,65.8167724609375,94.82452392578125,98.17841339111328,5.232999801635742,75.88999938964844,1.0853756666183472,1981.5999755859375,3.737499952316284,150.7050018310547,20.965633392333984,113.11000061035156,13.800000190734863
2023-11-24,37.00693130493164,67.08657836914062,4559.33984375,1807.5,4.4720001220703125,103.4000015258789,66.01924133300781,95.12429809570312,97.94342041015625,5.252999782562256,75.54000091552734,1.0906314849853516,2002.199951171875,3.7964999675750732,149.63499450683594,21.02691078186035,107.43000030517578,12.460000038146973
2023-12-01,37.18476104736328,67.65980529785156,4594.6298828125,1862.6400146484375,4.22599983215332,103.2699966430664,67.19598388671875,97.71292877197266,99.36949920654297,5.215000152587891,74.06999969482422,1.0892059803009033,2071.0,3.9089999198913574,147.99899291992188,20.834321975708008,111.51000213623047,12.630000114440918
2023-12-08,36.51087951660156,67.62281799316406,4604.3701171875,1880.8199462890625,4.244999885559082,104.01000213623047,67.08104705810547,97.88613891601562,99.38833618164062,5.232999801635742,71.2300033569336,1.079214334487915,1998.300048828125,3.819999933242798,144.2779998779297,20.134010314941406,121.6500015258789,12.350000381469727
2023-12-15,37.41874313354492,68.7322998046875,4719.18994140625,1985.1300048828125,3.927999973297119,102.55000305175781,68.36308288574219,100.9830322265625,101.40454864501953,5.224999904632568,71.43000030517578,1.0993602275848389,2021.0999755859375,3.884999990463257,142.2790069580078,20.35285758972168,115.75,12.279999732971191
2023-12-22,37.55421447753906,69.95957946777344,4754.6298828125,2033.9599609375,3.9010000228881836,101.69999694824219,68.84297180175781,100.74510955810547,101.2066879272461,5.208000183105469,73.55999755859375,1.100618600845337,2057.10009765625,3.8954999446868896,142.07000732421875,20.416229248046875,111.37999725341797,13.029999732971191
2023-12-29,38.345733642578125,70.54000091552734,4769.830078125,2027.0699462890625,3.865999937057495,101.33000183105469,68.77186584472656,101.25753021240234,101.27265167236328,5.179999828338623,71.6500015258789,1.1068191528320312,2062.39990234375,3.880500078201294,141.42999267578125,20.241731643676758,114.62000274658203,12.449999809265137
2024-01-05,37.61143493652344,69.43531799316406,4697.240234375,1951.1400146484375,4.041999816894531,102.41000366210938,68.14093017578125,99.42745208740234,100.59427642822266,5.21999979019165,73.80999755859375,1.0947387218475342,2042.4000244140625,3.7945001125335693,144.76499938964844,20.324386596679688,116.19000244140625,13.350000381469727
2024-01-12,37.38256072998047,70.27787017822266,4783.830078125,1950.9599609375,3.950000047683716,102.4000015258789,69.04733276367188,101.05624389648438,101.5553207397461,5.197999954223633,72.68000030517578,1.0981649160385132,2046.699951171875,3.740000009536743,145.04600524902344,20.260099411010742,106.51000213623047,12.699999809265137
2024-01-19,36.610111236572266,69.21064758300781,4839.81005859375,1944.3900146484375,4.145999908447266,103.29000091552734,68.57637786865234,99.72942352294922,100.82984924316406,5.197999954223633,73.41000366210938,1.0879143476486206,2026.5,3.7869999408721924,148.1280059814453,20.149890899658203,104.97000122070312,13.300000190734863
2024-01-26,37.08693313598633,70.2591552734375,4890.97021484375,1978.3299560546875,4.159999847412109,103.47000122070312,68.98514556884766,99.82091522216797,100.55663299560547,5.199999809265137,78.01000213623047,1.0847046375274658,2016.800048828125,3.8505001068115234,147.72300720214844,20.76522445678711,100.2300033569336,13.260000228881836
2024-02-02,36.858062744140625,70.35276794433594,4958.60986328125,1962.72998046875,4.0329999923706055,103.91999816894531,68.93578338623047,100.66133880615234,100.81100463867188,5.210000038146973,72.27999877929688,1.0874648094177246,2036.0999755859375,3.821500062942505,146.4510040283203,20.03049659729004,106.72000122070312,13.850000381469727
2024-02-09,37.74494552612305,70.49319458007812,5026.60986328125,2009.989990234375,4.186999797821045,104.08000183105469,69.08760070800781,99.32066345214844,100.17974853515625,5.21999979019165,76.83999633789062,1.0777255296707153,2023.300048828125,3.686000108718872,149.25900268554688,20.44378089904785,106.20999908447266,12.930000305175781
2024-02-16,38.22175979614258,71.21403503417969,5005.56982421875,2045.1400146484375,4.295000076293945,104.27999877929688,68.68573760986328,98.69622802734375,100.01958465576172,5.2230000495910645,79.19000244140625,1.0773887634277344,2011.5,3.8380000591278076,149.9459991455078,20.232547760009766,109.19999694824219,14.239999771118164
2024-02-23,38.7176513671875,72.45914459228516,5088.7998046875,2016.68994140625,4.260000228881836,103.94000244140625,69.07870483398438,99.22882080078125,100.07610321044922,5.239999771118164,76.48999786376953,1.0825674533843994,2038.5999755859375,3.881999969482422,150.48300170898438,19.966209411621094,108.30999755859375,13.75
2024-03-01,38.60321807861328,73.02083587646484,5137.080078125,2076.389892578125,4.179999828338623,103.86000061035156,69.31948852539062,99.46334838867188,100.92406463623047,5.215000152587891,79.97000122070312,1.0804970264434814,2086.89990234375,3.8550000190734863,150.09500122070312,20.29683494567871,106.4800033569336,13.109999656677246
2024-03-08,38.92745590209961,74.19104766845703,5123.68994140625,2082.7099609375,4.089000225067139,102.73999786376953,69.51708221435547,100.47712707519531,101.36686706542969,5.228000164031982,78.01000213623047,1.0950144529342651,2178.60009765625,3.884999990463257,147.8679962158203,20.36112403869629,100.87999725341797,14.739999771118164
2024-03-15,38.8797721862793,73.85401916503906,5117.08984375,2039.3199462890625,4.303999900817871,103.43000030517578,69.22067260742188,99.36196899414062,100.17033386230469,5.23799991607666,81.04000091552734,1.0883406400680542,2157.300048828125,4.112500190734863,148.29600524902344,20.902984619140625,97.81999969482422,14.40999984741211
2024-03-22,38.96560287475586,74.55613708496094,5234.18017578125,2072.0,4.2179999351501465,104.43000030517578,69.78651428222656,100.15457153320312,101.14073944091797,5.21999979019165,80.62999725341797,1.0862362384796143,2158.10009765625,3.996000051498413,151.63299560546875,20.857065200805664,91.04000091552734,13.0600004196167
2024-03-29,39.17539978027344,74.7621078491211,5254.35009765625,2124.550048828125,4.205999851226807,104.55000305175781,69.81346893310547,100.38497161865234,101.1972885131836,5.203000068664551,83.16999816894531,1.0794472694396973,2217.39990234375,4.003499984741211,151.44000244140625,21.095849990844727,86.37999725341797,13.010000228881836
2024-04-05,39.337520599365234,73.92891693115234,5204.33984375,2063.469970703125,4.377999782562256,104.30000305175781,69.34855651855469,99.0167007446289,100.52323913574219,5.215000152587891,86.91000366210938,1.0837054252624512,2325.699951171875,4.239500045776367,151.29200744628906,21.812210083007812,94.30999755859375,16.030000686645508
2024-04-12,38.65089416503906,72.3093490600586,5123.41015625,2003.1700439453125,4.499000072479248,106.04000091552734,68.94233703613281,98.11933135986328,100.04244232177734,5.230000019073486,85.66000366210938,1.0726851224899292,2356.199951171875,4.257500171661377,153.19200134277344,21.784656524658203,112.81999969482422,17.309999465942383
2024-04-19,37.86891555786133,71.26084899902344,4967.22998046875,1947.6600341796875,4.614999771118164,106.1500015258789,68.59026336669922,97.14796447753906,99.72190856933594,5.244999885559082,83.13999938964844,1.0644185543060303,2398.39990234375,4.501999855041504,154.61000061035156,21.527503967285156,111.26000213623047,18.709999084472656
2024-04-26,39.26122283935547,72.98339080810547,5099.9599609375,2002.0,4.669000148773193,105.94000244140625,69.16802978515625,97.25895690917969,99.72190856933594,5.23799991607666,83.8499984741211,1.072961449623108,2334.800048828125,4.568999767303467,155.5970001220703,21.72955322265625,104.4000015258789,15.029999732971191
2024-05-03,40.500953674316406,73.8821029663086,5127.7900390625,2035.719970703125,4.5,105.02999877929688,69.95003509521484,98.82451629638672,100.52345275878906,5.235000133514404,78.11000061035156,1.073306918144226,2299.0,4.573500156402588,153.0449981689453,21.224428176879883,95.95999908447266,13.489999771118164
2024-05-10,40.529563903808594,75.21145629882812,5222.68017578125,2059.780029296875,4.504000186920166,105.30999755859375,69.78669738769531,98.74090576171875,100.6373291015625,5.243000030517578,78.26000213623047,1.078515887260437,2367.300048828125,4.69350004196167,155.38900756835938,21.380558013916016,94.2300033569336,12.550000190734863
2024-05-17,41.7597541809082,76.42847442626953,5303.27001953125,2095.719970703125,4.420000076293945,104.44999694824219,70.13151550292969,99.5582504272461,101.14027404785156,5.239999771118164,80.05999755859375,1.0867793560028076,2412.199951171875,5.057000160217285,155.37899780273438,21.77547264099121,89.3499984741211,11.989999771118164
2024-05-24,41.025455474853516,75.87613677978516,5304.72021484375,2069.669921875,4.4670000076293945,104.72000122070312,69.95909881591797,99.36321258544922,101.00741577148438,5.244999885559082,77.72000122070312,1.0812681913375854,2332.5,4.778500080108643,156.96120468139648,21.600975036621094,83.56999969482422,11.930000305175781
2024-05-31,39.85248565673828,75.99784088134766,5277.509765625,2070.1298828125,4.513999938964844,104.66999816894531,69.99539947509766,99.27963256835938,101.25413513183594,5.244999885559082,76.98999786376953,1.0835410356521606,2322.89990234375,4.610000133514404,156.9530029296875,21.371374130249023,91.13999938964844,12.920000076293945
2024-06-07,40.09088897705078,76.08208465576172,5346.990234375,2026.550048828125,4.429999828338623,104.88999938964844,70.10298919677734,99.72248077392578,101.32772064208984,5.23799991607666,75.52999877929688,1.0894432067871094,2305.199951171875,4.494500160217285,155.69700622558594,20.902984619140625,91.81999969482422,12.220000267028809
2024-06-14,40.55015182495117,74.13330841064453,5431.60009765625,2006.1600341796875,4.2129998207092285,105.55000305175781,70.25797271728516,101.12096405029297,102.13986206054688,5.239999771118164,78.44999694824219,1.0738831758499146,2331.39990234375,4.551000118255615,156.96120468139648,21.18769073486328,100.16000366210938,12.65999984741211
2024-06-21,40.97264099121094,74.24759674072266,5464.6201171875,2022.030029296875,4.256999969482422,105.80000305175781,70.55885314941406,100.80399322509766,102.27362060546875,5.215000152587891,80.7300033569336,1.0706409215927124,2316.39990234375,4.49399995803833,156.96120468139648,21.307085037231445,94.08999633789062,13.199999809265137
2024-06-28,40.89582824707031,74.60955810546875,5460.47998046875,2047.68994140625,4.3429999351501465,105.87000274658203,70.33091735839844,99.87165832519531,102.02520751953125,5.2129998207092285,81.54000091552734,1.0708472728729248,2327.699951171875,4.390500068664551,156.96120468139648,21.334636688232422,98.58999633789062,12.4399995803833
2024-07-05,41.89446258544922,76.28596496582031,5567.18994140625,2026.72998046875,4.271999835968018,104.87999725341797,70.9679183959961,101.17777252197266,102.67472076416016,5.224999904632568,83.16000366210938,1.0810693502426147,2388.5,4.6585001945495605,156.96120468139648,21.839763641357422,98.77999877929688,12.479999542236328
2024-07-12,42.73945236206055,77.70518493652344,5615.35009765625,2148.27001953125,4.189000129699707,104.08999633789062,71.4720458984375,102.14144897460938,103.14483642578125,5.197999954223633,82.20999908447266,1.0872756242752075,2414.0,4.598499774932861,156.96120468139648,21.38974380493164,86.79000091552734,12.460000038146973
2024-07-19,41.03986358642578,75.75254821777344,5505.0,2184.35009765625,4.238999843597412,104.4000015258789,71.4720458984375,101.40231323242188,102.95294189453125,5.192999839782715,80.12999725341797,1.0901559591293335,2395.5,4.218999862670898,156.96120468139648,20.7376708984375,94.29000091552734,16.520000457763672
2024-07-26,40.67498016357422,75.63826751708984,5459.10009765625,2260.070068359375,4.199999809265137,104.31999969482422,71.75614166259766,101.61751556396484,103.0392837524414,5.15500020980835,77.16000366210938,1.0851283073425293,2380.0,4.104499816894531,153.69700622558594,20.425413131713867,97.76000213623047,16.389999389648438
2024-08-02,39.94520950317383,73.34272003173828,5346.56005859375,2109.31005859375,3.7920000553131104,103.20999908447266,71.58818817138672,103.85096740722656,104.42472839355469,5.03000020980835,73.5199966430664,1.0787602663040161,2425.699951171875,4.084000110626221,149.2010040283203,20.1131534576416,112.26000213623047,23.389999389648438
2024-08-09,40.38690948486328,73.70467376708984,5344.16015625,2080.919921875,3.941999912261963,103.13999938964844,71.83694458007812,103.0152587890625,103.97307586669922,5.074999809265137,76.83999633789062,1.0915720462799072,2432.10009765625,3.9800000190734863,147.66900634765625,20.397859573364258,108.26000213623047,20.3700008392334
2024-08-16,41.68321228027344,76.51456451416016,5554.25,2141.919921875,3.8919999599456787,102.45999908447266,72.63851165771484,104.40496063232422,104.1556625366211,5.074999809265137,76.6500015258789,1.0972732305526733,2498.60009765625,4.127500057220459,149.2220001220703,20.397859573364258,102.80999755859375,14.800000190734863
2024-08-23,42.09610366821289,78.88629150390625,5634.60986328125,2218.699951171875,3.806999921798706,100.72000122070312,73.15448760986328,105.32516479492188,105.09737396240234,5.0,74.83000183105469,1.111716389656067,2508.39990234375,4.194499969482422,146.20199584960938,20.44378089904785,105.62999725341797,15.859999656677246
2024-08-30,41.644798278808594,79.03868865966797,5648.39990234375,2217.6298828125,3.9110000133514404,101.69999694824219,73.09918212890625,104.42375183105469,104.61690521240234,4.9679999351501465,73.55000305175781,1.1080454587936401,2493.800048828125,4.144999980926514,144.88999938964844,20.306018829345703,107.7699966430664,15.0
2024-09-06,40.118045806884766,76.0097427368164,5408.419921875,2091.409912109375,3.7100000381469727,101.18000030517578,73.26582336425781,105.86092376708984,105.24169158935547,4.9079999923706055,67.66999816894531,1.1111111640930176,2493.5,4.014500141143799,143.39300537109375,19.534557342529297,107.23999786376953,22.3799991607666
2024-09-13,41.126285552978516,77.65756225585938,5626.02001953125,2182.489990234375,3.6500000953674316,101.11000061035156,73.71946716308594,106.69022369384766,106.15483093261719,4.763000011444092,68.6500015258789,1.1077877283096313,2581.300048828125,4.175000190734863,141.49899291992188,19.89273452758789,100.5999984741211,16.559999465942383
2024-09-20,41.95207214355469,78.35289001464844,5702.5498046875,2227.889892578125,3.7279999256134033,100.72000122070312,74.30269622802734,106.91641235351562,106.26055908203125,4.545000076293945,71.91999816894531,1.1161960363388062,2619.89990234375,4.281499862670898,142.85800170898438,20.40704345703125,91.0,16.149999618530273
2024-09-27,44.75592041015625,79.93404388427734,5738.169921875,2224.699951171875,3.749000072479248,100.41999816894531,74.3952865600586,106.73736572265625,106.2509536743164,4.48199987411499,68.18000030517578,1.117717981338501,2644.300048828125,4.540999889373779,145.0760040283203,20.498884201049805,92.52999877929688,16.959999084472656
2024-10-04,45.101600646972656,78.62911987304688,5751.06982421875,2212.800048828125,3.9809999465942383,102.5199966430664,74.05133056640625,105.48127746582031,105.2618179321289,4.505000114440918,74.37999725341797,1.103557825088501,2645.800048828125,4.522500038146973,146.83999633789062,21.343820571899414,100.1500015258789,19.209999084472656
2024-10-11,44.51586151123047,78.3909912109375,5815.02978515625,2234.409912109375,4.072999954223633,102.88999938964844,74.0234375,104.80972290039062,105.34842681884766,4.514999866485596,75.55999755859375,1.0933860540390015,2657.60009765625,4.451499938964844,148.70399475097656,21.380558013916016,118.47000122070312,20.459999084472656
2024-10-18,44.09336471557617,78.048095703125,5864.669921875,2276.090087890625,4.072999954223633,103.48999786376953,74.23739624023438,104.75298309326172,105.23294067382812,4.513000011444092,69.22000122070312,1.0829542875289917,2713.699951171875,4.3460001945495605,150.10000610351562,20.50806999206543,123.12999725341797,18.030000686645508
2024-10-25,43.32518768310547,76.0859375,5808.1201171875,2207.989990234375,4.23199987411499,104.26000213623047,73.7536392211914,103.39096069335938,104.18408203125,4.510000228881836,71.77999877929688,1.0824151039123535,2740.89990234375,4.3394999504089355,151.7830047607422,20.94890594482422,128.39999389648438,20.329999923706055
2024-11-01,42.72024917602539,75.60968780517578,5728.7998046875,2210.1298828125,4.361000061035156,104.27999877929688,73.62806701660156,102.52350616455078,103.77861785888672,4.400000095367432,69.48999786376953,1.0886130332946777,2738.60009765625,4.347499847412109,151.97999572753906,20.526437759399414,132.5800018310547,21.8799991607666
2024-11-08,42.87388610839844,75.40013122558594,5995.5400390625,2399.639892578125,4.306000232696533,105.0,74.60978698730469,104.27005767822266,104.55866241455078,4.422999858856201,70.37999725341797,1.0795172452926636,2687.5,4.286499977111816,153.17999267578125,20.664199829101562,99.8499984741211,14.9399995803833
2024-11-15,41.24150848388672,73.46654510498047,5870.6201171875,2303.840087890625,4.427999973297119,106.69000244140625,74.07687377929688,102.76081085205078,103.48005676269531,4.39300012588501,67.0199966430664,1.0530084371566772,2565.699951171875,4.051000118255615,156.46800231933594,20.03968048095703,102.47000122070312,16.139999389648438
2024-11-22,41.558380126953125,73.8761215209961,5969.33984375,2406.669921875,4.409999847412109,107.48999786376953,74.3199462890625,102.89369201660156,103.78823852539062,4.414999961853027,71.23999786376953,1.0469341278076172,2709.89990234375,4.073999881744385,154.21800231933594,20.719303131103516,99.13999938964844,15.239999771118164
2024-11-29,41.5391731262207,75.21915435791016,6032.3798828125,2434.72998046875,4.177999973297119,105.73999786376953,74.83418273925781,104.93449401855469,104.74164581298828,4.373000144958496,68.0,1.0563008785247803,2657.0,4.08050012588501,151.1739959716797,20.33357048034668,95.22000122070312,13.510000228881836
2024-12-06,42.10570526123047,76.27643585205078,6090.27001953125,2408.989990234375,4.151000022888184,105.97000122070312,75.04175567626953,105.44217681884766,104.99249267578125,4.295000076293945,67.19999694824219,1.058559536933899,2638.60009765625,4.138500213623047,150.20700073242188,20.122337341308594,83.19999694824219,12.770000457763672
2024-12-13,42.27854537963867,75.14295196533203,6051.08984375,2346.89990234375,4.39900016784668,107.0,74.58154296875,103.55621337890625,103.97950744628906,4.2179999351501465,71.29000091552734,1.0474056005477905,2656.0,4.14900016784668,152.58700561523438,20.526437759399414,85.66000366210938,13.8100004196167
2024-12-20,41.27378463745117,72.5076675415039,5930.85009765625,2242.3701171875,4.52400016784668,107.62000274658203,74.18416595458984,102.26049041748047,102.9363021850586,4.215000152587891,69.45999908447266,1.0364949703216553,2628.699951171875,4.040999889373779,156.96120468139648,20.223363876342773,91.75,18.360000610351562
2024-12-27,41.303077697753906,73.4828109741211,5970.83984375,2244.590087890625,4.61899995803833,108.0,74.1558609008789,101.94503784179688,102.77206420898438,4.177999973297119,70.5999984741211,1.0423181056976318,2617.199951171875,4.0625,156.96120468139648,20.393630981445312,94.80000305175781,15.949999809265137
2025-01-03,41.1566162109375,73.0676498413086,5942.47021484375,2268.469970703125,4.5960001945495605,108.94999694824219,74.54291534423828,101.8972396850586,102.88800048828125,4.192999839782715,73.95999908447266,1.0268205404281616,2645.0,4.0395002365112305,156.96120468139648,20.780607223510742,93.3499984741211,16.1299991607666
2025-01-10,40.1215934753418,72.46904754638672,5827.0400390625,2189.22998046875,4.776000022888184,109.6500015258789,74.13697814941406,100.75019073486328,102.62713623046875,4.2129998207092285,76.56999969482422,1.0297601222991943,2708.5,4.274499893188477,156.96120468139648,21.438467025756836,96.56999969482422,19.540000915527344
2025-01-17,41.098026275634766,74.12967681884766,5996.66015625,2275.8798828125,4.609000205993652,109.3499984741211,75.01495361328125,102.06929779052734,103.55465698242188,4.192999839782715,77.87999725341797,1.0301949977874756,2744.300048828125,4.337500095367432,155.3560028076172,21.738372802734375,95.5999984741211,15.970000267028809
2025-01-24,41.93775939941406,76.49510955810547,6101.240234375,2307.739990234375,4.625999927520752,107.44000244140625,75.28873443603516,102.39430236816406,103.79619598388672,4.204999923706055,74.66000366210938,1.041601538658142,2777.300048828125,4.289999961853027,156.15499877929688,21.544885635375977,86.75,14.850000381469727
2025-01-31,41.71317672729492,76.5047607421875,6040.52978515625,2287.68994140625,4.568999767303467,108.37000274658203,75.26040649414062,102.71931457519531,104.3565902709961,4.188000202178955,72.52999877929688,1.0397279262542725,2812.5,4.26200008392334,154.0970001220703,21.25465202331543,91.76000213623047,16.43000030517578
2025-02-07,42.18186569213867,76.86199188232422,6025.990234375,2279.7099609375,4.486999988555908,108.04000091552734,75.25091552734375,103.15965270996094,104.77204132080078,4.228000164031982,71.0,1.0385725498199463,2867.300048828125,4.581500053405762,151.1929931640625,21.36107063293457,93.12999725341797,16.540000915527344
2025-02-14,43.36334991455078,79.1019058227539,6114.6298828125,2279.97998046875,4.4720001220703125,106.56999969482422,75.63973999023438,103.60095977783203,104.93627166748047,4.2129998207092285,70.73999786376953,1.0461673736572266,2883.60009765625,4.656499862670898,152.98899841308594,21.7093505859375,84.66999816894531,14.770000457763672
2025-02-21,43.84180450439453,78.7253646850586,6013.1298828125,2195.35009765625,4.420000076293945,106.61000061035156,75.5354232788086,103.85040283203125,105.23580169677734,4.197000026702881,70.4000015258789,1.0500562191009521,2937.60009765625,4.559999942779541,149.4080047607422,21.92218589782715,91.83000183105469,18.209999084472656
2025-02-28,42.191627502441406,78.76399230957031,5954.5,2163.070068359375,4.230999946594238,107.61000061035156,75.9906234741211,105.15510559082031,106.6077651977539,4.192999839782715,69.76000213623047,1.039511799812317,2836.800048828125,4.514500141143799,150.01199340820312,21.283676147460938,104.45999908447266,19.6299991607666
2025-03-07,43.373111724853516,81.51561737060547,5770.2001953125,2075.47998046875,4.316999912261963,103.83999633789062,75.6990737915039,104.3124771118164,105.75752258300781,4.197000026702881,67.04000091552734,1.0787951946258545,2904.699951171875,4.683000087738037,148.10800170898438,21.235305786132812,104.41000366210938,23.3700008392334
2025-03-14,43.52934265136719,80.8204574584961,5638.93994140625,2044.0999755859375,4.308000087738037,103.72000122070312,75.15596771240234,103.95616912841797,105.71888732910156,4.188000202178955,67.18000030517578,1.085564136505127,2994.5,4.869500160217285,147.94900512695312,21.25465202331543,101.01000213623047,21.770000457763672
2025-03-21,43.52934265136719,80.7721939086914,5667.56005859375,2056.97998046875,4.251999855041504,104.08999633789062,75.47994232177734,104.73619842529297,106.37589263916016,4.184999942779541,68.27999877929688,1.0856702327728271,3018.199951171875,5.087500095367432,148.5959930419922,21.399770736694336,94.54000091552734,19.280000686645508
2025-03-28,42.738433837890625,79.61360931396484,5580.93994140625,2023.27001953125,4.255000114440918,104.04000091552734,75.07976531982422,104.46656799316406,106.90729522705078,4.188000202178955,69.36000061035156,1.080100178718567,3086.5,5.089960112571717,150.8470001220703,21.467491149902344,96.83000183105469,21.649999618530273
2025-04-04,39.62361526489258,72.430419921875,5074.080078125,1827.030029296875,3.984999895095825,103.0199966430664,73.49193572998047,105.15892028808594,107.54535675048828,4.15500020980835,61.9900016784668,1.1043744087219238,3012.0,4.384500026702881,146.2310028076172,20.267866134643555,125.70999908447266,45.310001373291016
2025-04-11,40.76604080200195,76.24408721923828,5363.35986328125,1860.199951171875,4.493000030517578,99.77999877929688,73.47278594970703,101.72708892822266,104.98799896240234,4.2129998207092285,61.5,1.1257838010787964,3222.199951171875,4.507500171661377,143.7469940185547,20.248516082763672,137.25999450683594,37.560001373291016
2025-04-18,40.932029724121094,78.3005599975586,5282.7001953125,1880.6199951171875,4.333000183105469,99.37999725341797,74.45893096923828,103.1965103149414,106.01871490478516,4.204999923706055,64.68000030517578,1.1396790742874146,3308.699951171875,4.731500148773193,141.92799377441406,20.674190521240234,114.63999938964844,29.649999618530273
2025-04-25,42.42597198486328,81.21631622314453,5525.2099609375,1957.6199951171875,4.265999794006348,99.47000122070312,75.41635131835938,104.39521026611328,106.7868881225586,4.192999839782715,63.02000045776367,1.1371906995773315,3282.39990234375,4.8354997634887695,142.87899780273438,20.65484046936035,105.79000091552734,24.84000015258789
2025-05-02,43.93944549560547,83.12796783447266,5686.669921875,2020.739990234375,4.322000026702881,100.0,75.58175659179688,103.76631927490234,106.544189453125,4.208000183105469,58.290000915527344,1.1296498775482178,3231.89990234375,4.627500057220459,145.447998046875,20.08405113220215,101.4000015258789,22.68000030517578
2025-05-09,43.851566314697266,83.00244903564453,5659.91015625,2023.0699462890625,4.375,100.33999633789062,75.59139251708984,103.47514343261719,106.5832748413086,4.215000152587891,61.02000045776367,1.122422695159912,3335.39990234375,4.611000061035156,146.01499938964844,20.432329177856445,100.4000015258789,21.899999618530273
2025-05-16,45.16974639892578,84.22860717773438,5958.3798828125,2113.25,4.440999984741211,101.08999633789062,76.42861938476562,103.95072937011719,106.38784790039062,4.236999988555908,62.4900016784668,1.1192693710327148,3182.0,4.555500030517578,145.61300659179688,20.500049591064453,96.69999694824219,17.239999771118164
2025-05-23,45.14045715332031,85.0009994506836,5802.81982421875,2039.8499755859375,4.508999824523926,99.11000061035156,75.976318359375,103.15483093261719,106.07518005371094,4.230000019073486,61.529998779296875,1.1281843185424805,3363.60009765625,4.80649995803833,143.85800170898438,20.712886810302734,100.91000366210938,22.290000915527344
2025-05-30,44.44718933105469,85.74441528320312,5911.68994140625,2066.2900390625,4.415999889373779,99.33000183105469,76.57296752929688,104.60101318359375,106.78846740722656,4.23199987411499,60.790000915527344,1.1378376483917236,3288.89990234375,4.652500152587891,143.7790069580078,20.20014190673828,92.11000061035156,18.56999969482422
2025-06-06,45.81419372558594,86.6423110961914,6000.35986328125,2132.25,4.510000228881836,99.19000244140625,76.67545318603516,104.15875244140625,105.86082458496094,4.23199987411499,64.58000183105469,1.1453834772109985,3322.699951171875,4.829999923706055,143.54200744628906,20.945072174072266,89.6500015258789,16.770000457763672
2025-06-13,45.999717712402344,86.1499252319336,5976.97021484375,2100.510009765625,4.423999786376953,98.18000030517578,76.73345947265625,105.00628662109375,106.3799819946289,4.239999771118164,72.9800033569336,1.1600254774093628,3431.199951171875,4.802999973297119,143.19400024414062,21.912511825561523,95.30999755859375,20.81999969482422
2025-06-20,45.67634582519531,84.79350280761719,5967.83984375,2109.27001953125,4.375,98.70999908447266,77.15890502929688,105.34723663330078,107.0558853149414,4.195000171661377,74.93000030517578,1.1512778997421265,3368.10009765625,4.826000213623047,145.21800231933594,22.50265121459961,90.0999984741211,20.6200008392334
2025-06-27,47.4115104675293,87.74993133544922,6173.06982421875,2172.530029296875,4.2829999923706055,97.4000015258789,77.68102264404297,106.19477081298828,107.51628112792969,4.197000026702881,65.5199966430664,1.1692214012145996,3273.699951171875,5.06850004196167,144.69400024414062,21.090187072753906,87.93000030517578,16.31999969482422
2025-07-04,48.07205581665039,87.92672729492188,6279.35009765625,2249.0400390625,4.3480000495910645,97.18000030517578,78.07694244384766,106.63456726074219,107.49566650390625,4.239999771118164,66.5,1.1771491765975952,3332.5,5.018499851226807,144.6820068359375,21.5545597076416,86.08999633789062,16.3799991607666
2025-07-11,47.5791130065918,87.36686706542969,6259.75,2234.830078125,4.422999858856201,97.8499984741211,77.74664306640625,105.67636108398438,107.46617889404297,4.236999988555908,68.44999694824219,1.1702749729156494,3356.0,5.089960112571717,146.28799438476562,21.777070999145508,85.4800033569336,16.399999618530273
2025-07-18,48.38754653930664,86.7873764038086,6296.7900390625,2240.010009765625,4.432000160217285,98.4800033569336,77.96036529541016,105.8816909790039,107.82987976074219,4.230000019073486,67.33999633789062,1.161548137664795,3353.0,5.089960112571717,148.44200134277344,21.796419143676758,83.29000091552734,16.40999984741211
2025-07-25,48.81147384643555,89.13483428955078,6388.64013671875,2261.070068359375,4.386000156402588,97.6500015258789,78.19351959228516,106.56612396240234,107.95765686035156,4.244999885559082,65.16000366210938,1.1756131649017334,3334.0,5.089960112571717,147.0050048828125,21.44814109802246,82.08999633789062,14.930000305175781
2025-08-01,47.519962310791016,85.73641967773438,6238.009765625,2166.780029296875,4.21999979019165,98.69000244140625,78.090576171875,107.6298599243164,108.55316925048828,4.182000160217285,67.33000183105469,1.142374038696289,3347.699951171875,4.412499904632568,150.77200317382812,21.370746612548828,83.83000183105469,20.3799991607666
2025-08-08,48.742462158203125,88.76160430908203,6389.4501953125,2218.419921875,4.284999847412109,98.18000030517578,78.32489013671875,107.41388702392578,108.73052978515625,4.132999897003174,63.880001068115234,1.1676650047302246,3439.10009765625,4.45550012588501,146.83700561523438,21.12888526916504,79.19999694824219,15.149999618530273
2025-08-15,49.235408782958984,90.54920959472656,6449.7998046875,2286.52001953125,4.328000068664551,97.8499984741211,78.55921936035156,107.73786163330078,108.4250717163086,4.111999988555908,62.79999923706055,1.1651345491409302,3336.0,4.478000164031982,147.6909942626953,21.06116485595703,76.66000366210938,15.09000015258789
2025-08-22,49.91567611694336,91.5707015991211,6466.91015625,2361.949951171875,4.260000228881836,97.72000122070312,78.94001007080078,108.18946838378906,109.29216003417969,4.0879998207092285,63.65999984741211,1.16130530834198,3374.39990234375,4.447500228881836,148.38600158691406,21.36107063293457,78.0999984741211,14.220000267028809
2025-08-29,49.15653991699219,89.85184478759766,6460.259765625,2366.419921875,4.2270002365112305,97.7699966430664,78.94978332519531,107.7967758178711,109.53850555419922,4.043000221252441,64.01000213623047,1.1681560277938843,3473.699951171875,4.518499851226807,146.7899932861328,21.48683738708496,79.38999938964844,15.359999656677246
2025-09-05,49.738216400146484,90.15632629394531,6481.5,2391.050048828125,4.085999965667725,97.7699966430664,79.33531951904297,109.5248031616211,110.23773956298828,3.9100000858306885,61.869998931884766,1.1656913757324219,3613.199951171875,4.482500076293945,148.375,21.312700271606445,85.29000091552734,15.180000305175781
2025-09-12,51.52267837524414,91.33496856689453,6584.2900390625,2397.06005859375,4.060999870300293,97.55000305175781,79.4236068725586,110.35237884521484,110.35818916320801,3.927999973297119,62.689998626708984,1.1734747886657715,3649.39990234375,4.588500022888184,147.2239990234375,21.62228012084961,73.37000274658203,14.760000228881836
2025-09-19,52.2620964050293,91.34478759765625,6664.35986328125,2441.8729541015637,4.138999938964844,97.63999938964844,79.59717971801759,110.08636474609375,110.21797180175781,3.878000020980835,62.68000030517578,1.1791062355041504,3671.5,4.568999767303467,147.94700622558594,21.53521156311035,72.51000213623047,15.449999809265137
2025-09-26,51.96632766723633,90.98137664794922,6643.7001953125,2434.320068359375,4.186999797821045,98.1500015258789,79.54133605957031,109.56421661376953,109.8915786743164,3.859999895095825,65.72000122070312,1.166275978088379,3775.300048828125,4.7154998779296875,149.86099243164062,22.067302703857422,74.37999725341797,15.289999961853027
2025-10-03,53.43579872131348,92.69817047119142,6685.446235351566,2441.8729541015637,4.11899995803833,97.72000122070312,79.59717971801759,110.3009262084961,110.02812194824219,3.8580000400543213,60.880001068115234,1.1725116968154907,3880.800048828125,5.058000087738037,147.14999389648438,21.680326461791992,69.52999877929688,16.649999618530273
2025-10-10,51.207191467285156,90.59831237792969,6552.509765625,2394.590087890625,4.051000118255615,98.9800033569336,78.80256652832031,110.10316467285156,110.35818916320801,3.8529999256134033,58.900001525878906,1.156644344329834,3975.89990234375,4.848499774932861,152.96499633789062,21.351396560668945,81.6500015258789,21.65999984741211
2025-10-17,53.41558837890625,92.69817047119142,6664.009765625,2441.8729541015637,4.006999969482422,98.43000030517578,79.5615234375,110.94364929199219,110.35818916320801,3.8320000171661377,57.540000915527344,1.1699601411819458,3989.251931152345,4.93149995803833,150.1199951171875,21.399770736694336,78.62000274658203,20.780000686645508
2025-10-24,53.43579872131348,92.69817047119142,6685.446235351566,2441.8729541015637,3.996999979019165,98.94999694824219,79.59717971801759,111.45781707763672,110.35818916320801,3.763000011444092,61.5,1.1618045568466187,3989.251931152345,5.089960112571717,152.6020050048828,22.106000900268555,68.94000244140625,16.3700008392334
2025-10-31,53.43579872131348,92.69817047119142,6685.446235351566,2441.8729541015637,4.10099983215332,99.80000305175781,79.59717971801759,109.98451232910156,110.3550796508789,3.7179999351501465,60.97999954223633,1.157246708869934,3982.199951171875,5.065499782562256,153.89999389648438,22.13502311706543,66.61000061035156,17.440000534057617
2025-11-07,53.43579872131348,92.62165832519531,6685.446235351566,2432.820068359375,4.0929999351501465,99.5999984741211,79.5809326171875,109.8674087524414,110.23680114746094,3.756999969482422,59.75,1.1549211740493774,3989.251931152345,4.938000202178955,152.947998046875,22.15437126159668,74.41000366210938,19.079999923706055
2025-11-14,53.43579872131348,92.69817047119142,6685.446235351566,2388.22998046875,4.1479997634887695,99.2699966430664,79.47196197509766,109.4109115600586,110.08769989013672,3.7880001068115234,60.09000015258789,1.1631964445114136,3989.251931152345,5.049499988555908,154.63299560546875,22.222091674804688,79.70999908447266,19.829999923706055
2025-11-21,52.350826263427734,91.00102233886719,6602.990234375,2369.590087890625,4.063000202178955,100.18000030517578,79.59717971801759,110.0758056640625,110.35607147216797,3.740000009536743,58.060001373291016,1.1534557342529297,3989.251931152345,5.008500099182129,156.96120468139648,21.796419143676758,78.80999755859375,23.43000030517578
2025-11-28,53.43579872131348,92.69817047119142,6685.446235351566,2441.8729541015637,4.017000198364258,99.45999908447266,79.59717971801759,111.00865936279297,110.35818916320801,3.697000026702881,58.54999923706055,1.1599851846694946,3989.251931152345,5.089960112571717,156.28399658203125,22.309162139892578,68.94999694824219,16.350000381469727
2025-12-05,53.43579872131348,92.69817047119142,6685.446235351566,2441.8729541015637,4.138999938964844,98.98999786376953,79.59717971801759,110.42395782470703,110.108154296875,3.6029999256134033,60.08000183105469,1.1642799377441406,3989.251931152345,5.089960112571717,155.14199829101562,22.570371627807617,67.27999877929688,15.40999984741211
2025-12-12,53.43579872131348,92.69817047119142,6685.446235351566,2441.8729541015637,4.193999767303467,98.4000015258789,79.59717971801759,109.7366714477539,109.88883972167969,3.5250000953674316,57.439998626708984,1.1739431619644165,3989.251931152345,5.089960112571717,155.56700134277344,22.173721313476562,69.25,15.739999771118164
2025-12-19,53.43579872131348,92.69817047119142,6685.446235351566,2441.8729541015637,4.151000022888184,98.5999984741211,79.59717971801759,110.12999725341797,109.94000244140625,3.5220000743865967,56.65999984741211,1.1725666522979736,3989.251931152345,5.089960112571717,155.58599853515625,22.106000900268555,59.40999984741211,14.90999984741211
2025-12-26,53.43579872131348,92.69817047119142,6685.446235351566,2441.8729541015637,4.136000156402588,98.0199966430664,79.59717971801759,110.63999938964844,110.05000305175781,3.5429999828338623,56.7400016784668,1.1785364151000977,3989.251931152345,5.089960112571717,156.08999633789062,22.700000762939453,58.5,13.600000381469727
2026-01-02,53.43579872131348,92.69817047119142,6685.446235351566,2441.8729541015637,4.186999797821045,98.41999816894531,79.59717971801759,110.16000366210938,109.86000061035156,3.5329999923706055,57.31999969482422,1.175046682357788,3989.251931152345,5.089960112571717,156.7310028076172,22.389999389648438,62.36000061035156,14.510000228881836
2026-01-09,53.43579872131348,92.69817047119142,6685.446235351566,2441.8729541015637,4.171000003814697,99.12999725341797,79.59717971801759,110.63999938964844,110.18000030517578,3.513000011444092,59.119998931884766,1.1657865047454834,3989.251931152345,5.089960112571717,156.8800048828125,22.899999618530273,61.54999923706055,14.489999771118164
2026-01-16,53.43579872131348,92.69817047119142,6685.446235351566,2441.8729541015637,4.230999946594238,99.38999938964844,79.59717971801759,110.56999969482422,110.0199966430664,3.556999921798706,59.439998626708984,1.1609008312225342,3989.251931152345,5.089960112571717,156.96120468139648,23.15999984741211,58.04999923706055,15.859999656677246
2026-01-23,53.43579872131348,92.69817047119142,6685.446235351566,2441.8729541015637,4.238999843597412,97.5999984741211,79.59717971801759,110.83999633789062,110.2300033569336,3.5820000171661377,61.06999969482422,1.1754610538482666,3989.251931152345,5.089960112571717,156.96120468139648,24.18000030517578,56.25,16.09000015258789
